shot_number,year,spatial_block_id,spatial_fold,missing_reason
109130200300422075,2020,EPSG5070_50KM_29_24,2,DEM_MASKED
109130200300422151,2020,EPSG5070_50KM_29_24,2,DEM_MASKED
109131100300421450,2020,EPSG5070_50KM_29_24,2,DEM_MASKED
109131100300421696,2020,EPSG5070_50KM_29_24,2,DEM_MASKED
109740500300422171,2020,EPSG5070_50KM_29_24,2,DEM_MASKED
109740600300421858,2020,EPSG5070_50KM_29_24,2,DEM_MASKED
109740600300421932,2020,EPSG5070_50KM_29_23,3,DEM_MASKED
109740800300421078,2020,EPSG5070_50KM_29_24,2,DEM_MASKED
109740800300421120,2020,EPSG5070_50KM_29_24,2,DEM_MASKED
109740800300421139,2020,EPSG5070_50KM_29_24,2,DEM_MASKED
109740800300421183,2020,EPSG5070_50KM_29_23,3,DEM_MASKED
110960800300421756,2020,EPSG5070_50KM_29_23,3,DEM_MASKED
111570000300224721,2020,EPSG5070_50KM_29_24,2,DEM_MASKED
111570200300224865,2020,EPSG5070_50KM_29_24,2,DEM_MASKED
111570500300219589,2020,EPSG5070_50KM_29_24,2,DEM_MASKED
111570500300219591,2020,EPSG5070_50KM_29_24,2,DEM_MASKED
111570600300623605,2020,EPSG5070_50KM_29_24,2,DEM_MASKED
111571100300219478,2020,EPSG5070_50KM_29_24,2,DEM_MASKED
112790000300422380,2020,EPSG5070_50KM_29_24,2,DEM_MASKED
112790500300422596,2020,EPSG5070_50KM_29_23,3,DEM_MASKED
112790600300422104,2020,EPSG5070_50KM_29_23,3,DEM_MASKED
115640300200252502,2020,EPSG5070_50KM_31_26,0,DEM_MASKED
115640500200252280,2020,EPSG5070_50KM_31_26,0,DEM_MASKED
115640500200252285,2020,EPSG5070_50KM_31_26,0,DEM_MASKED
115640500200252286,2020,EPSG5070_50KM_31_26,0,DEM_MASKED
115640500200252292,2020,EPSG5070_50KM_31_26,0,DEM_MASKED
115640500200252293,2020,EPSG5070_50KM_31_26,0,DEM_MASKED
115640500200252315,2020,EPSG5070_50KM_31_26,0,DEM_MASKED
115640500200252316,2020,EPSG5070_50KM_31_26,0,DEM_MASKED
115640500200252324,2020,EPSG5070_50KM_31_26,0,DEM_MASKED
115640500200252572,2020,EPSG5070_50KM_31_27,4,DEM_MASKED
115640500200252573,2020,EPSG5070_50KM_31_27,4,DEM_MASKED
115640500200252574,2020,EPSG5070_50KM_31_27,4,DEM_MASKED
115640500200252575,2020,EPSG5070_50KM_31_27,4,DEM_MASKED
115640500200252576,2020,EPSG5070_50KM_31_27,4,DEM_MASKED
115640500200252577,2020,EPSG5070_50KM_31_27,4,DEM_MASKED
115640500200252579,2020,EPSG5070_50KM_31_27,4,DEM_MASKED
115640500200252580,2020,EPSG5070_50KM_31_27,4,DEM_MASKED
115640500200252582,2020,EPSG5070_50KM_31_27,4,DEM_MASKED
115640500200252584,2020,EPSG5070_50KM_31_27,4,DEM_MASKED
115640500200252585,2020,EPSG5070_50KM_31_27,4,DEM_MASKED
115640500200252586,2020,EPSG5070_50KM_31_27,4,DEM_MASKED
115640500200252587,2020,EPSG5070_50KM_31_27,4,DEM_MASKED
115640500200252588,2020,EPSG5070_50KM_31_27,4,DEM_MASKED
115640500200252592,2020,EPSG5070_50KM_31_27,4,DEM_MASKED
115640600200252344,2020,EPSG5070_50KM_31_26,0,DEM_MASKED
115640600200252346,2020,EPSG5070_50KM_31_26,0,DEM_MASKED
115640600200252347,2020,EPSG5070_50KM_31_26,0,DEM_MASKED
115640600200252358,2020,EPSG5070_50KM_31_26,0,DEM_MASKED
115640600200252362,2020,EPSG5070_50KM_31_26,0,DEM_MASKED
115640600200252368,2020,EPSG5070_50KM_31_26,0,DEM_MASKED
115640600200252369,2020,EPSG5070_50KM_31_26,0,DEM_MASKED
115640600200252375,2020,EPSG5070_50KM_31_26,0,DEM_MASKED
115640600200252378,2020,EPSG5070_50KM_31_26,0,DEM_MASKED
115640600200252666,2020,EPSG5070_50KM_31_27,4,DEM_MASKED
115640600200252667,2020,EPSG5070_50KM_31_27,4,DEM_MASKED
115640600200252668,2020,EPSG5070_50KM_31_27,4,DEM_MASKED
115640800200252316,2020,EPSG5070_50KM_31_26,0,DEM_MASKED
115640800200252331,2020,EPSG5070_50KM_31_26,0,DEM_MASKED
115640800200252332,2020,EPSG5070_50KM_31_26,0,DEM_MASKED
115640800200252341,2020,EPSG5070_50KM_31_26,0,DEM_MASKED
115640800200252597,2020,EPSG5070_50KM_31_27,4,DEM_MASKED
115640800200252599,2020,EPSG5070_50KM_31_27,4,DEM_MASKED
115640800200252601,2020,EPSG5070_50KM_31_27,4,DEM_MASKED
115640800200252603,2020,EPSG5070_50KM_31_27,4,DEM_MASKED
115640800200252605,2020,EPSG5070_50KM_31_27,4,DEM_MASKED
115640800200252608,2020,EPSG5070_50KM_31_27,4,DEM_MASKED
115640800200252609,2020,EPSG5070_50KM_31_27,4,DEM_MASKED
115640800200252610,2020,EPSG5070_50KM_31_27,4,DEM_MASKED
115640800200252611,2020,EPSG5070_50KM_31_27,4,DEM_MASKED
115640800200252612,2020,EPSG5070_50KM_31_27,4,DEM_MASKED
115640800200252613,2020,EPSG5070_50KM_31_27,4,DEM_MASKED
115640800200252614,2020,EPSG5070_50KM_31_27,4,DEM_MASKED
115640800200252615,2020,EPSG5070_50KM_31_27,4,DEM_MASKED
115640800200252619,2020,EPSG5070_50KM_31_27,4,DEM_MASKED
115640800200252620,2020,EPSG5070_50KM_31_27,4,DEM_MASKED
115640800200252621,2020,EPSG5070_50KM_31_27,4,DEM_MASKED
115640800200252622,2020,EPSG5070_50KM_31_27,4,DEM_MASKED
115640800200252623,2020,EPSG5070_50KM_31_27,4,DEM_MASKED
115640800200252626,2020,EPSG5070_50KM_31_27,4,DEM_MASKED
115640800200252629,2020,EPSG5070_50KM_31_27,4,DEM_MASKED
115640800200252630,2020,EPSG5070_50KM_31_27,4,DEM_MASKED
115640800200252631,2020,EPSG5070_50KM_31_27,4,DEM_MASKED
115640800200252632,2020,EPSG5070_50KM_31_27,4,DEM_MASKED
115640800200252633,2020,EPSG5070_50KM_31_27,4,DEM_MASKED
115640800200252634,2020,EPSG5070_50KM_31_27,4,DEM_MASKED
115640800200252635,2020,EPSG5070_50KM_31_27,4,DEM_MASKED
115640800200252636,2020,EPSG5070_50KM_31_27,4,DEM_MASKED
115640800200252638,2020,EPSG5070_50KM_31_27,4,DEM_MASKED
115640800200252640,2020,EPSG5070_50KM_31_27,4,DEM_MASKED
115640800200252641,2020,EPSG5070_50KM_31_27,4,DEM_MASKED
115640800200252642,2020,EPSG5070_50KM_31_27,4,DEM_MASKED
115640800200252643,2020,EPSG5070_50KM_31_27,4,DEM_MASKED
115641100200252228,2020,EPSG5070_50KM_31_26,0,DEM_MASKED
115641100200252678,2020,EPSG5070_50KM_31_27,4,DEM_MASKED
115641100200252679,2020,EPSG5070_50KM_31_27,4,DEM_MASKED
115641100200252680,2020,EPSG5070_50KM_31_27,4,DEM_MASKED
115641100200252681,2020,EPSG5070_50KM_31_27,4,DEM_MASKED
115641100200252682,2020,EPSG5070_50KM_31_27,4,DEM_MASKED
115641100200252706,2020,EPSG5070_50KM_31_27,4,DEM_MASKED
115641100200252711,2020,EPSG5070_50KM_31_27,4,DEM_MASKED
115641100200252712,2020,EPSG5070_50KM_31_27,4,DEM_MASKED
115641100200252715,2020,EPSG5070_50KM_31_27,4,DEM_MASKED
115641100200252717,2020,EPSG5070_50KM_31_27,4,DEM_MASKED
115641100200252718,2020,EPSG5070_50KM_31_27,4,DEM_MASKED
115641100200252719,2020,EPSG5070_50KM_31_27,4,DEM_MASKED
115641100200252720,2020,EPSG5070_50KM_31_27,4,DEM_MASKED
115641100200252721,2020,EPSG5070_50KM_31_27,4,DEM_MASKED
115641100200252724,2020,EPSG5070_50KM_31_27,4,DEM_MASKED
115641100200252725,2020,EPSG5070_50KM_31_27,4,DEM_MASKED
115641100200252726,2020,EPSG5070_50KM_31_27,4,DEM_MASKED
115641100200252728,2020,EPSG5070_50KM_31_27,4,DEM_MASKED
115840000300226807,2020,EPSG5070_50KM_30_24,3,DEM_MASKED
115840100300222009,2020,EPSG5070_50KM_30_24,3,DEM_MASKED
115840100300222130,2020,EPSG5070_50KM_30_24,3,DEM_MASKED
115840200300227086,2020,EPSG5070_50KM_30_24,3,DEM_MASKED
115840200300227236,2020,EPSG5070_50KM_30_24,3,DEM_MASKED
115840300300222105,2020,EPSG5070_50KM_30_24,3,DEM_MASKED
115840300300222133,2020,EPSG5070_50KM_30_24,3,DEM_MASKED
115840500300221848,2020,EPSG5070_50KM_30_24,3,DEM_MASKED
115840500300221851,2020,EPSG5070_50KM_30_24,3,DEM_MASKED
115840500300221953,2020,EPSG5070_50KM_30_24,3,DEM_MASKED
115840600300622588,2020,EPSG5070_50KM_30_24,3,DEM_MASKED
115840600300622592,2020,EPSG5070_50KM_30_24,3,DEM_MASKED
115840600300622611,2020,EPSG5070_50KM_30_24,3,DEM_MASKED
115840600300622738,2020,EPSG5070_50KM_30_24,3,DEM_MASKED
115840600300622849,2020,EPSG5070_50KM_30_24,3,DEM_MASKED
115840600300622855,2020,EPSG5070_50KM_30_24,3,DEM_MASKED
115840800300226848,2020,EPSG5070_50KM_30_24,3,DEM_MASKED
115840800300226852,2020,EPSG5070_50KM_30_24,3,DEM_MASKED
115840800300226855,2020,EPSG5070_50KM_30_24,3,DEM_MASKED
115840800300226881,2020,EPSG5070_50KM_30_24,3,DEM_MASKED
115840800300226882,2020,EPSG5070_50KM_30_24,3,DEM_MASKED
115840800300226883,2020,EPSG5070_50KM_30_24,3,DEM_MASKED
115840800300226922,2020,EPSG5070_50KM_30_24,3,DEM_MASKED
115840800300226923,2020,EPSG5070_50KM_30_24,3,DEM_MASKED
115840800300226929,2020,EPSG5070_50KM_30_24,3,DEM_MASKED
115840800300226973,2020,EPSG5070_50KM_30_24,3,DEM_MASKED
115840800300226991,2020,EPSG5070_50KM_30_24,3,DEM_MASKED
115840800300227017,2020,EPSG5070_50KM_30_24,3,DEM_MASKED
115840800300227018,2020,EPSG5070_50KM_30_24,3,DEM_MASKED
115840800300227020,2020,EPSG5070_50KM_30_24,3,DEM_MASKED
115840800300227023,2020,EPSG5070_50KM_30_24,3,DEM_MASKED
115840800300227025,2020,EPSG5070_50KM_30_24,3,DEM_MASKED
115841100300221594,2020,EPSG5070_50KM_30_24,3,DEM_MASKED
115841100300221599,2020,EPSG5070_50KM_30_24,3,DEM_MASKED
115841100300221682,2020,EPSG5070_50KM_30_24,3,DEM_MASKED
115841100300221686,2020,EPSG5070_50KM_30_24,3,DEM_MASKED
115841100300221724,2020,EPSG5070_50KM_30_24,3,DEM_MASKED
115841100300221870,2020,EPSG5070_50KM_30_24,3,DEM_MASKED
116860500200250108,2021,EPSG5070_50KM_29_24,2,DEM_MASKED
116860600200249863,2021,EPSG5070_50KM_29_24,2,DEM_MASKED
116861100200249657,2021,EPSG5070_50KM_29_24,2,DEM_MASKED
116861100200249672,2021,EPSG5070_50KM_29_24,2,DEM_MASKED
118690100200243977,2021,EPSG5070_50KM_26_19,1,DEM_MASKED
118690500200243539,2021,EPSG5070_50KM_26_19,1,DEM_MASKED
118690600200243684,2021,EPSG5070_50KM_26_19,1,DEM_MASKED
118690600200243760,2021,EPSG5070_50KM_26_19,1,DEM_MASKED
118690600200243910,2021,EPSG5070_50KM_26_19,1,DEM_MASKED
118690800200243761,2021,EPSG5070_50KM_26_19,1,DEM_MASKED
118690800200243867,2021,EPSG5070_50KM_26_19,1,DEM_MASKED
118690800200243877,2021,EPSG5070_50KM_26_19,1,DEM_MASKED
118691100200243632,2021,EPSG5070_50KM_26_19,1,DEM_MASKED
118691100200243646,2021,EPSG5070_50KM_26_19,1,DEM_MASKED
118691100200243712,2021,EPSG5070_50KM_26_19,1,DEM_MASKED
118691100200243853,2021,EPSG5070_50KM_26_19,1,DEM_MASKED
118691100200243969,2021,EPSG5070_50KM_26_19,1,DEM_MASKED
119300000200244093,2021,EPSG5070_50KM_27_19,1,DEM_MASKED
119300100200243696,2021,EPSG5070_50KM_26_19,1,DEM_MASKED
119300100200243821,2021,EPSG5070_50KM_27_19,1,DEM_MASKED
119300100200243825,2021,EPSG5070_50KM_27_19,1,DEM_MASKED
119300100200243994,2021,EPSG5070_50KM_27_19,1,DEM_MASKED
119300200200244121,2021,EPSG5070_50KM_27_19,1,DEM_MASKED
119300300200243992,2021,EPSG5070_50KM_27_19,1,DEM_MASKED
119300500200243726,2021,EPSG5070_50KM_26_19,1,DEM_MASKED
119300500200243765,2021,EPSG5070_50KM_26_19,1,DEM_MASKED
119300500200243912,2021,EPSG5070_50KM_27_19,1,DEM_MASKED
119300500200244008,2021,EPSG5070_50KM_27_19,1,DEM_MASKED
119300500200244191,2021,EPSG5070_50KM_27_19,1,DEM_MASKED
119300600200243551,2021,EPSG5070_50KM_26_19,1,DEM_MASKED
119300600200243607,2021,EPSG5070_50KM_26_19,1,DEM_MASKED
119300600200243739,2021,EPSG5070_50KM_27_19,1,DEM_MASKED
119300600200243747,2021,EPSG5070_50KM_27_19,1,DEM_MASKED
119300600200243886,2021,EPSG5070_50KM_27_19,1,DEM_MASKED
119300600200243931,2021,EPSG5070_50KM_27_19,1,DEM_MASKED
119300800200243597,2021,EPSG5070_50KM_26_19,1,DEM_MASKED
119300800200243817,2021,EPSG5070_50KM_27_19,1,DEM_MASKED
119300800200243869,2021,EPSG5070_50KM_27_19,1,DEM_MASKED
119300800200243873,2021,EPSG5070_50KM_27_19,1,DEM_MASKED
119300800200244026,2021,EPSG5070_50KM_27_19,1,DEM_MASKED
119301100200243765,2021,EPSG5070_50KM_27_19,1,DEM_MASKED
119301100200243776,2021,EPSG5070_50KM_27_19,1,DEM_MASKED
119301100200243959,2021,EPSG5070_50KM_27_19,1,DEM_MASKED
119301100200243965,2021,EPSG5070_50KM_27_19,1,DEM_MASKED
119301100200243981,2021,EPSG5070_50KM_27_19,1,DEM_MASKED
119301100200244033,2021,EPSG5070_50KM_27_19,1,DEM_MASKED
119301100200244045,2021,EPSG5070_50KM_27_19,1,DEM_MASKED
119301100200244088,2021,EPSG5070_50KM_27_19,1,DEM_MASKED
119911100200243893,2021,EPSG5070_50KM_26_19,1,DEM_MASKED
124990600300421808,2021,EPSG5070_50KM_29_23,3,DEM_MASKED
124990800300421447,2021,EPSG5070_50KM_29_24,2,DEM_MASKED
138560300300418944,2021,EPSG5070_50KM_31_27,4,DEM_MASKED
138560300300419004,2021,EPSG5070_50KM_31_27,4,DEM_MASKED
138560500300418919,2021,EPSG5070_50KM_31_27,4,DEM_MASKED
138560500300418920,2021,EPSG5070_50KM_31_27,4,DEM_MASKED
138560500300419096,2021,EPSG5070_50KM_31_27,4,DEM_MASKED
138560500300419128,2021,EPSG5070_50KM_31_27,4,DEM_MASKED
138560500300419155,2021,EPSG5070_50KM_31_27,4,DEM_MASKED
138560500300419172,2021,EPSG5070_50KM_31_27,4,DEM_MASKED
138560500300419247,2021,EPSG5070_50KM_31_26,0,DEM_MASKED
138560600300418251,2021,EPSG5070_50KM_31_27,4,DEM_MASKED
138560600300418261,2021,EPSG5070_50KM_31_27,4,DEM_MASKED
138560600300418264,2021,EPSG5070_50KM_31_27,4,DEM_MASKED
138560600300418322,2021,EPSG5070_50KM_31_27,4,DEM_MASKED
138560600300418326,2021,EPSG5070_50KM_31_27,4,DEM_MASKED
138560600300418363,2021,EPSG5070_50KM_31_27,4,DEM_MASKED
138560600300418392,2021,EPSG5070_50KM_31_27,4,DEM_MASKED
138560600300418408,2021,EPSG5070_50KM_31_27,4,DEM_MASKED
138560600300418492,2021,EPSG5070_50KM_31_27,4,DEM_MASKED
138560600300418500,2021,EPSG5070_50KM_31_27,4,DEM_MASKED
138560600300418512,2021,EPSG5070_50KM_31_26,0,DEM_MASKED
138560600300418549,2021,EPSG5070_50KM_31_26,0,DEM_MASKED
138560600300418563,2021,EPSG5070_50KM_31_26,0,DEM_MASKED
138560800300417975,2021,EPSG5070_50KM_31_27,4,DEM_MASKED
138560800300418033,2021,EPSG5070_50KM_31_27,4,DEM_MASKED
138560800300418059,2021,EPSG5070_50KM_31_27,4,DEM_MASKED
138560800300418161,2021,EPSG5070_50KM_31_27,4,DEM_MASKED
138560800300418226,2021,EPSG5070_50KM_31_26,0,DEM_MASKED
138560800300418247,2021,EPSG5070_50KM_31_26,0,DEM_MASKED
138561100300418691,2021,EPSG5070_50KM_31_27,4,DEM_MASKED
138561100300418716,2021,EPSG5070_50KM_31_27,4,DEM_MASKED
138561100300418722,2021,EPSG5070_50KM_31_27,4,DEM_MASKED
138561100300418746,2021,EPSG5070_50KM_31_27,4,DEM_MASKED
138561100300418772,2021,EPSG5070_50KM_31_27,4,DEM_MASKED
138561100300418774,2021,EPSG5070_50KM_31_27,4,DEM_MASKED
138561100300418790,2021,EPSG5070_50KM_31_27,4,DEM_MASKED
138561100300418796,2021,EPSG5070_50KM_31_27,4,DEM_MASKED
138561100300418799,2021,EPSG5070_50KM_31_27,4,DEM_MASKED
138561100300418810,2021,EPSG5070_50KM_31_27,4,DEM_MASKED
138561100300418813,2021,EPSG5070_50KM_31_27,4,DEM_MASKED
138561100300418821,2021,EPSG5070_50KM_31_27,4,DEM_MASKED
138561100300418900,2021,EPSG5070_50KM_31_26,0,DEM_MASKED
138561100300418974,2021,EPSG5070_50KM_31_26,0,DEM_MASKED
139170000300227167,2021,EPSG5070_50KM_31_27,4,DEM_MASKED
139170000300227282,2021,EPSG5070_50KM_31_27,4,DEM_MASKED
139170000300227401,2021,EPSG5070_50KM_31_26,0,DEM_MASKED
139170200300227852,2021,EPSG5070_50KM_31_26,0,DEM_MASKED
139170200300227859,2021,EPSG5070_50KM_31_26,0,DEM_MASKED
139170300300222392,2021,EPSG5070_50KM_31_27,4,DEM_MASKED
139170300300222679,2021,EPSG5070_50KM_31_26,0,DEM_MASKED
139170500300222249,2021,EPSG5070_50KM_31_27,4,DEM_MASKED
139170500300222256,2021,EPSG5070_50KM_31_27,4,DEM_MASKED
139170500300222264,2021,EPSG5070_50KM_31_27,4,DEM_MASKED
139170500300222372,2021,EPSG5070_50KM_31_27,4,DEM_MASKED
139170500300222433,2021,EPSG5070_50KM_31_26,0,DEM_MASKED
139170500300222446,2021,EPSG5070_50KM_31_26,0,DEM_MASKED
139170500300222513,2021,EPSG5070_50KM_31_26,0,DEM_MASKED
139170500300222520,2021,EPSG5070_50KM_31_26,0,DEM_MASKED
139170500300222560,2021,EPSG5070_50KM_31_26,0,DEM_MASKED
139170500300222565,2021,EPSG5070_50KM_31_26,0,DEM_MASKED
139170500300222647,2021,EPSG5070_50KM_31_26,0,DEM_MASKED
139170500300222666,2021,EPSG5070_50KM_31_26,0,DEM_MASKED
139170500300222669,2021,EPSG5070_50KM_31_26,0,DEM_MASKED
139170500300222673,2021,EPSG5070_50KM_31_26,0,DEM_MASKED
139170500300222676,2021,EPSG5070_50KM_31_26,0,DEM_MASKED
139170500300222682,2021,EPSG5070_50KM_31_26,0,DEM_MASKED
139170500300222714,2021,EPSG5070_50KM_31_26,0,DEM_MASKED
139170500300222726,2021,EPSG5070_50KM_31_26,0,DEM_MASKED
139170600300614562,2021,EPSG5070_50KM_31_27,4,DEM_MASKED
139170600300614588,2021,EPSG5070_50KM_31_27,4,DEM_MASKED
139170600300614608,2021,EPSG5070_50KM_31_27,4,DEM_MASKED
139170600300614635,2021,EPSG5070_50KM_31_27,4,DEM_MASKED
139170600300614649,2021,EPSG5070_50KM_31_27,4,DEM_MASKED
139170600300614827,2021,EPSG5070_50KM_31_26,0,DEM_MASKED
139170600300614884,2021,EPSG5070_50KM_31_26,0,DEM_MASKED
139170600300615008,2021,EPSG5070_50KM_31_26,0,DEM_MASKED
139170600300615014,2021,EPSG5070_50KM_31_26,0,DEM_MASKED
139170600300615047,2021,EPSG5070_50KM_31_26,0,DEM_MASKED
139170800300226801,2021,EPSG5070_50KM_31_27,4,DEM_MASKED
139170800300227035,2021,EPSG5070_50KM_31_26,0,DEM_MASKED
139170800300227082,2021,EPSG5070_50KM_31_26,0,DEM_MASKED
139170800300227094,2021,EPSG5070_50KM_31_26,0,DEM_MASKED
139170800300227108,2021,EPSG5070_50KM_31_26,0,DEM_MASKED
139170800300227194,2021,EPSG5070_50KM_31_26,0,DEM_MASKED
139170800300227216,2021,EPSG5070_50KM_31_26,0,DEM_MASKED
139170800300227243,2021,EPSG5070_50KM_31_26,0,DEM_MASKED
139171100300221749,2021,EPSG5070_50KM_31_27,4,DEM_MASKED
139171100300221758,2021,EPSG5070_50KM_31_27,4,DEM_MASKED
139171100300221779,2021,EPSG5070_50KM_31_27,4,DEM_MASKED
139171100300221783,2021,EPSG5070_50KM_31_27,4,DEM_MASKED
139171100300221806,2021,EPSG5070_50KM_31_27,4,DEM_MASKED
139171100300221849,2021,EPSG5070_50KM_31_27,4,DEM_MASKED
139171100300221851,2021,EPSG5070_50KM_31_27,4,DEM_MASKED
139171100300221913,2021,EPSG5070_50KM_31_26,0,DEM_MASKED
139171100300221955,2021,EPSG5070_50KM_31_26,0,DEM_MASKED
139171100300222014,2021,EPSG5070_50KM_31_26,0,DEM_MASKED
139171100300222030,2021,EPSG5070_50KM_31_26,0,DEM_MASKED
139171100300222079,2021,EPSG5070_50KM_31_26,0,DEM_MASKED
139171100300222081,2021,EPSG5070_50KM_31_26,0,DEM_MASKED
139171100300222093,2021,EPSG5070_50KM_31_26,0,DEM_MASKED
139171100300222200,2021,EPSG5070_50KM_31_26,0,DEM_MASKED
139171100300222203,2021,EPSG5070_50KM_31_26,0,DEM_MASKED
139171100300222206,2021,EPSG5070_50KM_31_26,0,DEM_MASKED
139780100300419027,2021,EPSG5070_50KM_31_26,0,DEM_MASKED
139780300300418934,2021,EPSG5070_50KM_31_26,0,DEM_MASKED
139780300300419034,2021,EPSG5070_50KM_31_26,0,DEM_MASKED
139780500300419565,2021,EPSG5070_50KM_31_26,0,DEM_MASKED
139780800300417977,2021,EPSG5070_50KM_31_26,0,DEM_MASKED
139780800300418015,2021,EPSG5070_50KM_31_26,0,DEM_MASKED
139780800300418040,2021,EPSG5070_50KM_31_26,0,DEM_MASKED
139780800300418089,2021,EPSG5070_50KM_31_26,0,DEM_MASKED
139780800300418090,2021,EPSG5070_50KM_31_26,0,DEM_MASKED
139780800300418098,2021,EPSG5070_50KM_31_26,0,DEM_MASKED
139781100300418554,2021,EPSG5070_50KM_31_26,0,DEM_MASKED
139781100300418606,2021,EPSG5070_50KM_31_26,0,DEM_MASKED
139781100300418630,2021,EPSG5070_50KM_31_26,0,DEM_MASKED
139781100300418675,2021,EPSG5070_50KM_31_26,0,DEM_MASKED
139781100300418676,2021,EPSG5070_50KM_31_26,0,DEM_MASKED
139781100300418691,2021,EPSG5070_50KM_31_26,0,DEM_MASKED
139781100300418764,2021,EPSG5070_50KM_31_26,0,DEM_MASKED
141460000300427578,2021,EPSG5070_50KM_27_19,1,DEM_MASKED
141460100300427524,2021,EPSG5070_50KM_27_19,1,DEM_MASKED
141460300300427580,2021,EPSG5070_50KM_27_19,1,DEM_MASKED
141460500300427423,2021,EPSG5070_50KM_27_19,1,DEM_MASKED
141460500300427434,2021,EPSG5070_50KM_27_19,1,DEM_MASKED
141460500300427530,2021,EPSG5070_50KM_27_19,1,DEM_MASKED
141460500300427558,2021,EPSG5070_50KM_27_19,1,DEM_MASKED
141460500300427602,2021,EPSG5070_50KM_27_19,1,DEM_MASKED
141460500300427643,2021,EPSG5070_50KM_27_19,1,DEM_MASKED
141460500300427655,2021,EPSG5070_50KM_27_19,1,DEM_MASKED
141460500300427692,2021,EPSG5070_50KM_27_19,1,DEM_MASKED
141460500300427710,2021,EPSG5070_50KM_27_19,1,DEM_MASKED
141460500300427860,2021,EPSG5070_50KM_27_19,1,DEM_MASKED
141460500300427878,2021,EPSG5070_50KM_27_19,1,DEM_MASKED
141460600300426815,2021,EPSG5070_50KM_27_19,1,DEM_MASKED
141460600300426834,2021,EPSG5070_50KM_27_19,1,DEM_MASKED
141460600300426987,2021,EPSG5070_50KM_27_19,1,DEM_MASKED
141460600300426999,2021,EPSG5070_50KM_27_19,1,DEM_MASKED
141460600300427002,2021,EPSG5070_50KM_27_19,1,DEM_MASKED
141460600300427129,2021,EPSG5070_50KM_27_19,1,DEM_MASKED
141460600300427189,2021,EPSG5070_50KM_27_19,1,DEM_MASKED
141460600300427306,2021,EPSG5070_50KM_27_19,1,DEM_MASKED
141460600300427552,2021,EPSG5070_50KM_27_19,1,DEM_MASKED
141460600300427553,2021,EPSG5070_50KM_27_19,1,DEM_MASKED
141460800300426665,2021,EPSG5070_50KM_27_19,1,DEM_MASKED
141460800300426666,2021,EPSG5070_50KM_27_19,1,DEM_MASKED
141460800300426689,2021,EPSG5070_50KM_27_19,1,DEM_MASKED
141460800300426755,2021,EPSG5070_50KM_27_19,1,DEM_MASKED
141461100300426922,2021,EPSG5070_50KM_27_19,1,DEM_MASKED
141461100300426931,2021,EPSG5070_50KM_27_19,1,DEM_MASKED
141461100300426969,2021,EPSG5070_50KM_27_19,1,DEM_MASKED
141461100300427035,2021,EPSG5070_50KM_27_19,1,DEM_MASKED
141461100300427066,2021,EPSG5070_50KM_27_19,1,DEM_MASKED
141461100300427134,2021,EPSG5070_50KM_27_19,1,DEM_MASKED
141461100300427174,2021,EPSG5070_50KM_27_19,1,DEM_MASKED
143850000200243603,2021,EPSG5070_50KM_27_19,1,DEM_MASKED
143850000200243629,2021,EPSG5070_50KM_27_19,1,DEM_MASKED
143850100200243673,2021,EPSG5070_50KM_27_19,1,DEM_MASKED
143850100200243697,2021,EPSG5070_50KM_27_19,1,DEM_MASKED
143850100200243707,2021,EPSG5070_50KM_27_19,1,DEM_MASKED
143850200200243558,2021,EPSG5070_50KM_27_19,1,DEM_MASKED
143850200200243650,2021,EPSG5070_50KM_27_19,1,DEM_MASKED
143850300200243728,2021,EPSG5070_50KM_27_19,1,DEM_MASKED
143850300200243925,2021,EPSG5070_50KM_27_19,1,DEM_MASKED
143850300200243933,2021,EPSG5070_50KM_27_19,1,DEM_MASKED
143850500200243639,2021,EPSG5070_50KM_27_19,1,DEM_MASKED
143850500200243641,2021,EPSG5070_50KM_27_19,1,DEM_MASKED
143850500200243708,2021,EPSG5070_50KM_27_19,1,DEM_MASKED
143850500200243734,2021,EPSG5070_50KM_27_19,1,DEM_MASKED
143850500200243738,2021,EPSG5070_50KM_27_19,1,DEM_MASKED
143850500200243788,2021,EPSG5070_50KM_27_19,1,DEM_MASKED
143850500200244002,2021,EPSG5070_50KM_27_19,1,DEM_MASKED
143850500200244010,2021,EPSG5070_50KM_27_19,1,DEM_MASKED
143850500200244053,2021,EPSG5070_50KM_27_19,1,DEM_MASKED
143850600200243369,2021,EPSG5070_50KM_27_19,1,DEM_MASKED
143850600200243738,2021,EPSG5070_50KM_27_19,1,DEM_MASKED
143850800200243248,2021,EPSG5070_50KM_27_19,1,DEM_MASKED
143850800200243313,2021,EPSG5070_50KM_27_19,1,DEM_MASKED
143851100200243328,2021,EPSG5070_50KM_27_19,1,DEM_MASKED
143851100200243380,2021,EPSG5070_50KM_27_19,1,DEM_MASKED
145070000200249255,2021,EPSG5070_50KM_29_24,2,DEM_MASKED
145070000200249303,2021,EPSG5070_50KM_29_24,2,DEM_MASKED
145070000200251294,2021,EPSG5070_50KM_31_26,0,DEM_MASKED
145070000200251639,2021,EPSG5070_50KM_31_26,0,DEM_MASKED
145070000200251650,2021,EPSG5070_50KM_31_26,0,DEM_MASKED
145070000200251692,2021,EPSG5070_50KM_31_26,0,DEM_MASKED
145070000200251767,2021,EPSG5070_50KM_31_26,0,DEM_MASKED
145070000200251788,2021,EPSG5070_50KM_31_26,0,DEM_MASKED
145070000200251790,2021,EPSG5070_50KM_31_26,0,DEM_MASKED
145070000200251821,2021,EPSG5070_50KM_31_26,0,DEM_MASKED
145070000200251897,2021,EPSG5070_50KM_31_27,4,DEM_MASKED
145070000200251919,2021,EPSG5070_50KM_31_27,4,DEM_MASKED
145070000200251952,2021,EPSG5070_50KM_31_27,4,DEM_MASKED
145070100200249157,2021,EPSG5070_50KM_29_24,2,DEM_MASKED
145070100200249213,2021,EPSG5070_50KM_29_24,2,DEM_MASKED
145070100200249292,2021,EPSG5070_50KM_29_24,2,DEM_MASKED
145070100200251595,2021,EPSG5070_50KM_31_26,0,DEM_MASKED
145070100200251603,2021,EPSG5070_50KM_31_26,0,DEM_MASKED
145070100200251659,2021,EPSG5070_50KM_31_26,0,DEM_MASKED
145070100200251662,2021,EPSG5070_50KM_31_26,0,DEM_MASKED
145070100200251716,2021,EPSG5070_50KM_31_26,0,DEM_MASKED
145070100200251745,2021,EPSG5070_50KM_31_26,0,DEM_MASKED
145070100200251881,2021,EPSG5070_50KM_31_27,4,DEM_MASKED
145070100200251885,2021,EPSG5070_50KM_31_27,4,DEM_MASKED
145070100200251934,2021,EPSG5070_50KM_31_27,4,DEM_MASKED
145070200200249321,2021,EPSG5070_50KM_29_24,2,DEM_MASKED
145070200200251371,2021,EPSG5070_50KM_31_26,0,DEM_MASKED
145070200200251639,2021,EPSG5070_50KM_31_26,0,DEM_MASKED
145070200200251840,2021,EPSG5070_50KM_31_26,0,DEM_MASKED
145070200200251868,2021,EPSG5070_50KM_31_26,0,DEM_MASKED
145070200200251933,2021,EPSG5070_50KM_31_27,4,DEM_MASKED
145070200200251950,2021,EPSG5070_50KM_31_27,4,DEM_MASKED
145070200200251974,2021,EPSG5070_50KM_31_27,4,DEM_MASKED
145070300200249271,2021,EPSG5070_50KM_29_24,2,DEM_MASKED
145070300200249327,2021,EPSG5070_50KM_29_24,2,DEM_MASKED
145070300200251289,2021,EPSG5070_50KM_31_26,0,DEM_MASKED
145070300200251340,2021,EPSG5070_50KM_31_26,0,DEM_MASKED
145070300200251488,2021,EPSG5070_50KM_31_26,0,DEM_MASKED
145070300200251645,2021,EPSG5070_50KM_31_26,0,DEM_MASKED
145070300200251917,2021,EPSG5070_50KM_31_27,4,DEM_MASKED
145070300200251953,2021,EPSG5070_50KM_31_27,4,DEM_MASKED
145070500200249456,2021,EPSG5070_50KM_29_24,2,DEM_MASKED
145070500200249519,2021,EPSG5070_50KM_29_24,2,DEM_MASKED
145070500200249537,2021,EPSG5070_50KM_29_24,2,DEM_MASKED
145070500200251477,2021,EPSG5070_50KM_31_26,0,DEM_MASKED
145070500200251674,2021,EPSG5070_50KM_31_26,0,DEM_MASKED
145070500200251822,2021,EPSG5070_50KM_31_26,0,DEM_MASKED
145070500200251827,2021,EPSG5070_50KM_31_26,0,DEM_MASKED
145070500200251832,2021,EPSG5070_50KM_31_26,0,DEM_MASKED
145070500200251842,2021,EPSG5070_50KM_31_26,0,DEM_MASKED
145070500200252071,2021,EPSG5070_50KM_31_26,0,DEM_MASKED
145070500200252073,2021,EPSG5070_50KM_31_26,0,DEM_MASKED
145070500200252082,2021,EPSG5070_50KM_31_26,0,DEM_MASKED
145070500200252154,2021,EPSG5070_50KM_31_27,4,DEM_MASKED
145070500200252171,2021,EPSG5070_50KM_31_27,4,DEM_MASKED
145070500200252179,2021,EPSG5070_50KM_31_27,4,DEM_MASKED
145070500200252190,2021,EPSG5070_50KM_31_27,4,DEM_MASKED
145070500200252199,2021,EPSG5070_50KM_31_27,4,DEM_MASKED
145070600200248762,2021,EPSG5070_50KM_29_24,2,DEM_MASKED
145070600200248894,2021,EPSG5070_50KM_29_24,2,DEM_MASKED
145070600200249050,2021,EPSG5070_50KM_29_24,2,DEM_MASKED
145070600200250964,2021,EPSG5070_50KM_31_26,0,DEM_MASKED
145070600200250968,2021,EPSG5070_50KM_31_26,0,DEM_MASKED
145070600200251025,2021,EPSG5070_50KM_31_26,0,DEM_MASKED
145070600200251090,2021,EPSG5070_50KM_31_26,0,DEM_MASKED
145070600200251128,2021,EPSG5070_50KM_31_26,0,DEM_MASKED
145070600200251131,2021,EPSG5070_50KM_31_26,0,DEM_MASKED
145070600200251363,2021,EPSG5070_50KM_31_26,0,DEM_MASKED
145070600200251402,2021,EPSG5070_50KM_31_26,0,DEM_MASKED
145070600200251433,2021,EPSG5070_50KM_31_26,0,DEM_MASKED
145070600200251455,2021,EPSG5070_50KM_31_26,0,DEM_MASKED
145070600200251479,2021,EPSG5070_50KM_31_26,0,DEM_MASKED
145070600200251516,2021,EPSG5070_50KM_31_26,0,DEM_MASKED
145070600200251574,2021,EPSG5070_50KM_31_26,0,DEM_MASKED
145070600200251592,2021,EPSG5070_50KM_31_26,0,DEM_MASKED
145070600200251615,2021,EPSG5070_50KM_31_27,4,DEM_MASKED
145070600200251631,2021,EPSG5070_50KM_31_27,4,DEM_MASKED
145070600200251640,2021,EPSG5070_50KM_31_27,4,DEM_MASKED
145070600200251646,2021,EPSG5070_50KM_31_27,4,DEM_MASKED
145070600200251654,2021,EPSG5070_50KM_31_27,4,DEM_MASKED
145070800200248677,2021,EPSG5070_50KM_29_24,2,DEM_MASKED
145070800200248763,2021,EPSG5070_50KM_29_24,2,DEM_MASKED
145070800200250723,2021,EPSG5070_50KM_31_26,0,DEM_MASKED
145070800200250740,2021,EPSG5070_50KM_31_26,0,DEM_MASKED
145070800200250759,2021,EPSG5070_50KM_31_26,0,DEM_MASKED
145070800200250915,2021,EPSG5070_50KM_31_26,0,DEM_MASKED
145070800200251097,2021,EPSG5070_50KM_31_26,0,DEM_MASKED
145070800200251138,2021,EPSG5070_50KM_31_26,0,DEM_MASKED
145070800200251149,2021,EPSG5070_50KM_31_26,0,DEM_MASKED
145070800200251156,2021,EPSG5070_50KM_31_26,0,DEM_MASKED
145070800200251169,2021,EPSG5070_50KM_31_26,0,DEM_MASKED
145070800200251170,2021,EPSG5070_50KM_31_26,0,DEM_MASKED
145070800200251174,2021,EPSG5070_50KM_31_26,0,DEM_MASKED
145070800200251253,2021,EPSG5070_50KM_31_26,0,DEM_MASKED
145070800200251270,2021,EPSG5070_50KM_31_26,0,DEM_MASKED
145070800200251282,2021,EPSG5070_50KM_31_26,0,DEM_MASKED
145070800200251286,2021,EPSG5070_50KM_31_26,0,DEM_MASKED
145070800200251412,2021,EPSG5070_50KM_31_26,0,DEM_MASKED
145070800200251461,2021,EPSG5070_50KM_31_27,4,DEM_MASKED
145070800200251462,2021,EPSG5070_50KM_31_27,4,DEM_MASKED
145070800200251467,2021,EPSG5070_50KM_31_27,4,DEM_MASKED
145070800200251488,2021,EPSG5070_50KM_31_27,4,DEM_MASKED
145070800200251500,2021,EPSG5070_50KM_31_27,4,DEM_MASKED
145070800200251504,2021,EPSG5070_50KM_31_27,4,DEM_MASKED
145071100200248914,2021,EPSG5070_50KM_29_24,2,DEM_MASKED
145071100200249107,2021,EPSG5070_50KM_29_24,2,DEM_MASKED
145071100200249113,2021,EPSG5070_50KM_29_24,2,DEM_MASKED
145071100200249123,2021,EPSG5070_50KM_29_24,2,DEM_MASKED
145071100200249174,2021,EPSG5070_50KM_30_24,3,DEM_MASKED
145071100200249177,2021,EPSG5070_50KM_30_24,3,DEM_MASKED
145071100200250944,2021,EPSG5070_50KM_31_26,0,DEM_MASKED
145071100200250957,2021,EPSG5070_50KM_31_26,0,DEM_MASKED
145071100200251025,2021,EPSG5070_50KM_31_26,0,DEM_MASKED
145071100200251048,2021,EPSG5070_50KM_31_26,0,DEM_MASKED
145071100200251074,2021,EPSG5070_50KM_31_26,0,DEM_MASKED
145071100200251171,2021,EPSG5070_50KM_31_26,0,DEM_MASKED
145071100200251178,2021,EPSG5070_50KM_31_26,0,DEM_MASKED
145071100200251459,2021,EPSG5070_50KM_31_26,0,DEM_MASKED
145071100200251487,2021,EPSG5070_50KM_31_26,0,DEM_MASKED
145071100200251540,2021,EPSG5070_50KM_31_26,0,DEM_MASKED
145071100200251543,2021,EPSG5070_50KM_31_26,0,DEM_MASKED
145071100200251589,2021,EPSG5070_50KM_31_26,0,DEM_MASKED
145071100200251620,2021,EPSG5070_50KM_31_26,0,DEM_MASKED
145071100200251638,2021,EPSG5070_50KM_31_26,0,DEM_MASKED
145071100200251641,2021,EPSG5070_50KM_31_26,0,DEM_MASKED
145071100200251704,2021,EPSG5070_50KM_31_27,4,DEM_MASKED
145071100200251713,2021,EPSG5070_50KM_31_27,4,DEM_MASKED
145880000300421660,2021,EPSG5070_50KM_30_24,3,DEM_MASKED
145880000300421711,2021,EPSG5070_50KM_30_24,3,DEM_MASKED
145880000300421801,2021,EPSG5070_50KM_30_24,3,DEM_MASKED
145880000300421817,2021,EPSG5070_50KM_30_24,3,DEM_MASKED
145880200300421714,2021,EPSG5070_50KM_30_24,3,DEM_MASKED
145880200300421744,2021,EPSG5070_50KM_30_24,3,DEM_MASKED
145880200300421751,2021,EPSG5070_50KM_30_24,3,DEM_MASKED
145880200300421757,2021,EPSG5070_50KM_30_24,3,DEM_MASKED
145880200300421759,2021,EPSG5070_50KM_30_24,3,DEM_MASKED
145880300300421703,2021,EPSG5070_50KM_30_24,3,DEM_MASKED
145880300300421706,2021,EPSG5070_50KM_30_24,3,DEM_MASKED
145880300300421722,2021,EPSG5070_50KM_30_24,3,DEM_MASKED
145880300300421850,2021,EPSG5070_50KM_30_24,3,DEM_MASKED
145880500300421731,2021,EPSG5070_50KM_29_24,2,DEM_MASKED
145880500300421755,2021,EPSG5070_50KM_29_24,2,DEM_MASKED
145880500300421757,2021,EPSG5070_50KM_29_24,2,DEM_MASKED
145880500300421758,2021,EPSG5070_50KM_29_24,2,DEM_MASKED
145880500300421779,2021,EPSG5070_50KM_29_24,2,DEM_MASKED
145880500300421855,2021,EPSG5070_50KM_30_24,3,DEM_MASKED
145880500300421869,2021,EPSG5070_50KM_30_24,3,DEM_MASKED
145880500300421900,2021,EPSG5070_50KM_30_24,3,DEM_MASKED
145880500300421932,2021,EPSG5070_50KM_30_24,3,DEM_MASKED
145880600300421042,2021,EPSG5070_50KM_29_24,2,DEM_MASKED
145880600300421176,2021,EPSG5070_50KM_30_24,3,DEM_MASKED
145880600300421209,2021,EPSG5070_50KM_30_24,3,DEM_MASKED
145880600300421213,2021,EPSG5070_50KM_30_24,3,DEM_MASKED
145880600300421215,2021,EPSG5070_50KM_30_24,3,DEM_MASKED
145880800300420853,2021,EPSG5070_50KM_29_24,2,DEM_MASKED
145880800300420934,2021,EPSG5070_50KM_29_24,2,DEM_MASKED
145880800300421066,2021,EPSG5070_50KM_30_24,3,DEM_MASKED
145880800300421075,2021,EPSG5070_50KM_30_24,3,DEM_MASKED
145880800300421094,2021,EPSG5070_50KM_30_24,3,DEM_MASKED
145880800300421098,2021,EPSG5070_50KM_30_24,3,DEM_MASKED
145880800300421105,2021,EPSG5070_50KM_30_24,3,DEM_MASKED
145880800300421107,2021,EPSG5070_50KM_30_24,3,DEM_MASKED
145880800300421114,2021,EPSG5070_50KM_30_24,3,DEM_MASKED
145880800300421123,2021,EPSG5070_50KM_30_24,3,DEM_MASKED
145880800300421129,2021,EPSG5070_50KM_30_24,3,DEM_MASKED
145880800300421131,2021,EPSG5070_50KM_30_24,3,DEM_MASKED
145880800300421142,2021,EPSG5070_50KM_30_24,3,DEM_MASKED
145880800300421253,2021,EPSG5070_50KM_30_24,3,DEM_MASKED
145880800300421255,2021,EPSG5070_50KM_30_24,3,DEM_MASKED
145881100300420989,2021,EPSG5070_50KM_29_24,2,DEM_MASKED
145881100300421001,2021,EPSG5070_50KM_29_24,2,DEM_MASKED
145881100300421025,2021,EPSG5070_50KM_29_24,2,DEM_MASKED
145881100300421115,2021,EPSG5070_50KM_29_24,2,DEM_MASKED
145881100300421199,2021,EPSG5070_50KM_30_24,3,DEM_MASKED
145881100300421238,2021,EPSG5070_50KM_30_24,3,DEM_MASKED
145881100300421285,2021,EPSG5070_50KM_30_24,3,DEM_MASKED
145881100300421292,2021,EPSG5070_50KM_30_24,3,DEM_MASKED
146490500300422607,2021,EPSG5070_50KM_29_24,2,DEM_MASKED
146490500300422673,2021,EPSG5070_50KM_29_24,2,DEM_MASKED
146490500300422881,2021,EPSG5070_50KM_29_24,2,DEM_MASKED
146490600300422503,2021,EPSG5070_50KM_29_24,2,DEM_MASKED
146490600300422733,2021,EPSG5070_50KM_29_24,2,DEM_MASKED
146490800300422230,2021,EPSG5070_50KM_29_24,2,DEM_MASKED
146491100300422375,2021,EPSG5070_50KM_29_24,2,DEM_MASKED
146491100300422600,2021,EPSG5070_50KM_29_24,2,DEM_MASKED
146491100300422650,2021,EPSG5070_50KM_29_24,2,DEM_MASKED
146491100300422676,2021,EPSG5070_50KM_29_24,2,DEM_MASKED
150761100300424125,2021,EPSG5070_50KM_28_22,0,DEM_MASKED
153960000300418758,2021,EPSG5070_50KM_31_27,4,DEM_MASKED
153960000300418767,2021,EPSG5070_50KM_31_27,4,DEM_MASKED
153960000300418809,2021,EPSG5070_50KM_31_27,4,DEM_MASKED
153960200300418931,2021,EPSG5070_50KM_31_27,4,DEM_MASKED
153960300300418821,2021,EPSG5070_50KM_31_27,4,DEM_MASKED
153960300300418876,2021,EPSG5070_50KM_31_27,4,DEM_MASKED
153960300300418899,2021,EPSG5070_50KM_31_26,0,DEM_MASKED
153960300300418976,2021,EPSG5070_50KM_31_26,0,DEM_MASKED
153960300300418980,2021,EPSG5070_50KM_31_26,0,DEM_MASKED
153960300300419273,2021,EPSG5070_50KM_31_26,0,DEM_MASKED
153960500300418902,2021,EPSG5070_50KM_31_27,4,DEM_MASKED
153960500300419038,2021,EPSG5070_50KM_31_26,0,DEM_MASKED
153960500300419271,2021,EPSG5070_50KM_31_26,0,DEM_MASKED
153960600300418214,2021,EPSG5070_50KM_31_27,4,DEM_MASKED
153960600300418230,2021,EPSG5070_50KM_31_27,4,DEM_MASKED
153960600300418255,2021,EPSG5070_50KM_31_27,4,DEM_MASKED
153960600300418305,2021,EPSG5070_50KM_31_27,4,DEM_MASKED
153960600300418358,2021,EPSG5070_50KM_31_26,0,DEM_MASKED
153960800300418078,2021,EPSG5070_50KM_31_27,4,DEM_MASKED
153960800300418100,2021,EPSG5070_50KM_31_27,4,DEM_MASKED
153960800300418103,2021,EPSG5070_50KM_31_27,4,DEM_MASKED
153960800300418411,2021,EPSG5070_50KM_31_26,0,DEM_MASKED
153960800300418569,2021,EPSG5070_50KM_31_26,0,DEM_MASKED
153961100300418463,2021,EPSG5070_50KM_31_27,4,DEM_MASKED
153961100300418489,2021,EPSG5070_50KM_31_27,4,DEM_MASKED
153961100300418495,2021,EPSG5070_50KM_31_27,4,DEM_MASKED
153961100300418526,2021,EPSG5070_50KM_31_26,0,DEM_MASKED
153961100300418540,2021,EPSG5070_50KM_31_26,0,DEM_MASKED
153961100300418584,2021,EPSG5070_50KM_31_26,0,DEM_MASKED
153961100300418870,2021,EPSG5070_50KM_31_26,0,DEM_MASKED
153961100300418887,2021,EPSG5070_50KM_31_26,0,DEM_MASKED
153961100300419006,2021,EPSG5070_50KM_31_26,0,DEM_MASKED
154570100300420028,2021,EPSG5070_50KM_31_26,0,DEM_MASKED
154570500300420362,2021,EPSG5070_50KM_31_26,0,DEM_MASKED
154570600300419550,2021,EPSG5070_50KM_31_26,0,DEM_MASKED
154570800300419470,2021,EPSG5070_50KM_31_26,0,DEM_MASKED
154570800300419483,2021,EPSG5070_50KM_31_26,0,DEM_MASKED
154571100300419719,2021,EPSG5070_50KM_31_26,0,DEM_MASKED
154571100300419728,2021,EPSG5070_50KM_31_26,0,DEM_MASKED
154571100300419798,2021,EPSG5070_50KM_31_26,0,DEM_MASKED
154571100300419839,2021,EPSG5070_50KM_31_26,0,DEM_MASKED
155030100300427627,2021,EPSG5070_50KM_26_19,1,DEM_MASKED
155030100300427646,2021,EPSG5070_50KM_26_19,1,DEM_MASKED
155030300300427792,2021,EPSG5070_50KM_26_19,1,DEM_MASKED
155030500300428052,2021,EPSG5070_50KM_26_19,1,DEM_MASKED
155030600300427098,2021,EPSG5070_50KM_26_19,1,DEM_MASKED
155030600300427109,2021,EPSG5070_50KM_26_19,1,DEM_MASKED
155030600300427139,2021,EPSG5070_50KM_26_19,1,DEM_MASKED
155030800300427029,2021,EPSG5070_50KM_26_19,1,DEM_MASKED
155031100300427433,2021,EPSG5070_50KM_26_19,1,DEM_MASKED
155031100300427449,2021,EPSG5070_50KM_26_19,1,DEM_MASKED
155031100300427474,2021,EPSG5070_50KM_26_19,1,DEM_MASKED
155590200200243767,2021,EPSG5070_50KM_26_19,1,DEM_MASKED
155590300200243821,2021,EPSG5070_50KM_27_19,1,DEM_MASKED
155590500200243853,2021,EPSG5070_50KM_27_19,1,DEM_MASKED
155590500200243908,2021,EPSG5070_50KM_27_19,1,DEM_MASKED
155590600200243511,2021,EPSG5070_50KM_27_19,1,DEM_MASKED
155590600200243516,2021,EPSG5070_50KM_27_19,1,DEM_MASKED
155590600200243518,2021,EPSG5070_50KM_27_19,1,DEM_MASKED
155590600200243573,2021,EPSG5070_50KM_27_19,1,DEM_MASKED
155590600200243581,2021,EPSG5070_50KM_27_19,1,DEM_MASKED
155590800200243465,2021,EPSG5070_50KM_27_19,1,DEM_MASKED
155590800200243506,2021,EPSG5070_50KM_27_19,1,DEM_MASKED
155590800200243594,2021,EPSG5070_50KM_27_19,1,DEM_MASKED
155591100200243735,2021,EPSG5070_50KM_27_19,1,DEM_MASKED
155591100200243756,2021,EPSG5070_50KM_27_19,1,DEM_MASKED
155591100200243783,2021,EPSG5070_50KM_27_19,1,DEM_MASKED
155591100200243885,2021,EPSG5070_50KM_27_19,1,DEM_MASKED
155591100200244058,2021,EPSG5070_50KM_27_19,1,DEM_MASKED
155591100200244116,2021,EPSG5070_50KM_27_19,1,DEM_MASKED
156400500300422109,2021,EPSG5070_50KM_30_24,3,DEM_MASKED
160060500300424657,2021,EPSG5070_50KM_28_21,2,DEM_MASKED
160060600300424518,2021,EPSG5070_50KM_28_21,2,DEM_MASKED
160060800300424525,2021,EPSG5070_50KM_28_21,2,DEM_MASKED
160061100300424543,2021,EPSG5070_50KM_28_21,2,DEM_MASKED
160670300300216726,2021,EPSG5070_50KM_28_22,0,DEM_MASKED
160670500300216582,2021,EPSG5070_50KM_28_22,0,DEM_MASKED
160670600300633369,2021,EPSG5070_50KM_28_22,0,DEM_MASKED
160670600300633381,2021,EPSG5070_50KM_28_22,0,DEM_MASKED
163870100300419854,2021,EPSG5070_50KM_31_27,4,DEM_MASKED
163870200300419878,2021,EPSG5070_50KM_31_27,4,DEM_MASKED
163870200300419886,2021,EPSG5070_50KM_31_27,4,DEM_MASKED
163870200300419947,2021,EPSG5070_50KM_31_27,4,DEM_MASKED
163870600300419363,2021,EPSG5070_50KM_31_26,0,DEM_MASKED
164940000300427910,2021,EPSG5070_50KM_27_19,1,DEM_MASKED
164940100300427863,2021,EPSG5070_50KM_27_19,1,DEM_MASKED
164940200300428108,2021,EPSG5070_50KM_27_19,1,DEM_MASKED
164940500300428288,2021,EPSG5070_50KM_27_19,1,DEM_MASKED
164940500300428449,2021,EPSG5070_50KM_27_19,1,DEM_MASKED
164940600300427180,2021,EPSG5070_50KM_27_19,1,DEM_MASKED
164940600300427192,2021,EPSG5070_50KM_27_19,1,DEM_MASKED
164940800300426767,2021,EPSG5070_50KM_27_19,1,DEM_MASKED
164940800300426799,2021,EPSG5070_50KM_27_19,1,DEM_MASKED
164941100300427243,2021,EPSG5070_50KM_27_19,1,DEM_MASKED
164941100300427255,2021,EPSG5070_50KM_27_19,1,DEM_MASKED
165550000300428433,2021,EPSG5070_50KM_27_19,1,DEM_MASKED
165550000300428462,2021,EPSG5070_50KM_27_19,1,DEM_MASKED
165550100300428390,2021,EPSG5070_50KM_27_19,1,DEM_MASKED
165550100300428426,2021,EPSG5070_50KM_27_19,1,DEM_MASKED
165550200300428416,2021,EPSG5070_50KM_27_19,1,DEM_MASKED
165550200300428425,2021,EPSG5070_50KM_27_19,1,DEM_MASKED
165550300300427759,2021,EPSG5070_50KM_26_19,1,DEM_MASKED
165550300300428408,2021,EPSG5070_50KM_27_19,1,DEM_MASKED
165550500300428412,2021,EPSG5070_50KM_26_19,1,DEM_MASKED
165550500300428473,2021,EPSG5070_50KM_26_19,1,DEM_MASKED
165550500300428702,2021,EPSG5070_50KM_27_19,1,DEM_MASKED
165550600300427346,2021,EPSG5070_50KM_26_19,1,DEM_MASKED
165550600300427385,2021,EPSG5070_50KM_26_19,1,DEM_MASKED
165550600300427540,2021,EPSG5070_50KM_26_19,1,DEM_MASKED
165550800300426934,2021,EPSG5070_50KM_26_19,1,DEM_MASKED
165550800300427088,2021,EPSG5070_50KM_26_19,1,DEM_MASKED
165550800300427117,2021,EPSG5070_50KM_26_19,1,DEM_MASKED
165551100300427279,2021,EPSG5070_50KM_26_19,1,DEM_MASKED
165551100300427423,2021,EPSG5070_50KM_26_19,1,DEM_MASKED
165551100300427459,2021,EPSG5070_50KM_26_19,1,DEM_MASKED
165551100300427514,2021,EPSG5070_50KM_26_19,1,DEM_MASKED
166720000200249659,2021,EPSG5070_50KM_29_24,2,DEM_MASKED
166720000200249880,2021,EPSG5070_50KM_30_24,3,DEM_MASKED
166720000200252421,2021,EPSG5070_50KM_31_26,0,DEM_MASKED
166720000200252426,2021,EPSG5070_50KM_31_26,0,DEM_MASKED
166720100200247119,2021,EPSG5070_50KM_28_22,0,DEM_MASKED
166720100200249667,2021,EPSG5070_50KM_29_24,2,DEM_MASKED
166720100200252396,2021,EPSG5070_50KM_31_26,0,DEM_MASKED
166720100200252434,2021,EPSG5070_50KM_31_26,0,DEM_MASKED
166720200200249852,2021,EPSG5070_50KM_30_24,3,DEM_MASKED
166720200200249861,2021,EPSG5070_50KM_30_24,3,DEM_MASKED
166720200200249871,2021,EPSG5070_50KM_30_24,3,DEM_MASKED
166720300200249842,2021,EPSG5070_50KM_30_24,3,DEM_MASKED
166720300200252340,2021,EPSG5070_50KM_31_26,0,DEM_MASKED
166720500200247249,2021,EPSG5070_50KM_28_21,2,DEM_MASKED
166720500200247263,2021,EPSG5070_50KM_28_21,2,DEM_MASKED
166720500200247266,2021,EPSG5070_50KM_28_21,2,DEM_MASKED
166720500200247269,2021,EPSG5070_50KM_28_21,2,DEM_MASKED
166720500200249612,2021,EPSG5070_50KM_29_24,2,DEM_MASKED
166720500200249874,2021,EPSG5070_50KM_30_24,3,DEM_MASKED
166720500200249885,2021,EPSG5070_50KM_30_24,3,DEM_MASKED
166720500200249999,2021,EPSG5070_50KM_30_24,3,DEM_MASKED
166720500200250002,2021,EPSG5070_50KM_30_24,3,DEM_MASKED
166720500200250016,2021,EPSG5070_50KM_30_24,3,DEM_MASKED
166720500200250020,2021,EPSG5070_50KM_30_24,3,DEM_MASKED
166720500200252554,2021,EPSG5070_50KM_31_26,0,DEM_MASKED
166720500200252555,2021,EPSG5070_50KM_31_26,0,DEM_MASKED
166720500200252557,2021,EPSG5070_50KM_31_26,0,DEM_MASKED
166720500200252560,2021,EPSG5070_50KM_31_26,0,DEM_MASKED
166720600200246764,2021,EPSG5070_50KM_28_21,2,DEM_MASKED
166720600200246767,2021,EPSG5070_50KM_28_21,2,DEM_MASKED
166720600200246770,2021,EPSG5070_50KM_28_21,2,DEM_MASKED
166720600200246894,2021,EPSG5070_50KM_28_21,2,DEM_MASKED
166720600200249323,2021,EPSG5070_50KM_29_24,2,DEM_MASKED
166720600200249343,2021,EPSG5070_50KM_29_24,2,DEM_MASKED
166720600200249359,2021,EPSG5070_50KM_29_24,2,DEM_MASKED
166720600200249449,2021,EPSG5070_50KM_30_24,3,DEM_MASKED
166720600200249502,2021,EPSG5070_50KM_30_24,3,DEM_MASKED
166720600200249504,2021,EPSG5070_50KM_30_24,3,DEM_MASKED
166720600200249542,2021,EPSG5070_50KM_30_24,3,DEM_MASKED
166720600200249551,2021,EPSG5070_50KM_30_24,3,DEM_MASKED
166720600200249639,2021,EPSG5070_50KM_30_24,3,DEM_MASKED
166720600200249645,2021,EPSG5070_50KM_30_24,3,DEM_MASKED
166720600200249652,2021,EPSG5070_50KM_30_24,3,DEM_MASKED
166720600200252136,2021,EPSG5070_50KM_31_26,0,DEM_MASKED
166720600200252139,2021,EPSG5070_50KM_31_26,0,DEM_MASKED
166720800200246583,2021,EPSG5070_50KM_28_21,2,DEM_MASKED
166720800200246586,2021,EPSG5070_50KM_28_21,2,DEM_MASKED
166720800200246589,2021,EPSG5070_50KM_28_21,2,DEM_MASKED
166720800200246591,2021,EPSG5070_50KM_28_21,2,DEM_MASKED
166720800200246596,2021,EPSG5070_50KM_28_21,2,DEM_MASKED
166720800200246597,2021,EPSG5070_50KM_28_21,2,DEM_MASKED
166720800200246600,2021,EPSG5070_50KM_28_21,2,DEM_MASKED
166720800200246602,2021,EPSG5070_50KM_28_21,2,DEM_MASKED
166720800200246606,2021,EPSG5070_50KM_28_21,2,DEM_MASKED
166720800200246609,2021,EPSG5070_50KM_28_21,2,DEM_MASKED
166720800200246611,2021,EPSG5070_50KM_28_21,2,DEM_MASKED
166720800200246614,2021,EPSG5070_50KM_28_21,2,DEM_MASKED
166720800200246616,2021,EPSG5070_50KM_28_21,2,DEM_MASKED
166720800200246617,2021,EPSG5070_50KM_28_21,2,DEM_MASKED
166720800200246618,2021,EPSG5070_50KM_28_21,2,DEM_MASKED
166720800200246619,2021,EPSG5070_50KM_28_21,2,DEM_MASKED
166720800200246620,2021,EPSG5070_50KM_28_21,2,DEM_MASKED
166720800200246629,2021,EPSG5070_50KM_28_21,2,DEM_MASKED
166720800200248840,2021,EPSG5070_50KM_29_23,3,DEM_MASKED
166720800200249063,2021,EPSG5070_50KM_29_24,2,DEM_MASKED
166720800200249213,2021,EPSG5070_50KM_29_24,2,DEM_MASKED
166720800200249315,2021,EPSG5070_50KM_30_24,3,DEM_MASKED
166720800200249355,2021,EPSG5070_50KM_30_24,3,DEM_MASKED
166720800200249378,2021,EPSG5070_50KM_30_24,3,DEM_MASKED
166720800200249387,2021,EPSG5070_50KM_30_24,3,DEM_MASKED
166720800200249460,2021,EPSG5070_50KM_30_24,3,DEM_MASKED
166720800200249519,2021,EPSG5070_50KM_30_24,3,DEM_MASKED
166720800200249523,2021,EPSG5070_50KM_30_24,3,DEM_MASKED
166720800200252026,2021,EPSG5070_50KM_31_26,0,DEM_MASKED
166721100200249082,2021,EPSG5070_50KM_29_23,3,DEM_MASKED
166721100200249603,2021,EPSG5070_50KM_30_24,3,DEM_MASKED
166721100200249612,2021,EPSG5070_50KM_30_24,3,DEM_MASKED
166721100200249627,2021,EPSG5070_50KM_30_24,3,DEM_MASKED
166721100200249715,2021,EPSG5070_50KM_30_24,3,DEM_MASKED
166721100200249723,2021,EPSG5070_50KM_30_24,3,DEM_MASKED
166721100200249724,2021,EPSG5070_50KM_30_24,3,DEM_MASKED
166721100200252218,2021,EPSG5070_50KM_31_26,0,DEM_MASKED
168140500300220242,2021,EPSG5070_50KM_29_23,3,DEM_MASKED
168140600300625208,2021,EPSG5070_50KM_29_23,3,DEM_MASKED
173430000200249158,2022,EPSG5070_50KM_29_24,2,DEM_MASKED
173430000200251620,2022,EPSG5070_50KM_31_26,0,DEM_MASKED
173430000200251889,2022,EPSG5070_50KM_31_26,0,DEM_MASKED
173430100200249377,2022,EPSG5070_50KM_29_24,2,DEM_MASKED
173430100200251972,2022,EPSG5070_50KM_31_26,0,DEM_MASKED
173430100200252044,2022,EPSG5070_50KM_31_27,4,DEM_MASKED
173430100200252052,2022,EPSG5070_50KM_31_27,4,DEM_MASKED
173430200200251736,2022,EPSG5070_50KM_31_26,0,DEM_MASKED
173430300200252070,2022,EPSG5070_50KM_31_27,4,DEM_MASKED
173430500200248912,2022,EPSG5070_50KM_29_24,2,DEM_MASKED
173430500200249114,2022,EPSG5070_50KM_29_24,2,DEM_MASKED
173430500200249422,2022,EPSG5070_50KM_30_24,3,DEM_MASKED
173430500200251967,2022,EPSG5070_50KM_31_26,0,DEM_MASKED
173430500200252031,2022,EPSG5070_50KM_31_26,0,DEM_MASKED
173430500200252059,2022,EPSG5070_50KM_31_26,0,DEM_MASKED
173430600200246500,2022,EPSG5070_50KM_28_21,2,DEM_MASKED
173430600200246501,2022,EPSG5070_50KM_28_21,2,DEM_MASKED
173430600200249261,2022,EPSG5070_50KM_29_24,2,DEM_MASKED
173430600200249268,2022,EPSG5070_50KM_30_24,3,DEM_MASKED
173430600200249299,2022,EPSG5070_50KM_30_24,3,DEM_MASKED
173430600200249332,2022,EPSG5070_50KM_30_24,3,DEM_MASKED
173430600200249336,2022,EPSG5070_50KM_30_24,3,DEM_MASKED
173430600200249363,2022,EPSG5070_50KM_30_24,3,DEM_MASKED
173430600200251928,2022,EPSG5070_50KM_31_26,0,DEM_MASKED
173430600200251952,2022,EPSG5070_50KM_31_26,0,DEM_MASKED
173430800200246323,2022,EPSG5070_50KM_28_21,2,DEM_MASKED
173430800200246324,2022,EPSG5070_50KM_28_21,2,DEM_MASKED
173430800200246325,2022,EPSG5070_50KM_28_21,2,DEM_MASKED
173430800200246329,2022,EPSG5070_50KM_28_21,2,DEM_MASKED
173430800200248495,2022,EPSG5070_50KM_29_23,3,DEM_MASKED
173430800200248555,2022,EPSG5070_50KM_29_24,2,DEM_MASKED
173430800200248921,2022,EPSG5070_50KM_29_24,2,DEM_MASKED
173430800200248974,2022,EPSG5070_50KM_30_24,3,DEM_MASKED
173430800200249048,2022,EPSG5070_50KM_30_24,3,DEM_MASKED
173430800200249054,2022,EPSG5070_50KM_30_24,3,DEM_MASKED
173430800200249058,2022,EPSG5070_50KM_30_24,3,DEM_MASKED
173430800200249083,2022,EPSG5070_50KM_30_24,3,DEM_MASKED
173430800200249088,2022,EPSG5070_50KM_30_24,3,DEM_MASKED
173430800200251521,2022,EPSG5070_50KM_31_26,0,DEM_MASKED
173430800200251621,2022,EPSG5070_50KM_31_26,0,DEM_MASKED
173430800200251659,2022,EPSG5070_50KM_31_26,0,DEM_MASKED
173431100200246591,2022,EPSG5070_50KM_28_21,2,DEM_MASKED
173431100200248763,2022,EPSG5070_50KM_29_24,2,DEM_MASKED
173431100200248808,2022,EPSG5070_50KM_29_24,2,DEM_MASKED
173431100200249063,2022,EPSG5070_50KM_29_24,2,DEM_MASKED
173431100200249139,2022,EPSG5070_50KM_29_24,2,DEM_MASKED
173431100200249236,2022,EPSG5070_50KM_30_24,3,DEM_MASKED
173431100200249304,2022,EPSG5070_50KM_30_24,3,DEM_MASKED
173431100200249309,2022,EPSG5070_50KM_30_24,3,DEM_MASKED
173431100200249313,2022,EPSG5070_50KM_30_24,3,DEM_MASKED
173431100200249315,2022,EPSG5070_50KM_30_24,3,DEM_MASKED
173431100200249400,2022,EPSG5070_50KM_30_24,3,DEM_MASKED
173431100200249470,2022,EPSG5070_50KM_30_24,3,DEM_MASKED
173431100200251889,2022,EPSG5070_50KM_31_26,0,DEM_MASKED
174850000300419554,2022,EPSG5070_50KM_31_26,0,DEM_MASKED
174850500300419539,2022,EPSG5070_50KM_31_26,0,DEM_MASKED
174850500300419554,2022,EPSG5070_50KM_31_26,0,DEM_MASKED
174850500300419601,2022,EPSG5070_50KM_31_26,0,DEM_MASKED
174851100300419153,2022,EPSG5070_50KM_31_26,0,DEM_MASKED
177140300300424540,2022,EPSG5070_50KM_28_21,2,DEM_MASKED
177140600300423757,2022,EPSG5070_50KM_28_21,2,DEM_MASKED
177140600300423761,2022,EPSG5070_50KM_28_21,2,DEM_MASKED
177140600300423762,2022,EPSG5070_50KM_28_21,2,DEM_MASKED
177140800300423370,2022,EPSG5070_50KM_28_21,2,DEM_MASKED
177140800300423377,2022,EPSG5070_50KM_28_21,2,DEM_MASKED
177140800300423382,2022,EPSG5070_50KM_28_21,2,DEM_MASKED
177141100300424005,2022,EPSG5070_50KM_28_21,2,DEM_MASKED
177141100300424046,2022,EPSG5070_50KM_28_21,2,DEM_MASKED
177141100300424053,2022,EPSG5070_50KM_28_21,2,DEM_MASKED
180600500200243863,2022,EPSG5070_50KM_27_19,1,DEM_MASKED
180600500200243897,2022,EPSG5070_50KM_27_19,1,DEM_MASKED
180600600200243792,2022,EPSG5070_50KM_27_19,1,DEM_MASKED
180600800200243645,2022,EPSG5070_50KM_27_19,1,DEM_MASKED
180600800200243752,2022,EPSG5070_50KM_27_19,1,DEM_MASKED
180600800200243761,2022,EPSG5070_50KM_27_19,1,DEM_MASKED
180600800200243763,2022,EPSG5070_50KM_27_19,1,DEM_MASKED
180601100200243999,2022,EPSG5070_50KM_27_19,1,DEM_MASKED
181260100300427219,2022,EPSG5070_50KM_27_19,1,DEM_MASKED
181260100300427366,2022,EPSG5070_50KM_27_19,1,DEM_MASKED
181260200300427280,2022,EPSG5070_50KM_27_19,1,DEM_MASKED
181260200300427513,2022,EPSG5070_50KM_27_19,1,DEM_MASKED
181260300300427640,2022,EPSG5070_50KM_27_19,1,DEM_MASKED
181260500300427308,2022,EPSG5070_50KM_27_19,1,DEM_MASKED
181260500300427380,2022,EPSG5070_50KM_27_19,1,DEM_MASKED
181260500300427410,2022,EPSG5070_50KM_27_19,1,DEM_MASKED
181260500300427428,2022,EPSG5070_50KM_27_19,1,DEM_MASKED
181260500300427429,2022,EPSG5070_50KM_27_19,1,DEM_MASKED
181260500300427528,2022,EPSG5070_50KM_27_19,1,DEM_MASKED
181260500300427541,2022,EPSG5070_50KM_27_19,1,DEM_MASKED
181260500300427798,2022,EPSG5070_50KM_27_19,1,DEM_MASKED
181260600300426651,2022,EPSG5070_50KM_27_19,1,DEM_MASKED
181260600300426768,2022,EPSG5070_50KM_27_19,1,DEM_MASKED
181260600300426809,2022,EPSG5070_50KM_27_19,1,DEM_MASKED
181260600300426897,2022,EPSG5070_50KM_27_19,1,DEM_MASKED
181260800300426142,2022,EPSG5070_50KM_27_19,1,DEM_MASKED
181260800300426268,2022,EPSG5070_50KM_27_19,1,DEM_MASKED
181260800300426271,2022,EPSG5070_50KM_27_19,1,DEM_MASKED
181260800300426287,2022,EPSG5070_50KM_27_19,1,DEM_MASKED
181260800300426418,2022,EPSG5070_50KM_27_19,1,DEM_MASKED
181260800300426429,2022,EPSG5070_50KM_27_19,1,DEM_MASKED
181260800300426610,2022,EPSG5070_50KM_27_19,1,DEM_MASKED
181260800300426612,2022,EPSG5070_50KM_27_19,1,DEM_MASKED
181260800300426711,2022,EPSG5070_50KM_27_19,1,DEM_MASKED
181261100300426793,2022,EPSG5070_50KM_27_19,1,DEM_MASKED
181261100300427273,2022,EPSG5070_50KM_27_19,1,DEM_MASKED
181261100300427362,2022,EPSG5070_50KM_27_19,1,DEM_MASKED
181410500300419602,2022,EPSG5070_50KM_31_26,0,DEM_MASKED
181410600300418955,2022,EPSG5070_50KM_31_26,0,DEM_MASKED
181411100300418640,2022,EPSG5070_50KM_31_26,0,DEM_MASKED
187360100300221285,2022,EPSG5070_50KM_30_24,3,DEM_MASKED
187360200300226348,2022,EPSG5070_50KM_30_24,3,DEM_MASKED
187360500300221316,2022,EPSG5070_50KM_30_24,3,DEM_MASKED
187360500300221445,2022,EPSG5070_50KM_30_24,3,DEM_MASKED
187360600300621402,2022,EPSG5070_50KM_30_24,3,DEM_MASKED
187360600300621523,2022,EPSG5070_50KM_30_24,3,DEM_MASKED
187360600300621529,2022,EPSG5070_50KM_30_24,3,DEM_MASKED
187360800300225988,2022,EPSG5070_50KM_30_24,3,DEM_MASKED
187361100300220859,2022,EPSG5070_50KM_30_24,3,DEM_MASKED
188380000200243888,2022,EPSG5070_50KM_27_19,1,DEM_MASKED
188380000200243949,2022,EPSG5070_50KM_27_19,1,DEM_MASKED
188380300200243856,2022,EPSG5070_50KM_27_19,1,DEM_MASKED
188380500200243707,2022,EPSG5070_50KM_27_19,1,DEM_MASKED
188380500200243731,2022,EPSG5070_50KM_27_19,1,DEM_MASKED
188380500200243819,2022,EPSG5070_50KM_27_19,1,DEM_MASKED
188380500200243946,2022,EPSG5070_50KM_27_19,1,DEM_MASKED
188380600200243698,2022,EPSG5070_50KM_27_19,1,DEM_MASKED
188380600200243749,2022,EPSG5070_50KM_27_19,1,DEM_MASKED
188380600200243774,2022,EPSG5070_50KM_27_19,1,DEM_MASKED
188380800200243365,2022,EPSG5070_50KM_27_19,1,DEM_MASKED
188380800200243366,2022,EPSG5070_50KM_27_19,1,DEM_MASKED
188380800200243609,2022,EPSG5070_50KM_27_19,1,DEM_MASKED
188381100200243735,2022,EPSG5070_50KM_27_19,1,DEM_MASKED
188381100200243859,2022,EPSG5070_50KM_27_19,1,DEM_MASKED
189190000300418814,2022,EPSG5070_50KM_31_27,4,DEM_MASKED
189190000300418826,2022,EPSG5070_50KM_31_27,4,DEM_MASKED
189190000300418842,2022,EPSG5070_50KM_31_27,4,DEM_MASKED
189190000300419019,2022,EPSG5070_50KM_31_27,4,DEM_MASKED
189190000300419036,2022,EPSG5070_50KM_31_26,0,DEM_MASKED
189190100300418832,2022,EPSG5070_50KM_31_27,4,DEM_MASKED
189190100300418835,2022,EPSG5070_50KM_31_27,4,DEM_MASKED
189190100300418987,2022,EPSG5070_50KM_31_27,4,DEM_MASKED
189190200300418954,2022,EPSG5070_50KM_31_27,4,DEM_MASKED
189190200300418963,2022,EPSG5070_50KM_31_27,4,DEM_MASKED
189190200300419100,2022,EPSG5070_50KM_31_27,4,DEM_MASKED
189190200300419105,2022,EPSG5070_50KM_31_27,4,DEM_MASKED
189190200300419179,2022,EPSG5070_50KM_31_26,0,DEM_MASKED
189190200300419198,2022,EPSG5070_50KM_31_26,0,DEM_MASKED
189190200300419202,2022,EPSG5070_50KM_31_26,0,DEM_MASKED
189190300300418939,2022,EPSG5070_50KM_31_27,4,DEM_MASKED
189190300300419165,2022,EPSG5070_50KM_31_26,0,DEM_MASKED
189190500300418941,2022,EPSG5070_50KM_31_27,4,DEM_MASKED
189190500300419158,2022,EPSG5070_50KM_31_26,0,DEM_MASKED
189190500300419177,2022,EPSG5070_50KM_31_26,0,DEM_MASKED
189190500300419187,2022,EPSG5070_50KM_31_26,0,DEM_MASKED
189190600300418680,2022,EPSG5070_50KM_31_26,0,DEM_MASKED
189190800300418143,2022,EPSG5070_50KM_31_27,4,DEM_MASKED
189190800300418418,2022,EPSG5070_50KM_31_26,0,DEM_MASKED
189190800300418445,2022,EPSG5070_50KM_31_26,0,DEM_MASKED
189191100300418401,2022,EPSG5070_50KM_31_27,4,DEM_MASKED
189191100300418406,2022,EPSG5070_50KM_31_27,4,DEM_MASKED
189191100300418408,2022,EPSG5070_50KM_31_27,4,DEM_MASKED
189191100300418433,2022,EPSG5070_50KM_31_27,4,DEM_MASKED
189191100300418444,2022,EPSG5070_50KM_31_27,4,DEM_MASKED
189191100300418452,2022,EPSG5070_50KM_31_27,4,DEM_MASKED
189191100300418464,2022,EPSG5070_50KM_31_27,4,DEM_MASKED
189191100300418473,2022,EPSG5070_50KM_31_27,4,DEM_MASKED
189191100300418673,2022,EPSG5070_50KM_31_26,0,DEM_MASKED
189191100300418747,2022,EPSG5070_50KM_31_26,0,DEM_MASKED
192500000200249776,2022,EPSG5070_50KM_29_24,2,DEM_MASKED
192500000200251909,2022,EPSG5070_50KM_31_26,0,DEM_MASKED
192500000200251918,2022,EPSG5070_50KM_31_26,0,DEM_MASKED
192500000200252215,2022,EPSG5070_50KM_31_26,0,DEM_MASKED
192500000200252310,2022,EPSG5070_50KM_31_26,0,DEM_MASKED
192500000200252485,2022,EPSG5070_50KM_31_27,4,DEM_MASKED
192500000200252486,2022,EPSG5070_50KM_31_27,4,DEM_MASKED
192500000200252510,2022,EPSG5070_50KM_31_27,4,DEM_MASKED
192500100200247163,2022,EPSG5070_50KM_28_22,0,DEM_MASKED
192500100200249886,2022,EPSG5070_50KM_29_24,2,DEM_MASKED
192500100200252457,2022,EPSG5070_50KM_31_27,4,DEM_MASKED
192500200200249762,2022,EPSG5070_50KM_29_24,2,DEM_MASKED
192500200200249946,2022,EPSG5070_50KM_29_24,2,DEM_MASKED
192500200200251747,2022,EPSG5070_50KM_31_26,0,DEM_MASKED
192500200200251848,2022,EPSG5070_50KM_31_26,0,DEM_MASKED
192500200200252130,2022,EPSG5070_50KM_31_26,0,DEM_MASKED
192500200200252253,2022,EPSG5070_50KM_31_26,0,DEM_MASKED
192500200200252483,2022,EPSG5070_50KM_31_26,0,DEM_MASKED
192500300200251844,2022,EPSG5070_50KM_31_26,0,DEM_MASKED
192500300200252101,2022,EPSG5070_50KM_31_26,0,DEM_MASKED
192500300200252318,2022,EPSG5070_50KM_31_26,0,DEM_MASKED
192500300200252332,2022,EPSG5070_50KM_31_26,0,DEM_MASKED
192500300200252378,2022,EPSG5070_50KM_31_26,0,DEM_MASKED
192500300200252504,2022,EPSG5070_50KM_31_27,4,DEM_MASKED
192500300200252536,2022,EPSG5070_50KM_31_27,4,DEM_MASKED
192500500200249795,2022,EPSG5070_50KM_29_24,2,DEM_MASKED
192500500200252196,2022,EPSG5070_50KM_31_26,0,DEM_MASKED
192500500200252197,2022,EPSG5070_50KM_31_26,0,DEM_MASKED
192500500200252205,2022,EPSG5070_50KM_31_26,0,DEM_MASKED
192500500200252253,2022,EPSG5070_50KM_31_26,0,DEM_MASKED
192500500200252626,2022,EPSG5070_50KM_31_27,4,DEM_MASKED
192500500200252629,2022,EPSG5070_50KM_31_27,4,DEM_MASKED
192500500200252633,2022,EPSG5070_50KM_31_27,4,DEM_MASKED
192500500200252645,2022,EPSG5070_50KM_31_27,4,DEM_MASKED
192500500200252647,2022,EPSG5070_50KM_31_27,4,DEM_MASKED
192500500200252649,2022,EPSG5070_50KM_31_27,4,DEM_MASKED
192500500200252654,2022,EPSG5070_50KM_31_27,4,DEM_MASKED
192500600200249209,2022,EPSG5070_50KM_29_24,2,DEM_MASKED
192500600200249583,2022,EPSG5070_50KM_30_24,3,DEM_MASKED
192500600200249586,2022,EPSG5070_50KM_30_24,3,DEM_MASKED
192500600200251418,2022,EPSG5070_50KM_31_26,0,DEM_MASKED
192500600200251551,2022,EPSG5070_50KM_31_26,0,DEM_MASKED
192500600200251593,2022,EPSG5070_50KM_31_26,0,DEM_MASKED
192500600200251635,2022,EPSG5070_50KM_31_26,0,DEM_MASKED
192500600200251758,2022,EPSG5070_50KM_31_26,0,DEM_MASKED
192500600200252085,2022,EPSG5070_50KM_31_26,0,DEM_MASKED
192500600200252116,2022,EPSG5070_50KM_31_27,4,DEM_MASKED
192500600200252128,2022,EPSG5070_50KM_31_27,4,DEM_MASKED
192500800200249210,2022,EPSG5070_50KM_29_24,2,DEM_MASKED
192500800200249430,2022,EPSG5070_50KM_30_24,3,DEM_MASKED
192500800200249463,2022,EPSG5070_50KM_30_24,3,DEM_MASKED
192500800200251413,2022,EPSG5070_50KM_31_26,0,DEM_MASKED
192500800200251437,2022,EPSG5070_50KM_31_26,0,DEM_MASKED
192500800200251553,2022,EPSG5070_50KM_31_26,0,DEM_MASKED
192500800200251714,2022,EPSG5070_50KM_31_26,0,DEM_MASKED
192500800200251728,2022,EPSG5070_50KM_31_26,0,DEM_MASKED
192500800200251768,2022,EPSG5070_50KM_31_26,0,DEM_MASKED
192500800200251885,2022,EPSG5070_50KM_31_26,0,DEM_MASKED
192500800200251990,2022,EPSG5070_50KM_31_26,0,DEM_MASKED
192500800200252004,2022,EPSG5070_50KM_31_27,4,DEM_MASKED
192500800200252005,2022,EPSG5070_50KM_31_27,4,DEM_MASKED
192500800200252020,2022,EPSG5070_50KM_31_27,4,DEM_MASKED
192501100200249198,2022,EPSG5070_50KM_29_24,2,DEM_MASKED
192501100200249702,2022,EPSG5070_50KM_30_24,3,DEM_MASKED
192501100200249703,2022,EPSG5070_50KM_30_24,3,DEM_MASKED
192501100200249704,2022,EPSG5070_50KM_30_24,3,DEM_MASKED
192501100200249707,2022,EPSG5070_50KM_30_24,3,DEM_MASKED
192501100200249724,2022,EPSG5070_50KM_30_24,3,DEM_MASKED
192501100200249732,2022,EPSG5070_50KM_30_24,3,DEM_MASKED
192501100200249734,2022,EPSG5070_50KM_30_24,3,DEM_MASKED
192501100200251437,2022,EPSG5070_50KM_31_26,0,DEM_MASKED
192501100200251557,2022,EPSG5070_50KM_31_26,0,DEM_MASKED
192501100200251981,2022,EPSG5070_50KM_31_26,0,DEM_MASKED
192501100200252067,2022,EPSG5070_50KM_31_26,0,DEM_MASKED
192501100200252207,2022,EPSG5070_50KM_31_26,0,DEM_MASKED
192501100200252288,2022,EPSG5070_50KM_31_27,4,DEM_MASKED
193160000300427548,2022,EPSG5070_50KM_26_19,1,DEM_MASKED
193160000300428126,2022,EPSG5070_50KM_27_19,1,DEM_MASKED
193160100300427555,2022,EPSG5070_50KM_26_19,1,DEM_MASKED
193160100300427775,2022,EPSG5070_50KM_27_19,1,DEM_MASKED
193160100300427786,2022,EPSG5070_50KM_27_19,1,DEM_MASKED
193160100300427879,2022,EPSG5070_50KM_27_19,1,DEM_MASKED
193160100300427933,2022,EPSG5070_50KM_27_19,1,DEM_MASKED
193160100300427974,2022,EPSG5070_50KM_27_19,1,DEM_MASKED
193160200300427780,2022,EPSG5070_50KM_26_19,1,DEM_MASKED
193160200300428060,2022,EPSG5070_50KM_27_19,1,DEM_MASKED
193160200300428195,2022,EPSG5070_50KM_27_19,1,DEM_MASKED
193160300300427894,2022,EPSG5070_50KM_26_19,1,DEM_MASKED
193160300300427977,2022,EPSG5070_50KM_27_19,1,DEM_MASKED
193160300300427978,2022,EPSG5070_50KM_27_19,1,DEM_MASKED
193160300300428008,2022,EPSG5070_50KM_27_19,1,DEM_MASKED
193160300300428140,2022,EPSG5070_50KM_27_19,1,DEM_MASKED
193160300300428221,2022,EPSG5070_50KM_27_19,1,DEM_MASKED
193160300300428251,2022,EPSG5070_50KM_27_19,1,DEM_MASKED
193160500300427726,2022,EPSG5070_50KM_26_19,1,DEM_MASKED
193160500300427789,2022,EPSG5070_50KM_26_19,1,DEM_MASKED
193160500300427872,2022,EPSG5070_50KM_26_19,1,DEM_MASKED
193160500300427889,2022,EPSG5070_50KM_27_19,1,DEM_MASKED
193160500300427912,2022,EPSG5070_50KM_27_19,1,DEM_MASKED
193160500300427922,2022,EPSG5070_50KM_27_19,1,DEM_MASKED
193160500300428058,2022,EPSG5070_50KM_27_19,1,DEM_MASKED
193160500300428132,2022,EPSG5070_50KM_27_19,1,DEM_MASKED
193160500300428158,2022,EPSG5070_50KM_27_19,1,DEM_MASKED
193160600300427550,2022,EPSG5070_50KM_27_19,1,DEM_MASKED
193160600300427618,2022,EPSG5070_50KM_27_19,1,DEM_MASKED
193160600300427649,2022,EPSG5070_50KM_27_19,1,DEM_MASKED
193160600300427665,2022,EPSG5070_50KM_27_19,1,DEM_MASKED
193160600300427689,2022,EPSG5070_50KM_27_19,1,DEM_MASKED
193160600300427699,2022,EPSG5070_50KM_27_19,1,DEM_MASKED
193160600300427735,2022,EPSG5070_50KM_27_19,1,DEM_MASKED
193160800300427276,2022,EPSG5070_50KM_26_19,1,DEM_MASKED
193160800300427537,2022,EPSG5070_50KM_27_19,1,DEM_MASKED
193160800300427544,2022,EPSG5070_50KM_27_19,1,DEM_MASKED
193160800300427571,2022,EPSG5070_50KM_27_19,1,DEM_MASKED
193160800300427576,2022,EPSG5070_50KM_27_19,1,DEM_MASKED
193160800300427654,2022,EPSG5070_50KM_27_19,1,DEM_MASKED
193160800300427691,2022,EPSG5070_50KM_27_19,1,DEM_MASKED
193161100300427516,2022,EPSG5070_50KM_26_19,1,DEM_MASKED
193161100300427542,2022,EPSG5070_50KM_26_19,1,DEM_MASKED
193161100300427781,2022,EPSG5070_50KM_27_19,1,DEM_MASKED
193161100300427790,2022,EPSG5070_50KM_27_19,1,DEM_MASKED
193161100300427854,2022,EPSG5070_50KM_27_19,1,DEM_MASKED
193161100300427862,2022,EPSG5070_50KM_27_19,1,DEM_MASKED
193161100300427882,2022,EPSG5070_50KM_27_19,1,DEM_MASKED
193161100300427905,2022,EPSG5070_50KM_27_19,1,DEM_MASKED
193920000300419414,2022,EPSG5070_50KM_31_27,4,DEM_MASKED
193920000300419451,2022,EPSG5070_50KM_31_27,4,DEM_MASKED
193920000300419470,2022,EPSG5070_50KM_31_27,4,DEM_MASKED
193920000300419479,2022,EPSG5070_50KM_31_27,4,DEM_MASKED
193920000300419568,2022,EPSG5070_50KM_31_26,0,DEM_MASKED
193920000300419575,2022,EPSG5070_50KM_31_26,0,DEM_MASKED
193920000300419647,2022,EPSG5070_50KM_31_26,0,DEM_MASKED
193920100300419338,2022,EPSG5070_50KM_31_27,4,DEM_MASKED
193920100300419394,2022,EPSG5070_50KM_31_27,4,DEM_MASKED
193920100300419395,2022,EPSG5070_50KM_31_27,4,DEM_MASKED
193920100300419400,2022,EPSG5070_50KM_31_27,4,DEM_MASKED
193920100300419456,2022,EPSG5070_50KM_31_27,4,DEM_MASKED
193920100300419553,2022,EPSG5070_50KM_31_26,0,DEM_MASKED
193920100300419568,2022,EPSG5070_50KM_31_26,0,DEM_MASKED
193920100300419600,2022,EPSG5070_50KM_31_26,0,DEM_MASKED
193920200300419363,2022,EPSG5070_50KM_31_27,4,DEM_MASKED
193920200300419374,2022,EPSG5070_50KM_31_27,4,DEM_MASKED
193920200300419420,2022,EPSG5070_50KM_31_27,4,DEM_MASKED
193920200300419422,2022,EPSG5070_50KM_31_27,4,DEM_MASKED
193920200300419430,2022,EPSG5070_50KM_31_27,4,DEM_MASKED
193920200300419431,2022,EPSG5070_50KM_31_27,4,DEM_MASKED
193920200300419468,2022,EPSG5070_50KM_31_27,4,DEM_MASKED
193920200300419471,2022,EPSG5070_50KM_31_27,4,DEM_MASKED
193920200300419576,2022,EPSG5070_50KM_31_26,0,DEM_MASKED
193920200300419578,2022,EPSG5070_50KM_31_26,0,DEM_MASKED
193920300300419340,2022,EPSG5070_50KM_31_27,4,DEM_MASKED
193920300300419345,2022,EPSG5070_50KM_31_27,4,DEM_MASKED
193920300300419384,2022,EPSG5070_50KM_31_27,4,DEM_MASKED
193920300300419391,2022,EPSG5070_50KM_31_27,4,DEM_MASKED
193920300300419442,2022,EPSG5070_50KM_31_27,4,DEM_MASKED
193920300300419448,2022,EPSG5070_50KM_31_27,4,DEM_MASKED
193920300300419449,2022,EPSG5070_50KM_31_27,4,DEM_MASKED
193920300300419613,2022,EPSG5070_50KM_31_26,0,DEM_MASKED
193920300300419627,2022,EPSG5070_50KM_31_26,0,DEM_MASKED
193920300300419669,2022,EPSG5070_50KM_31_26,0,DEM_MASKED
193920300300419703,2022,EPSG5070_50KM_31_26,0,DEM_MASKED
193920300300419751,2022,EPSG5070_50KM_31_26,0,DEM_MASKED
193920500300419398,2022,EPSG5070_50KM_31_27,4,DEM_MASKED
193920500300419438,2022,EPSG5070_50KM_31_27,4,DEM_MASKED
193920500300419445,2022,EPSG5070_50KM_31_27,4,DEM_MASKED
193920500300419447,2022,EPSG5070_50KM_31_27,4,DEM_MASKED
193920500300419490,2022,EPSG5070_50KM_31_27,4,DEM_MASKED
193920500300419492,2022,EPSG5070_50KM_31_27,4,DEM_MASKED
193920500300419542,2022,EPSG5070_50KM_31_27,4,DEM_MASKED
193920500300419552,2022,EPSG5070_50KM_31_27,4,DEM_MASKED
193920500300419629,2022,EPSG5070_50KM_31_26,0,DEM_MASKED
193920500300419647,2022,EPSG5070_50KM_31_26,0,DEM_MASKED
193920500300419680,2022,EPSG5070_50KM_31_26,0,DEM_MASKED
193920600300418728,2022,EPSG5070_50KM_31_27,4,DEM_MASKED
193920600300418729,2022,EPSG5070_50KM_31_27,4,DEM_MASKED
193920600300418730,2022,EPSG5070_50KM_31_27,4,DEM_MASKED
193920600300418773,2022,EPSG5070_50KM_31_27,4,DEM_MASKED
193920600300418780,2022,EPSG5070_50KM_31_27,4,DEM_MASKED
193920600300418815,2022,EPSG5070_50KM_31_27,4,DEM_MASKED
193920600300418824,2022,EPSG5070_50KM_31_27,4,DEM_MASKED
193920600300418826,2022,EPSG5070_50KM_31_27,4,DEM_MASKED
193920600300418851,2022,EPSG5070_50KM_31_27,4,DEM_MASKED
193920600300418852,2022,EPSG5070_50KM_31_27,4,DEM_MASKED
193920600300418961,2022,EPSG5070_50KM_31_26,0,DEM_MASKED
193920600300419070,2022,EPSG5070_50KM_31_26,0,DEM_MASKED
193920600300419076,2022,EPSG5070_50KM_31_26,0,DEM_MASKED
193920600300419083,2022,EPSG5070_50KM_31_26,0,DEM_MASKED
193920600300419177,2022,EPSG5070_50KM_31_26,0,DEM_MASKED
195600000300425431,2022,EPSG5070_50KM_28_21,2,DEM_MASKED
195600000300425434,2022,EPSG5070_50KM_28_21,2,DEM_MASKED
198450100200244597,2022,EPSG5070_50KM_26_19,1,DEM_MASKED
198450200200244575,2022,EPSG5070_50KM_26_19,1,DEM_MASKED
198450300200244481,2022,EPSG5070_50KM_26_19,1,DEM_MASKED
198450300200244499,2022,EPSG5070_50KM_26_19,1,DEM_MASKED
198450600200244382,2022,EPSG5070_50KM_26_19,1,DEM_MASKED
198450800200244291,2022,EPSG5070_50KM_26_19,1,DEM_MASKED
198451100200244349,2022,EPSG5070_50KM_26_19,1,DEM_MASKED
207300000200252523,2022,EPSG5070_50KM_31_27,4,DEM_MASKED
207300100200252358,2022,EPSG5070_50KM_31_26,0,DEM_MASKED
207300200200252429,2022,EPSG5070_50KM_31_26,0,DEM_MASKED
207300300200252384,2022,EPSG5070_50KM_31_26,0,DEM_MASKED
207300300200252521,2022,EPSG5070_50KM_31_27,4,DEM_MASKED
207300300200252556,2022,EPSG5070_50KM_31_27,4,DEM_MASKED
207300300200252557,2022,EPSG5070_50KM_31_27,4,DEM_MASKED
207300300200252563,2022,EPSG5070_50KM_31_27,4,DEM_MASKED
207300500200252500,2022,EPSG5070_50KM_31_26,0,DEM_MASKED
207300500200252528,2022,EPSG5070_50KM_31_26,0,DEM_MASKED
207300500200252662,2022,EPSG5070_50KM_31_26,0,DEM_MASKED
207300500200252710,2022,EPSG5070_50KM_31_27,4,DEM_MASKED
207300500200252737,2022,EPSG5070_50KM_31_27,4,DEM_MASKED
207300500200252782,2022,EPSG5070_50KM_31_27,4,DEM_MASKED
207300500200252798,2022,EPSG5070_50KM_31_27,4,DEM_MASKED
207300500200252801,2022,EPSG5070_50KM_31_27,4,DEM_MASKED
207300500200252816,2022,EPSG5070_50KM_31_27,4,DEM_MASKED
207300600200252162,2022,EPSG5070_50KM_31_26,0,DEM_MASKED
207300600200252169,2022,EPSG5070_50KM_31_26,0,DEM_MASKED
207300600200252291,2022,EPSG5070_50KM_31_26,0,DEM_MASKED
207300600200252332,2022,EPSG5070_50KM_31_26,0,DEM_MASKED
207300600200252392,2022,EPSG5070_50KM_31_26,0,DEM_MASKED
207300600200252421,2022,EPSG5070_50KM_31_27,4,DEM_MASKED
207300600200252447,2022,EPSG5070_50KM_31_27,4,DEM_MASKED
207300600200252469,2022,EPSG5070_50KM_31_27,4,DEM_MASKED
207300600200252488,2022,EPSG5070_50KM_31_27,4,DEM_MASKED
207300600200252490,2022,EPSG5070_50KM_31_27,4,DEM_MASKED
207300600200252518,2022,EPSG5070_50KM_31_27,4,DEM_MASKED
207300600200252528,2022,EPSG5070_50KM_31_27,4,DEM_MASKED
207300600200252556,2022,EPSG5070_50KM_31_27,4,DEM_MASKED
207300800200252058,2022,EPSG5070_50KM_31_26,0,DEM_MASKED
207300800200252118,2022,EPSG5070_50KM_31_26,0,DEM_MASKED
207300800200252194,2022,EPSG5070_50KM_31_26,0,DEM_MASKED
207300800200252203,2022,EPSG5070_50KM_31_26,0,DEM_MASKED
207300800200252222,2022,EPSG5070_50KM_31_26,0,DEM_MASKED
207300800200252250,2022,EPSG5070_50KM_31_26,0,DEM_MASKED
207300800200252283,2022,EPSG5070_50KM_31_27,4,DEM_MASKED
207300800200252294,2022,EPSG5070_50KM_31_27,4,DEM_MASKED
207300800200252309,2022,EPSG5070_50KM_31_27,4,DEM_MASKED
207300800200252336,2022,EPSG5070_50KM_31_27,4,DEM_MASKED
207300800200252350,2022,EPSG5070_50KM_31_27,4,DEM_MASKED
207300800200252358,2022,EPSG5070_50KM_31_27,4,DEM_MASKED
207300800200252380,2022,EPSG5070_50KM_31_27,4,DEM_MASKED
207301100200252230,2022,EPSG5070_50KM_31_26,0,DEM_MASKED
207301100200252253,2022,EPSG5070_50KM_31_26,0,DEM_MASKED
207301100200252261,2022,EPSG5070_50KM_31_26,0,DEM_MASKED
207301100200252390,2022,EPSG5070_50KM_31_26,0,DEM_MASKED
207301100200252395,2022,EPSG5070_50KM_31_26,0,DEM_MASKED
207301100200252404,2022,EPSG5070_50KM_31_26,0,DEM_MASKED
207301100200252445,2022,EPSG5070_50KM_31_26,0,DEM_MASKED
207301100200252496,2022,EPSG5070_50KM_31_26,0,DEM_MASKED
207301100200252538,2022,EPSG5070_50KM_31_27,4,DEM_MASKED
207301100200252547,2022,EPSG5070_50KM_31_27,4,DEM_MASKED
207301100200252551,2022,EPSG5070_50KM_31_27,4,DEM_MASKED
207301100200252558,2022,EPSG5070_50KM_31_27,4,DEM_MASKED
207301100200252564,2022,EPSG5070_50KM_31_27,4,DEM_MASKED
207301100200252585,2022,EPSG5070_50KM_31_27,4,DEM_MASKED
207301100200252590,2022,EPSG5070_50KM_31_27,4,DEM_MASKED
207301100200252597,2022,EPSG5070_50KM_31_27,4,DEM_MASKED
207301100200252599,2022,EPSG5070_50KM_31_27,4,DEM_MASKED
207301100200252607,2022,EPSG5070_50KM_31_27,4,DEM_MASKED
207301100200252632,2022,EPSG5070_50KM_31_27,4,DEM_MASKED
207301100200252643,2022,EPSG5070_50KM_31_27,4,DEM_MASKED
207301100200252655,2022,EPSG5070_50KM_31_27,4,DEM_MASKED
207910000200243925,2022,EPSG5070_50KM_27_19,1,DEM_MASKED
207910000200244185,2022,EPSG5070_50KM_27_19,1,DEM_MASKED
207910000200244301,2022,EPSG5070_50KM_27_19,1,DEM_MASKED
207910100200243842,2022,EPSG5070_50KM_27_19,1,DEM_MASKED
207910100200243890,2022,EPSG5070_50KM_27_19,1,DEM_MASKED
207910100200243919,2022,EPSG5070_50KM_27_19,1,DEM_MASKED
207910100200244015,2022,EPSG5070_50KM_27_19,1,DEM_MASKED
207910100200244017,2022,EPSG5070_50KM_27_19,1,DEM_MASKED
207910100200244115,2022,EPSG5070_50KM_27_19,1,DEM_MASKED
207910100200244168,2022,EPSG5070_50KM_27_19,1,DEM_MASKED
207910100200244171,2022,EPSG5070_50KM_27_19,1,DEM_MASKED
207910100200244313,2022,EPSG5070_50KM_27_19,1,DEM_MASKED
207910100200244337,2022,EPSG5070_50KM_27_19,1,DEM_MASKED
207910200200243915,2022,EPSG5070_50KM_27_19,1,DEM_MASKED
207910200200244254,2022,EPSG5070_50KM_27_19,1,DEM_MASKED
207910500200244070,2022,EPSG5070_50KM_27_19,1,DEM_MASKED
207910500200244096,2022,EPSG5070_50KM_27_19,1,DEM_MASKED
207910500200244099,2022,EPSG5070_50KM_27_19,1,DEM_MASKED
207910500200244108,2022,EPSG5070_50KM_27_19,1,DEM_MASKED
207910500200244396,2022,EPSG5070_50KM_27_19,1,DEM_MASKED
207910500200244447,2022,EPSG5070_50KM_27_19,1,DEM_MASKED
207910600200243798,2022,EPSG5070_50KM_27_19,1,DEM_MASKED
207910600200243949,2022,EPSG5070_50KM_27_19,1,DEM_MASKED
207910600200244170,2022,EPSG5070_50KM_27_19,1,DEM_MASKED
207910600200244185,2022,EPSG5070_50KM_27_19,1,DEM_MASKED
207910800200243618,2022,EPSG5070_50KM_27_19,1,DEM_MASKED
207910800200243647,2022,EPSG5070_50KM_27_19,1,DEM_MASKED
207910800200243670,2022,EPSG5070_50KM_27_19,1,DEM_MASKED
207910800200243716,2022,EPSG5070_50KM_27_19,1,DEM_MASKED
207911100200243804,2022,EPSG5070_50KM_27_19,1,DEM_MASKED
207911100200243826,2022,EPSG5070_50KM_27_19,1,DEM_MASKED
207911100200244132,2022,EPSG5070_50KM_27_19,1,DEM_MASKED
211010200300224970,2022,EPSG5070_50KM_29_24,2,DEM_MASKED
211010300300219790,2022,EPSG5070_50KM_29_24,2,DEM_MASKED
211010500300219980,2022,EPSG5070_50KM_29_24,2,DEM_MASKED
211010600300623819,2022,EPSG5070_50KM_29_24,2,DEM_MASKED
211010600300623843,2022,EPSG5070_50KM_29_24,2,DEM_MASKED
211420600200251685,2022,EPSG5070_50KM_31_26,0,DEM_MASKED
211420800200251880,2022,EPSG5070_50KM_31_26,0,DEM_MASKED
211420800200251920,2022,EPSG5070_50KM_31_26,0,DEM_MASKED
211420800200251958,2022,EPSG5070_50KM_31_26,0,DEM_MASKED
211420800200251990,2022,EPSG5070_50KM_31_26,0,DEM_MASKED
211420800200252080,2022,EPSG5070_50KM_31_26,0,DEM_MASKED
211420800200252084,2022,EPSG5070_50KM_31_26,0,DEM_MASKED
211421100200251614,2022,EPSG5070_50KM_31_26,0,DEM_MASKED
211421100200251863,2022,EPSG5070_50KM_31_26,0,DEM_MASKED
212080200300427900,2022,EPSG5070_50KM_26_19,1,DEM_MASKED
212081100300427360,2022,EPSG5070_50KM_26_19,1,DEM_MASKED
212230100300420407,2022,EPSG5070_50KM_31_26,0,DEM_MASKED
212230800300420024,2022,EPSG5070_50KM_31_26,0,DEM_MASKED
212230800300420037,2022,EPSG5070_50KM_31_26,0,DEM_MASKED
215540100200243868,2022,EPSG5070_50KM_27_19,1,DEM_MASKED
215540100200244100,2022,EPSG5070_50KM_27_19,1,DEM_MASKED
215540100200244108,2022,EPSG5070_50KM_27_19,1,DEM_MASKED
215540200200243880,2022,EPSG5070_50KM_26_19,1,DEM_MASKED
215540200200243992,2022,EPSG5070_50KM_27_19,1,DEM_MASKED
215540200200244004,2022,EPSG5070_50KM_27_19,1,DEM_MASKED
215540200200244020,2022,EPSG5070_50KM_27_19,1,DEM_MASKED
215540300200243959,2022,EPSG5070_50KM_27_19,1,DEM_MASKED
215540300200244059,2022,EPSG5070_50KM_27_19,1,DEM_MASKED
215540300200244079,2022,EPSG5070_50KM_27_19,1,DEM_MASKED
215540500200243897,2022,EPSG5070_50KM_27_19,1,DEM_MASKED
215540500200243903,2022,EPSG5070_50KM_27_19,1,DEM_MASKED
215540500200243918,2022,EPSG5070_50KM_27_19,1,DEM_MASKED
215540500200243991,2022,EPSG5070_50KM_27_19,1,DEM_MASKED
215540500200244008,2022,EPSG5070_50KM_27_19,1,DEM_MASKED
215540500200244025,2022,EPSG5070_50KM_27_19,1,DEM_MASKED
215540500200244139,2022,EPSG5070_50KM_27_19,1,DEM_MASKED
215540500200244261,2022,EPSG5070_50KM_27_19,1,DEM_MASKED
215540600200243414,2022,EPSG5070_50KM_26_19,1,DEM_MASKED
215540600200243437,2022,EPSG5070_50KM_27_19,1,DEM_MASKED
215540600200243538,2022,EPSG5070_50KM_27_19,1,DEM_MASKED
215540600200243563,2022,EPSG5070_50KM_27_19,1,DEM_MASKED
215540800200243213,2022,EPSG5070_50KM_26_19,1,DEM_MASKED
215540800200243360,2022,EPSG5070_50KM_27_19,1,DEM_MASKED
215540800200243366,2022,EPSG5070_50KM_27_19,1,DEM_MASKED
215540800200243448,2022,EPSG5070_50KM_27_19,1,DEM_MASKED
215540800200243540,2022,EPSG5070_50KM_27_19,1,DEM_MASKED
215540800200243676,2022,EPSG5070_50KM_27_19,1,DEM_MASKED
215541100200243615,2022,EPSG5070_50KM_27_19,1,DEM_MASKED
215541100200243673,2022,EPSG5070_50KM_27_19,1,DEM_MASKED
215541100200243679,2022,EPSG5070_50KM_27_19,1,DEM_MASKED
215541100200243725,2022,EPSG5070_50KM_27_19,1,DEM_MASKED
215541100200243726,2022,EPSG5070_50KM_27_19,1,DEM_MASKED
215541100200243738,2022,EPSG5070_50KM_27_19,1,DEM_MASKED
215541100200243747,2022,EPSG5070_50KM_27_19,1,DEM_MASKED
215541100200243761,2022,EPSG5070_50KM_27_19,1,DEM_MASKED
215541100200243803,2022,EPSG5070_50KM_27_19,1,DEM_MASKED
215541100200243945,2022,EPSG5070_50KM_27_19,1,DEM_MASKED
216350000300419704,2022,EPSG5070_50KM_31_26,0,DEM_MASKED
216350000300419831,2022,EPSG5070_50KM_31_26,0,DEM_MASKED
216350200300419755,2022,EPSG5070_50KM_31_26,0,DEM_MASKED
216350300300419773,2022,EPSG5070_50KM_31_26,0,DEM_MASKED
216350300300419870,2022,EPSG5070_50KM_31_26,0,DEM_MASKED
216350500300419752,2022,EPSG5070_50KM_31_26,0,DEM_MASKED
216350500300419766,2022,EPSG5070_50KM_31_26,0,DEM_MASKED
216350500300419780,2022,EPSG5070_50KM_31_26,0,DEM_MASKED
216350600300419421,2022,EPSG5070_50KM_31_26,0,DEM_MASKED
216350600300419449,2022,EPSG5070_50KM_31_26,0,DEM_MASKED
216350600300419497,2022,EPSG5070_50KM_31_26,0,DEM_MASKED
216350800300419321,2022,EPSG5070_50KM_31_26,0,DEM_MASKED
216351100300419605,2022,EPSG5070_50KM_31_26,0,DEM_MASKED
220470200300422271,2022,EPSG5070_50KM_29_23,3,DEM_MASKED
220470500300422290,2022,EPSG5070_50KM_29_24,2,DEM_MASKED
220470500300422315,2022,EPSG5070_50KM_29_23,3,DEM_MASKED
220470500300422323,2022,EPSG5070_50KM_29_23,3,DEM_MASKED
220470500300422351,2022,EPSG5070_50KM_29_23,3,DEM_MASKED
220470600300421335,2022,EPSG5070_50KM_29_23,3,DEM_MASKED
220880600200252267,2022,EPSG5070_50KM_31_27,4,DEM_MASKED
220880600200252272,2022,EPSG5070_50KM_31_27,4,DEM_MASKED
220881100200252157,2022,EPSG5070_50KM_31_27,4,DEM_MASKED
222100300200243328,2022,EPSG5070_50KM_27_19,1,DEM_MASKED
222150000300427220,2022,EPSG5070_50KM_27_19,1,DEM_MASKED
222150000300427380,2022,EPSG5070_50KM_27_19,1,DEM_MASKED
222150000300427402,2022,EPSG5070_50KM_27_19,1,DEM_MASKED
222150000300427425,2022,EPSG5070_50KM_27_19,1,DEM_MASKED
222150000300427476,2022,EPSG5070_50KM_27_19,1,DEM_MASKED
222150300300427388,2022,EPSG5070_50KM_27_19,1,DEM_MASKED
222150500300427634,2022,EPSG5070_50KM_27_19,1,DEM_MASKED
222150600300426544,2022,EPSG5070_50KM_26_19,1,DEM_MASKED
222150600300426674,2022,EPSG5070_50KM_27_19,1,DEM_MASKED
222150600300426739,2022,EPSG5070_50KM_27_19,1,DEM_MASKED
222150600300426753,2022,EPSG5070_50KM_27_19,1,DEM_MASKED
222150800300425941,2022,EPSG5070_50KM_26_19,1,DEM_MASKED
222150800300426331,2022,EPSG5070_50KM_26_19,1,DEM_MASKED
222150800300426355,2022,EPSG5070_50KM_26_19,1,DEM_MASKED
222150800300426480,2022,EPSG5070_50KM_27_19,1,DEM_MASKED
222150800300426502,2022,EPSG5070_50KM_27_19,1,DEM_MASKED
222151100300426669,2022,EPSG5070_50KM_27_19,1,DEM_MASKED
222151100300426698,2022,EPSG5070_50KM_27_19,1,DEM_MASKED
225611100200249670,2022,EPSG5070_50KM_29_24,2,DEM_MASKED
226880500300427919,2022,EPSG5070_50KM_27_19,1,DEM_MASKED
226880500300428043,2022,EPSG5070_50KM_27_19,1,DEM_MASKED
226880600300427387,2022,EPSG5070_50KM_27_19,1,DEM_MASKED
226880800300427325,2022,EPSG5070_50KM_27_19,1,DEM_MASKED
226881100300427782,2022,EPSG5070_50KM_27_19,1,DEM_MASKED
227030600300419324,2022,EPSG5070_50KM_31_26,0,DEM_MASKED
227030800300419213,2022,EPSG5070_50KM_31_26,0,DEM_MASKED
227031100300419639,2022,EPSG5070_50KM_31_26,0,DEM_MASKED
228710600300631806,2022,EPSG5070_50KM_28_21,2,DEM_MASKED
230540000300422379,2023,EPSG5070_50KM_29_24,2,DEM_MASKED
230540100300422345,2023,EPSG5070_50KM_29_24,2,DEM_MASKED
230540200300422455,2023,EPSG5070_50KM_29_24,2,DEM_MASKED
230540300300422435,2023,EPSG5070_50KM_29_24,2,DEM_MASKED
230540300300422436,2023,EPSG5070_50KM_29_24,2,DEM_MASKED
230540500300422584,2023,EPSG5070_50KM_29_24,2,DEM_MASKED
230540500300422648,2023,EPSG5070_50KM_29_24,2,DEM_MASKED
230540500300422653,2023,EPSG5070_50KM_29_24,2,DEM_MASKED
230540500300422657,2023,EPSG5070_50KM_29_24,2,DEM_MASKED
230540500300422660,2023,EPSG5070_50KM_29_24,2,DEM_MASKED
230540500300422667,2023,EPSG5070_50KM_29_23,3,DEM_MASKED
230540500300422692,2023,EPSG5070_50KM_29_23,3,DEM_MASKED
230540500300422693,2023,EPSG5070_50KM_29_23,3,DEM_MASKED
230540600300421345,2023,EPSG5070_50KM_29_24,2,DEM_MASKED
230540600300421349,2023,EPSG5070_50KM_29_24,2,DEM_MASKED
230540600300421375,2023,EPSG5070_50KM_29_24,2,DEM_MASKED
230540600300421387,2023,EPSG5070_50KM_29_23,3,DEM_MASKED
230540600300421414,2023,EPSG5070_50KM_29_23,3,DEM_MASKED
230540800300421307,2023,EPSG5070_50KM_29_24,2,DEM_MASKED
230540800300421314,2023,EPSG5070_50KM_29_24,2,DEM_MASKED
230540800300421315,2023,EPSG5070_50KM_29_24,2,DEM_MASKED
230540800300421391,2023,EPSG5070_50KM_29_23,3,DEM_MASKED
230540800300421396,2023,EPSG5070_50KM_29_23,3,DEM_MASKED
230540800300421399,2023,EPSG5070_50KM_29_23,3,DEM_MASKED
230540800300421401,2023,EPSG5070_50KM_29_23,3,DEM_MASKED
230540800300421408,2023,EPSG5070_50KM_29_23,3,DEM_MASKED
230540800300421410,2023,EPSG5070_50KM_29_23,3,DEM_MASKED
230540800300421418,2023,EPSG5070_50KM_29_23,3,DEM_MASKED
230540800300421421,2023,EPSG5070_50KM_29_23,3,DEM_MASKED
230540800300421422,2023,EPSG5070_50KM_29_23,3,DEM_MASKED
230540800300421429,2023,EPSG5070_50KM_29_23,3,DEM_MASKED
230541100300421521,2023,EPSG5070_50KM_29_24,2,DEM_MASKED
230541100300421523,2023,EPSG5070_50KM_29_24,2,DEM_MASKED
230541100300421528,2023,EPSG5070_50KM_29_24,2,DEM_MASKED
230541100300421537,2023,EPSG5070_50KM_29_24,2,DEM_MASKED
230541100300421555,2023,EPSG5070_50KM_29_24,2,DEM_MASKED
230541100300421578,2023,EPSG5070_50KM_29_23,3,DEM_MASKED
230541100300421585,2023,EPSG5070_50KM_29_23,3,DEM_MASKED
230541100300421588,2023,EPSG5070_50KM_29_23,3,DEM_MASKED
230541100300421599,2023,EPSG5070_50KM_29_23,3,DEM_MASKED
230541100300421609,2023,EPSG5070_50KM_29_23,3,DEM_MASKED
230541100300421616,2023,EPSG5070_50KM_29_23,3,DEM_MASKED
230541100300421651,2023,EPSG5070_50KM_29_23,3,DEM_MASKED
230541100300421732,2023,EPSG5070_50KM_29_23,3,DEM_MASKED
230541100300421733,2023,EPSG5070_50KM_29_23,3,DEM_MASKED
230950000200249577,2023,EPSG5070_50KM_29_24,2,DEM_MASKED
230950000200251646,2023,EPSG5070_50KM_31_26,0,DEM_MASKED
230950000200251766,2023,EPSG5070_50KM_31_26,0,DEM_MASKED
230950000200251784,2023,EPSG5070_50KM_31_26,0,DEM_MASKED
230950000200251835,2023,EPSG5070_50KM_31_26,0,DEM_MASKED
230950000200251849,2023,EPSG5070_50KM_31_26,0,DEM_MASKED
230950000200251926,2023,EPSG5070_50KM_31_26,0,DEM_MASKED
230950000200252272,2023,EPSG5070_50KM_31_27,4,DEM_MASKED
230950000200252280,2023,EPSG5070_50KM_31_27,4,DEM_MASKED
230950000200252281,2023,EPSG5070_50KM_31_27,4,DEM_MASKED
230950000200252283,2023,EPSG5070_50KM_31_27,4,DEM_MASKED
230950000200252284,2023,EPSG5070_50KM_31_27,4,DEM_MASKED
230950100200249404,2023,EPSG5070_50KM_29_24,2,DEM_MASKED
230950100200249541,2023,EPSG5070_50KM_29_24,2,DEM_MASKED
230950100200251808,2023,EPSG5070_50KM_31_26,0,DEM_MASKED
230950100200251826,2023,EPSG5070_50KM_31_26,0,DEM_MASKED
230950100200251833,2023,EPSG5070_50KM_31_26,0,DEM_MASKED
230950100200251929,2023,EPSG5070_50KM_31_26,0,DEM_MASKED
230950200200249603,2023,EPSG5070_50KM_29_24,2,DEM_MASKED
230950200200251701,2023,EPSG5070_50KM_31_26,0,DEM_MASKED
230950200200251784,2023,EPSG5070_50KM_31_26,0,DEM_MASKED
230950200200251787,2023,EPSG5070_50KM_31_26,0,DEM_MASKED
230950200200251815,2023,EPSG5070_50KM_31_26,0,DEM_MASKED
230950200200251853,2023,EPSG5070_50KM_31_26,0,DEM_MASKED
230950200200251882,2023,EPSG5070_50KM_31_26,0,DEM_MASKED
230950200200251906,2023,EPSG5070_50KM_31_26,0,DEM_MASKED
230950200200251984,2023,EPSG5070_50KM_31_26,0,DEM_MASKED
230950300200251746,2023,EPSG5070_50KM_31_26,0,DEM_MASKED
230950300200251927,2023,EPSG5070_50KM_31_26,0,DEM_MASKED
230950300200251933,2023,EPSG5070_50KM_31_26,0,DEM_MASKED
230950500200249415,2023,EPSG5070_50KM_29_24,2,DEM_MASKED
230950500200249439,2023,EPSG5070_50KM_29_24,2,DEM_MASKED
230950500200249520,2023,EPSG5070_50KM_29_24,2,DEM_MASKED
230950500200249522,2023,EPSG5070_50KM_29_24,2,DEM_MASKED
230950500200249654,2023,EPSG5070_50KM_29_24,2,DEM_MASKED
230950500200249655,2023,EPSG5070_50KM_29_24,2,DEM_MASKED
230950500200249683,2023,EPSG5070_50KM_29_24,2,DEM_MASKED
230950500200249686,2023,EPSG5070_50KM_29_24,2,DEM_MASKED
230950500200249689,2023,EPSG5070_50KM_29_24,2,DEM_MASKED
230950500200249706,2023,EPSG5070_50KM_29_24,2,DEM_MASKED
230950500200249707,2023,EPSG5070_50KM_29_24,2,DEM_MASKED
230950500200249728,2023,EPSG5070_50KM_29_24,2,DEM_MASKED
230950500200249729,2023,EPSG5070_50KM_29_24,2,DEM_MASKED
230950500200249744,2023,EPSG5070_50KM_29_24,2,DEM_MASKED
230950500200249750,2023,EPSG5070_50KM_29_24,2,DEM_MASKED
230950500200249755,2023,EPSG5070_50KM_29_24,2,DEM_MASKED
230950500200251720,2023,EPSG5070_50KM_31_26,0,DEM_MASKED
230950500200251850,2023,EPSG5070_50KM_31_26,0,DEM_MASKED
230950500200251857,2023,EPSG5070_50KM_31_26,0,DEM_MASKED
230950500200251859,2023,EPSG5070_50KM_31_26,0,DEM_MASKED
230950500200251860,2023,EPSG5070_50KM_31_26,0,DEM_MASKED
230950500200251862,2023,EPSG5070_50KM_31_26,0,DEM_MASKED
230950500200251875,2023,EPSG5070_50KM_31_26,0,DEM_MASKED
230950500200251948,2023,EPSG5070_50KM_31_26,0,DEM_MASKED
230950500200251949,2023,EPSG5070_50KM_31_26,0,DEM_MASKED
230950500200251951,2023,EPSG5070_50KM_31_26,0,DEM_MASKED
230950500200251953,2023,EPSG5070_50KM_31_26,0,DEM_MASKED
230950500200251954,2023,EPSG5070_50KM_31_26,0,DEM_MASKED
230950500200251975,2023,EPSG5070_50KM_31_26,0,DEM_MASKED
230950500200251976,2023,EPSG5070_50KM_31_26,0,DEM_MASKED
230950500200251977,2023,EPSG5070_50KM_31_26,0,DEM_MASKED
230950500200251988,2023,EPSG5070_50KM_31_26,0,DEM_MASKED
230950500200252003,2023,EPSG5070_50KM_31_26,0,DEM_MASKED
230950500200252022,2023,EPSG5070_50KM_31_26,0,DEM_MASKED
230950500200252033,2023,EPSG5070_50KM_31_26,0,DEM_MASKED
230950500200252039,2023,EPSG5070_50KM_31_26,0,DEM_MASKED
230950500200252061,2023,EPSG5070_50KM_31_26,0,DEM_MASKED
230950500200252084,2023,EPSG5070_50KM_31_26,0,DEM_MASKED
230950500200252146,2023,EPSG5070_50KM_31_26,0,DEM_MASKED
230950600200249135,2023,EPSG5070_50KM_29_24,2,DEM_MASKED
230950600200249174,2023,EPSG5070_50KM_29_24,2,DEM_MASKED
230950600200249240,2023,EPSG5070_50KM_29_24,2,DEM_MASKED
230950600200249294,2023,EPSG5070_50KM_29_24,2,DEM_MASKED
230950600200249338,2023,EPSG5070_50KM_29_24,2,DEM_MASKED
230950600200249341,2023,EPSG5070_50KM_29_24,2,DEM_MASKED
230950600200249349,2023,EPSG5070_50KM_29_24,2,DEM_MASKED
230950600200249350,2023,EPSG5070_50KM_29_24,2,DEM_MASKED
230950600200249361,2023,EPSG5070_50KM_29_24,2,DEM_MASKED
230950600200249373,2023,EPSG5070_50KM_29_24,2,DEM_MASKED
230950600200249410,2023,EPSG5070_50KM_29_24,2,DEM_MASKED
230950600200249442,2023,EPSG5070_50KM_29_24,2,DEM_MASKED
230950600200249455,2023,EPSG5070_50KM_29_24,2,DEM_MASKED
230950600200249460,2023,EPSG5070_50KM_29_24,2,DEM_MASKED
230950600200249470,2023,EPSG5070_50KM_29_24,2,DEM_MASKED
230950600200249487,2023,EPSG5070_50KM_29_24,2,DEM_MASKED
230950600200251413,2023,EPSG5070_50KM_31_26,0,DEM_MASKED
230950600200251414,2023,EPSG5070_50KM_31_26,0,DEM_MASKED
230950600200251417,2023,EPSG5070_50KM_31_26,0,DEM_MASKED
230950600200251422,2023,EPSG5070_50KM_31_26,0,DEM_MASKED
230950600200251423,2023,EPSG5070_50KM_31_26,0,DEM_MASKED
230950600200251425,2023,EPSG5070_50KM_31_26,0,DEM_MASKED
230950600200251427,2023,EPSG5070_50KM_31_26,0,DEM_MASKED
230950600200251430,2023,EPSG5070_50KM_31_26,0,DEM_MASKED
230950600200251439,2023,EPSG5070_50KM_31_26,0,DEM_MASKED
230950600200251550,2023,EPSG5070_50KM_31_26,0,DEM_MASKED
230950600200251559,2023,EPSG5070_50KM_31_26,0,DEM_MASKED
230950600200251561,2023,EPSG5070_50KM_31_26,0,DEM_MASKED
230950600200251694,2023,EPSG5070_50KM_31_26,0,DEM_MASKED
230950600200251701,2023,EPSG5070_50KM_31_26,0,DEM_MASKED
230950600200251715,2023,EPSG5070_50KM_31_26,0,DEM_MASKED
230950600200251717,2023,EPSG5070_50KM_31_26,0,DEM_MASKED
230950600200251721,2023,EPSG5070_50KM_31_26,0,DEM_MASKED
230950600200251728,2023,EPSG5070_50KM_31_26,0,DEM_MASKED
230950600200251740,2023,EPSG5070_50KM_31_26,0,DEM_MASKED
230950600200251743,2023,EPSG5070_50KM_31_26,0,DEM_MASKED
230950600200251748,2023,EPSG5070_50KM_31_26,0,DEM_MASKED
230950600200251749,2023,EPSG5070_50KM_31_26,0,DEM_MASKED
230950600200251753,2023,EPSG5070_50KM_31_26,0,DEM_MASKED
230950600200251764,2023,EPSG5070_50KM_31_26,0,DEM_MASKED
230950600200251780,2023,EPSG5070_50KM_31_26,0,DEM_MASKED
230950600200251781,2023,EPSG5070_50KM_31_26,0,DEM_MASKED
230950600200251783,2023,EPSG5070_50KM_31_26,0,DEM_MASKED
230950600200251797,2023,EPSG5070_50KM_31_26,0,DEM_MASKED
230950600200251800,2023,EPSG5070_50KM_31_26,0,DEM_MASKED
230950600200251832,2023,EPSG5070_50KM_31_26,0,DEM_MASKED
230950600200251833,2023,EPSG5070_50KM_31_26,0,DEM_MASKED
230950600200251836,2023,EPSG5070_50KM_31_26,0,DEM_MASKED
230950800200246539,2023,EPSG5070_50KM_28_22,0,DEM_MASKED
230950800200246544,2023,EPSG5070_50KM_28_22,0,DEM_MASKED
230950800200246545,2023,EPSG5070_50KM_28_22,0,DEM_MASKED
230950800200246548,2023,EPSG5070_50KM_28_22,0,DEM_MASKED
230950800200248857,2023,EPSG5070_50KM_29_24,2,DEM_MASKED
230950800200249014,2023,EPSG5070_50KM_29_24,2,DEM_MASKED
230950800200249017,2023,EPSG5070_50KM_29_24,2,DEM_MASKED
230950800200249026,2023,EPSG5070_50KM_29_24,2,DEM_MASKED
230950800200249094,2023,EPSG5070_50KM_29_24,2,DEM_MASKED
230950800200249098,2023,EPSG5070_50KM_29_24,2,DEM_MASKED
230950800200249104,2023,EPSG5070_50KM_29_24,2,DEM_MASKED
230950800200249119,2023,EPSG5070_50KM_29_24,2,DEM_MASKED
230950800200249137,2023,EPSG5070_50KM_29_24,2,DEM_MASKED
230950800200249157,2023,EPSG5070_50KM_29_24,2,DEM_MASKED
230950800200249183,2023,EPSG5070_50KM_29_24,2,DEM_MASKED
230950800200249185,2023,EPSG5070_50KM_29_24,2,DEM_MASKED
230950800200249189,2023,EPSG5070_50KM_29_24,2,DEM_MASKED
230950800200249202,2023,EPSG5070_50KM_29_24,2,DEM_MASKED
230950800200249222,2023,EPSG5070_50KM_29_24,2,DEM_MASKED
230950800200249225,2023,EPSG5070_50KM_29_24,2,DEM_MASKED
230950800200249229,2023,EPSG5070_50KM_29_24,2,DEM_MASKED
230950800200249240,2023,EPSG5070_50KM_29_24,2,DEM_MASKED
230950800200249273,2023,EPSG5070_50KM_29_24,2,DEM_MASKED
230950800200249276,2023,EPSG5070_50KM_29_24,2,DEM_MASKED
230950800200251168,2023,EPSG5070_50KM_31_26,0,DEM_MASKED
230950800200251175,2023,EPSG5070_50KM_31_26,0,DEM_MASKED
230950800200251177,2023,EPSG5070_50KM_31_26,0,DEM_MASKED
230950800200251184,2023,EPSG5070_50KM_31_26,0,DEM_MASKED
230950800200251190,2023,EPSG5070_50KM_31_26,0,DEM_MASKED
230950800200251195,2023,EPSG5070_50KM_31_26,0,DEM_MASKED
230950800200251226,2023,EPSG5070_50KM_31_26,0,DEM_MASKED
230950800200251230,2023,EPSG5070_50KM_31_26,0,DEM_MASKED
230950800200251237,2023,EPSG5070_50KM_31_26,0,DEM_MASKED
230950800200251276,2023,EPSG5070_50KM_31_26,0,DEM_MASKED
230950800200251304,2023,EPSG5070_50KM_31_26,0,DEM_MASKED
230950800200251412,2023,EPSG5070_50KM_31_26,0,DEM_MASKED
230950800200251422,2023,EPSG5070_50KM_31_26,0,DEM_MASKED
230950800200251423,2023,EPSG5070_50KM_31_26,0,DEM_MASKED
230950800200251433,2023,EPSG5070_50KM_31_26,0,DEM_MASKED
230950800200251437,2023,EPSG5070_50KM_31_26,0,DEM_MASKED
230950800200251442,2023,EPSG5070_50KM_31_26,0,DEM_MASKED
230950800200251454,2023,EPSG5070_50KM_31_26,0,DEM_MASKED
230950800200251458,2023,EPSG5070_50KM_31_26,0,DEM_MASKED
230950800200251482,2023,EPSG5070_50KM_31_26,0,DEM_MASKED
230950800200251501,2023,EPSG5070_50KM_31_26,0,DEM_MASKED
230950800200251519,2023,EPSG5070_50KM_31_26,0,DEM_MASKED
230950800200251528,2023,EPSG5070_50KM_31_26,0,DEM_MASKED
230950800200251547,2023,EPSG5070_50KM_31_26,0,DEM_MASKED
230950800200251558,2023,EPSG5070_50KM_31_26,0,DEM_MASKED
230950800200251561,2023,EPSG5070_50KM_31_26,0,DEM_MASKED
230950800200251569,2023,EPSG5070_50KM_31_26,0,DEM_MASKED
230951100200246862,2023,EPSG5070_50KM_28_22,0,DEM_MASKED
230951100200246865,2023,EPSG5070_50KM_28_22,0,DEM_MASKED
230951100200246866,2023,EPSG5070_50KM_28_22,0,DEM_MASKED
230951100200246875,2023,EPSG5070_50KM_28_22,0,DEM_MASKED
230951100200249190,2023,EPSG5070_50KM_29_24,2,DEM_MASKED
230951100200249222,2023,EPSG5070_50KM_29_24,2,DEM_MASKED
230951100200249273,2023,EPSG5070_50KM_29_24,2,DEM_MASKED
230951100200249287,2023,EPSG5070_50KM_29_24,2,DEM_MASKED
230951100200249302,2023,EPSG5070_50KM_29_24,2,DEM_MASKED
230951100200249312,2023,EPSG5070_50KM_29_24,2,DEM_MASKED
230951100200249316,2023,EPSG5070_50KM_29_24,2,DEM_MASKED
230951100200249354,2023,EPSG5070_50KM_29_24,2,DEM_MASKED
230951100200249362,2023,EPSG5070_50KM_29_24,2,DEM_MASKED
230951100200249381,2023,EPSG5070_50KM_29_24,2,DEM_MASKED
230951100200249387,2023,EPSG5070_50KM_29_24,2,DEM_MASKED
230951100200249392,2023,EPSG5070_50KM_29_24,2,DEM_MASKED
230951100200249395,2023,EPSG5070_50KM_29_24,2,DEM_MASKED
230951100200249396,2023,EPSG5070_50KM_29_24,2,DEM_MASKED
230951100200249404,2023,EPSG5070_50KM_29_24,2,DEM_MASKED
230951100200249405,2023,EPSG5070_50KM_29_24,2,DEM_MASKED
230951100200249407,2023,EPSG5070_50KM_29_24,2,DEM_MASKED
230951100200249409,2023,EPSG5070_50KM_29_24,2,DEM_MASKED
230951100200249413,2023,EPSG5070_50KM_29_24,2,DEM_MASKED
230951100200249420,2023,EPSG5070_50KM_29_24,2,DEM_MASKED
230951100200249426,2023,EPSG5070_50KM_29_24,2,DEM_MASKED
230951100200249427,2023,EPSG5070_50KM_29_24,2,DEM_MASKED
230951100200249431,2023,EPSG5070_50KM_29_24,2,DEM_MASKED
230951100200249442,2023,EPSG5070_50KM_29_24,2,DEM_MASKED
230951100200249451,2023,EPSG5070_50KM_29_24,2,DEM_MASKED
230951100200249456,2023,EPSG5070_50KM_29_24,2,DEM_MASKED
230951100200249460,2023,EPSG5070_50KM_29_24,2,DEM_MASKED
230951100200249468,2023,EPSG5070_50KM_29_24,2,DEM_MASKED
230951100200249478,2023,EPSG5070_50KM_29_24,2,DEM_MASKED
230951100200249494,2023,EPSG5070_50KM_29_24,2,DEM_MASKED
230951100200249500,2023,EPSG5070_50KM_29_24,2,DEM_MASKED
230951100200249504,2023,EPSG5070_50KM_29_24,2,DEM_MASKED
230951100200249513,2023,EPSG5070_50KM_29_24,2,DEM_MASKED
230951100200249523,2023,EPSG5070_50KM_29_24,2,DEM_MASKED
230951100200249526,2023,EPSG5070_50KM_29_24,2,DEM_MASKED
230951100200249539,2023,EPSG5070_50KM_29_24,2,DEM_MASKED
230951100200249540,2023,EPSG5070_50KM_29_24,2,DEM_MASKED
230951100200249542,2023,EPSG5070_50KM_29_24,2,DEM_MASKED
230951100200249554,2023,EPSG5070_50KM_29_24,2,DEM_MASKED
230951100200249557,2023,EPSG5070_50KM_29_24,2,DEM_MASKED
230951100200249600,2023,EPSG5070_50KM_29_24,2,DEM_MASKED
230951100200249601,2023,EPSG5070_50KM_29_24,2,DEM_MASKED
230951100200249608,2023,EPSG5070_50KM_29_24,2,DEM_MASKED
230951100200249617,2023,EPSG5070_50KM_29_24,2,DEM_MASKED
230951100200251471,2023,EPSG5070_50KM_31_26,0,DEM_MASKED
230951100200251476,2023,EPSG5070_50KM_31_26,0,DEM_MASKED
230951100200251478,2023,EPSG5070_50KM_31_26,0,DEM_MASKED
230951100200251532,2023,EPSG5070_50KM_31_26,0,DEM_MASKED
230951100200251561,2023,EPSG5070_50KM_31_26,0,DEM_MASKED
230951100200251604,2023,EPSG5070_50KM_31_26,0,DEM_MASKED
230951100200251607,2023,EPSG5070_50KM_31_26,0,DEM_MASKED
230951100200251616,2023,EPSG5070_50KM_31_26,0,DEM_MASKED
230951100200251620,2023,EPSG5070_50KM_31_26,0,DEM_MASKED
230951100200251721,2023,EPSG5070_50KM_31_26,0,DEM_MASKED
230951100200251732,2023,EPSG5070_50KM_31_26,0,DEM_MASKED
230951100200251737,2023,EPSG5070_50KM_31_26,0,DEM_MASKED
230951100200251746,2023,EPSG5070_50KM_31_26,0,DEM_MASKED
230951100200251747,2023,EPSG5070_50KM_31_26,0,DEM_MASKED
230951100200251750,2023,EPSG5070_50KM_31_26,0,DEM_MASKED
230951100200251795,2023,EPSG5070_50KM_31_26,0,DEM_MASKED
230951100200251827,2023,EPSG5070_50KM_31_26,0,DEM_MASKED
230951100200251830,2023,EPSG5070_50KM_31_26,0,DEM_MASKED
230951100200251833,2023,EPSG5070_50KM_31_26,0,DEM_MASKED
230951100200251834,2023,EPSG5070_50KM_31_26,0,DEM_MASKED
230951100200251850,2023,EPSG5070_50KM_31_26,0,DEM_MASKED
230951100200251854,2023,EPSG5070_50KM_31_26,0,DEM_MASKED
230951100200251870,2023,EPSG5070_50KM_31_26,0,DEM_MASKED
230951100200251871,2023,EPSG5070_50KM_31_26,0,DEM_MASKED
230951100200251873,2023,EPSG5070_50KM_31_26,0,DEM_MASKED
230951100200251876,2023,EPSG5070_50KM_31_26,0,DEM_MASKED
230951100200251883,2023,EPSG5070_50KM_31_26,0,DEM_MASKED
230951100200251896,2023,EPSG5070_50KM_31_26,0,DEM_MASKED
230951100200251909,2023,EPSG5070_50KM_31_26,0,DEM_MASKED
230951100200251911,2023,EPSG5070_50KM_31_26,0,DEM_MASKED
230951100200251912,2023,EPSG5070_50KM_31_26,0,DEM_MASKED
236340000300426828,2023,EPSG5070_50KM_27_19,1,DEM_MASKED
236340000300426881,2023,EPSG5070_50KM_27_19,1,DEM_MASKED
236340000300426928,2023,EPSG5070_50KM_27_19,1,DEM_MASKED
236340000300426937,2023,EPSG5070_50KM_27_19,1,DEM_MASKED
236340000300426996,2023,EPSG5070_50KM_27_19,1,DEM_MASKED
236340000300427011,2023,EPSG5070_50KM_27_19,1,DEM_MASKED
236340000300427124,2023,EPSG5070_50KM_27_19,1,DEM_MASKED
236340000300427173,2023,EPSG5070_50KM_27_19,1,DEM_MASKED
236340000300427239,2023,EPSG5070_50KM_27_19,1,DEM_MASKED
236340000300427252,2023,EPSG5070_50KM_27_19,1,DEM_MASKED
236340100300426714,2023,EPSG5070_50KM_27_19,1,DEM_MASKED
236340100300426753,2023,EPSG5070_50KM_27_19,1,DEM_MASKED
236340100300426909,2023,EPSG5070_50KM_27_19,1,DEM_MASKED
236340100300426916,2023,EPSG5070_50KM_27_19,1,DEM_MASKED
236340100300426957,2023,EPSG5070_50KM_27_19,1,DEM_MASKED
236340100300427102,2023,EPSG5070_50KM_27_19,1,DEM_MASKED
236340100300427111,2023,EPSG5070_50KM_27_19,1,DEM_MASKED
236340100300427165,2023,EPSG5070_50KM_27_19,1,DEM_MASKED
236340100300427208,2023,EPSG5070_50KM_27_19,1,DEM_MASKED
236340100300427209,2023,EPSG5070_50KM_27_19,1,DEM_MASKED
236340100300427236,2023,EPSG5070_50KM_27_19,1,DEM_MASKED
236340100300427246,2023,EPSG5070_50KM_27_19,1,DEM_MASKED
236340100300427248,2023,EPSG5070_50KM_27_19,1,DEM_MASKED
236340200300426884,2023,EPSG5070_50KM_27_19,1,DEM_MASKED
236340200300426886,2023,EPSG5070_50KM_27_19,1,DEM_MASKED
236340200300427052,2023,EPSG5070_50KM_27_19,1,DEM_MASKED
236340200300427147,2023,EPSG5070_50KM_27_19,1,DEM_MASKED
236340200300427344,2023,EPSG5070_50KM_27_19,1,DEM_MASKED
236340300300426835,2023,EPSG5070_50KM_27_19,1,DEM_MASKED
236340300300426935,2023,EPSG5070_50KM_27_19,1,DEM_MASKED
236340300300426984,2023,EPSG5070_50KM_27_19,1,DEM_MASKED
236340300300427049,2023,EPSG5070_50KM_27_19,1,DEM_MASKED
236340300300427246,2023,EPSG5070_50KM_27_19,1,DEM_MASKED
236340500300426485,2023,EPSG5070_50KM_26_19,1,DEM_MASKED
236340500300426649,2023,EPSG5070_50KM_27_19,1,DEM_MASKED
236340500300426651,2023,EPSG5070_50KM_27_19,1,DEM_MASKED
236340500300426658,2023,EPSG5070_50KM_27_19,1,DEM_MASKED
236340500300426662,2023,EPSG5070_50KM_27_19,1,DEM_MASKED
236340500300426670,2023,EPSG5070_50KM_27_19,1,DEM_MASKED
236340500300426683,2023,EPSG5070_50KM_27_19,1,DEM_MASKED
236340500300426714,2023,EPSG5070_50KM_27_19,1,DEM_MASKED
236340500300426774,2023,EPSG5070_50KM_27_19,1,DEM_MASKED
236340500300426777,2023,EPSG5070_50KM_27_19,1,DEM_MASKED
236340500300426789,2023,EPSG5070_50KM_27_19,1,DEM_MASKED
236340500300426801,2023,EPSG5070_50KM_27_19,1,DEM_MASKED
236340500300426802,2023,EPSG5070_50KM_27_19,1,DEM_MASKED
236340500300426827,2023,EPSG5070_50KM_27_19,1,DEM_MASKED
236340500300426834,2023,EPSG5070_50KM_27_19,1,DEM_MASKED
236340500300426835,2023,EPSG5070_50KM_27_19,1,DEM_MASKED
236340500300426843,2023,EPSG5070_50KM_27_19,1,DEM_MASKED
236340500300426846,2023,EPSG5070_50KM_27_19,1,DEM_MASKED
236340500300426873,2023,EPSG5070_50KM_27_19,1,DEM_MASKED
236340500300426932,2023,EPSG5070_50KM_27_19,1,DEM_MASKED
236340500300426941,2023,EPSG5070_50KM_27_19,1,DEM_MASKED
236340500300426969,2023,EPSG5070_50KM_27_19,1,DEM_MASKED
236340500300426994,2023,EPSG5070_50KM_27_19,1,DEM_MASKED
236340500300427009,2023,EPSG5070_50KM_27_19,1,DEM_MASKED
236340500300427022,2023,EPSG5070_50KM_27_19,1,DEM_MASKED
236340500300427049,2023,EPSG5070_50KM_27_19,1,DEM_MASKED
236340500300427052,2023,EPSG5070_50KM_27_19,1,DEM_MASKED
236340500300427073,2023,EPSG5070_50KM_27_19,1,DEM_MASKED
236340500300427084,2023,EPSG5070_50KM_27_19,1,DEM_MASKED
236340500300427088,2023,EPSG5070_50KM_27_19,1,DEM_MASKED
236340500300427091,2023,EPSG5070_50KM_27_19,1,DEM_MASKED
236340500300427115,2023,EPSG5070_50KM_27_19,1,DEM_MASKED
236340600300426454,2023,EPSG5070_50KM_27_19,1,DEM_MASKED
236340600300426473,2023,EPSG5070_50KM_27_19,1,DEM_MASKED
236340600300426475,2023,EPSG5070_50KM_27_19,1,DEM_MASKED
236340600300426479,2023,EPSG5070_50KM_27_19,1,DEM_MASKED
236340600300426510,2023,EPSG5070_50KM_27_19,1,DEM_MASKED
236340600300426523,2023,EPSG5070_50KM_27_19,1,DEM_MASKED
236340600300426532,2023,EPSG5070_50KM_27_19,1,DEM_MASKED
236340600300426541,2023,EPSG5070_50KM_27_19,1,DEM_MASKED
236340600300426544,2023,EPSG5070_50KM_27_19,1,DEM_MASKED
236340600300426550,2023,EPSG5070_50KM_27_19,1,DEM_MASKED
236340600300426558,2023,EPSG5070_50KM_27_19,1,DEM_MASKED
236340600300426562,2023,EPSG5070_50KM_27_19,1,DEM_MASKED
236340600300426566,2023,EPSG5070_50KM_27_19,1,DEM_MASKED
236340600300426572,2023,EPSG5070_50KM_27_19,1,DEM_MASKED
236340600300426582,2023,EPSG5070_50KM_27_19,1,DEM_MASKED
236340600300426586,2023,EPSG5070_50KM_27_19,1,DEM_MASKED
236340600300426587,2023,EPSG5070_50KM_27_19,1,DEM_MASKED
236340600300426598,2023,EPSG5070_50KM_27_19,1,DEM_MASKED
236340600300426619,2023,EPSG5070_50KM_27_19,1,DEM_MASKED
236340600300426642,2023,EPSG5070_50KM_27_19,1,DEM_MASKED
236340600300426650,2023,EPSG5070_50KM_27_19,1,DEM_MASKED
236340600300426653,2023,EPSG5070_50KM_27_19,1,DEM_MASKED
236340600300426675,2023,EPSG5070_50KM_27_19,1,DEM_MASKED
236340600300426683,2023,EPSG5070_50KM_27_19,1,DEM_MASKED
236340600300426693,2023,EPSG5070_50KM_27_19,1,DEM_MASKED
236340600300426724,2023,EPSG5070_50KM_27_19,1,DEM_MASKED
236340600300426743,2023,EPSG5070_50KM_27_19,1,DEM_MASKED
236340600300426745,2023,EPSG5070_50KM_27_19,1,DEM_MASKED
236340600300426752,2023,EPSG5070_50KM_27_19,1,DEM_MASKED
236340600300426766,2023,EPSG5070_50KM_27_19,1,DEM_MASKED
236340600300426776,2023,EPSG5070_50KM_27_19,1,DEM_MASKED
236340600300426784,2023,EPSG5070_50KM_27_19,1,DEM_MASKED
236340600300426791,2023,EPSG5070_50KM_27_19,1,DEM_MASKED
236340600300426795,2023,EPSG5070_50KM_27_19,1,DEM_MASKED
236340600300426813,2023,EPSG5070_50KM_27_19,1,DEM_MASKED
236340600300426821,2023,EPSG5070_50KM_27_19,1,DEM_MASKED
236340600300426824,2023,EPSG5070_50KM_27_19,1,DEM_MASKED
236340600300426825,2023,EPSG5070_50KM_27_19,1,DEM_MASKED
236340600300426842,2023,EPSG5070_50KM_27_19,1,DEM_MASKED
236340600300426845,2023,EPSG5070_50KM_27_19,1,DEM_MASKED
236340600300426850,2023,EPSG5070_50KM_27_19,1,DEM_MASKED
236340600300426852,2023,EPSG5070_50KM_27_19,1,DEM_MASKED
236340600300426857,2023,EPSG5070_50KM_27_19,1,DEM_MASKED
236340600300426919,2023,EPSG5070_50KM_27_19,1,DEM_MASKED
236340600300426925,2023,EPSG5070_50KM_27_19,1,DEM_MASKED
236340600300426931,2023,EPSG5070_50KM_27_19,1,DEM_MASKED
236340800300426157,2023,EPSG5070_50KM_26_19,1,DEM_MASKED
236340800300426216,2023,EPSG5070_50KM_27_19,1,DEM_MASKED
236340800300426223,2023,EPSG5070_50KM_27_19,1,DEM_MASKED
236340800300426224,2023,EPSG5070_50KM_27_19,1,DEM_MASKED
236340800300426227,2023,EPSG5070_50KM_27_19,1,DEM_MASKED
236340800300426229,2023,EPSG5070_50KM_27_19,1,DEM_MASKED
236340800300426238,2023,EPSG5070_50KM_27_19,1,DEM_MASKED
236340800300426240,2023,EPSG5070_50KM_27_19,1,DEM_MASKED
236340800300426249,2023,EPSG5070_50KM_27_19,1,DEM_MASKED
236340800300426264,2023,EPSG5070_50KM_27_19,1,DEM_MASKED
236340800300426267,2023,EPSG5070_50KM_27_19,1,DEM_MASKED
236340800300426287,2023,EPSG5070_50KM_27_19,1,DEM_MASKED
236340800300426293,2023,EPSG5070_50KM_27_19,1,DEM_MASKED
236340800300426295,2023,EPSG5070_50KM_27_19,1,DEM_MASKED
236340800300426312,2023,EPSG5070_50KM_27_19,1,DEM_MASKED
236340800300426336,2023,EPSG5070_50KM_27_19,1,DEM_MASKED
236340800300426338,2023,EPSG5070_50KM_27_19,1,DEM_MASKED
236340800300426360,2023,EPSG5070_50KM_27_19,1,DEM_MASKED
236340800300426361,2023,EPSG5070_50KM_27_19,1,DEM_MASKED
236340800300426380,2023,EPSG5070_50KM_27_19,1,DEM_MASKED
236340800300426412,2023,EPSG5070_50KM_27_19,1,DEM_MASKED
236340800300426417,2023,EPSG5070_50KM_27_19,1,DEM_MASKED
236340800300426418,2023,EPSG5070_50KM_27_19,1,DEM_MASKED
236340800300426425,2023,EPSG5070_50KM_27_19,1,DEM_MASKED
236340800300426433,2023,EPSG5070_50KM_27_19,1,DEM_MASKED
236340800300426445,2023,EPSG5070_50KM_27_19,1,DEM_MASKED
236340800300426455,2023,EPSG5070_50KM_27_19,1,DEM_MASKED
236340800300426462,2023,EPSG5070_50KM_27_19,1,DEM_MASKED
236340800300426463,2023,EPSG5070_50KM_27_19,1,DEM_MASKED
236340800300426471,2023,EPSG5070_50KM_27_19,1,DEM_MASKED
236340800300426480,2023,EPSG5070_50KM_27_19,1,DEM_MASKED
236340800300426494,2023,EPSG5070_50KM_27_19,1,DEM_MASKED
236340800300426501,2023,EPSG5070_50KM_27_19,1,DEM_MASKED
236340800300426506,2023,EPSG5070_50KM_27_19,1,DEM_MASKED
236340800300426507,2023,EPSG5070_50KM_27_19,1,DEM_MASKED
236340800300426513,2023,EPSG5070_50KM_27_19,1,DEM_MASKED
236340800300426524,2023,EPSG5070_50KM_27_19,1,DEM_MASKED
236340800300426536,2023,EPSG5070_50KM_27_19,1,DEM_MASKED
236340800300426571,2023,EPSG5070_50KM_27_19,1,DEM_MASKED
236340800300426572,2023,EPSG5070_50KM_27_19,1,DEM_MASKED
236340800300426594,2023,EPSG5070_50KM_27_19,1,DEM_MASKED
236340800300426609,2023,EPSG5070_50KM_27_19,1,DEM_MASKED
236340800300426628,2023,EPSG5070_50KM_27_19,1,DEM_MASKED
236340800300426644,2023,EPSG5070_50KM_27_19,1,DEM_MASKED
236340800300426668,2023,EPSG5070_50KM_27_19,1,DEM_MASKED
236341100300426288,2023,EPSG5070_50KM_26_19,1,DEM_MASKED
236341100300426370,2023,EPSG5070_50KM_26_19,1,DEM_MASKED
236341100300426390,2023,EPSG5070_50KM_26_19,1,DEM_MASKED
236341100300426391,2023,EPSG5070_50KM_26_19,1,DEM_MASKED
236341100300426445,2023,EPSG5070_50KM_27_19,1,DEM_MASKED
236341100300426447,2023,EPSG5070_50KM_27_19,1,DEM_MASKED
236341100300426469,2023,EPSG5070_50KM_27_19,1,DEM_MASKED
236341100300426475,2023,EPSG5070_50KM_27_19,1,DEM_MASKED
236341100300426477,2023,EPSG5070_50KM_27_19,1,DEM_MASKED
236341100300426488,2023,EPSG5070_50KM_27_19,1,DEM_MASKED
236341100300426489,2023,EPSG5070_50KM_27_19,1,DEM_MASKED
236341100300426561,2023,EPSG5070_50KM_27_19,1,DEM_MASKED
236341100300426567,2023,EPSG5070_50KM_27_19,1,DEM_MASKED
236341100300426588,2023,EPSG5070_50KM_27_19,1,DEM_MASKED
236341100300426590,2023,EPSG5070_50KM_27_19,1,DEM_MASKED
236341100300426611,2023,EPSG5070_50KM_27_19,1,DEM_MASKED
236341100300426614,2023,EPSG5070_50KM_27_19,1,DEM_MASKED
236341100300426623,2023,EPSG5070_50KM_27_19,1,DEM_MASKED
236341100300426632,2023,EPSG5070_50KM_27_19,1,DEM_MASKED
236341100300426697,2023,EPSG5070_50KM_27_19,1,DEM_MASKED
236341100300426706,2023,EPSG5070_50KM_27_19,1,DEM_MASKED
236341100300426710,2023,EPSG5070_50KM_27_19,1,DEM_MASKED
236341100300426713,2023,EPSG5070_50KM_27_19,1,DEM_MASKED
236341100300426717,2023,EPSG5070_50KM_27_19,1,DEM_MASKED
236341100300426724,2023,EPSG5070_50KM_27_19,1,DEM_MASKED
236341100300426751,2023,EPSG5070_50KM_27_19,1,DEM_MASKED
236341100300426760,2023,EPSG5070_50KM_27_19,1,DEM_MASKED
236341100300426769,2023,EPSG5070_50KM_27_19,1,DEM_MASKED
236341100300426776,2023,EPSG5070_50KM_27_19,1,DEM_MASKED
236341100300426788,2023,EPSG5070_50KM_27_19,1,DEM_MASKED
236341100300426789,2023,EPSG5070_50KM_27_19,1,DEM_MASKED
236341100300426792,2023,EPSG5070_50KM_27_19,1,DEM_MASKED
236341100300426800,2023,EPSG5070_50KM_27_19,1,DEM_MASKED
236341100300426843,2023,EPSG5070_50KM_27_19,1,DEM_MASKED
236341100300426855,2023,EPSG5070_50KM_27_19,1,DEM_MASKED
236341100300426859,2023,EPSG5070_50KM_27_19,1,DEM_MASKED
236341100300426865,2023,EPSG5070_50KM_27_19,1,DEM_MASKED
236341100300426889,2023,EPSG5070_50KM_27_19,1,DEM_MASKED
236341100300426891,2023,EPSG5070_50KM_27_19,1,DEM_MASKED
236341100300426904,2023,EPSG5070_50KM_27_19,1,DEM_MASKED
236341100300426923,2023,EPSG5070_50KM_27_19,1,DEM_MASKED
236341100300426926,2023,EPSG5070_50KM_27_19,1,DEM_MASKED
236341100300426932,2023,EPSG5070_50KM_27_19,1,DEM_MASKED
236341100300426948,2023,EPSG5070_50KM_27_19,1,DEM_MASKED
236341100300426949,2023,EPSG5070_50KM_27_19,1,DEM_MASKED
236341100300426954,2023,EPSG5070_50KM_27_19,1,DEM_MASKED
236341100300426955,2023,EPSG5070_50KM_27_19,1,DEM_MASKED
236341100300426973,2023,EPSG5070_50KM_27_19,1,DEM_MASKED
236341100300426974,2023,EPSG5070_50KM_27_19,1,DEM_MASKED
236490000300419382,2023,EPSG5070_50KM_31_26,0,DEM_MASKED
236490000300419418,2023,EPSG5070_50KM_31_26,0,DEM_MASKED
236490200300419270,2023,EPSG5070_50KM_31_26,0,DEM_MASKED
236490200300419283,2023,EPSG5070_50KM_31_26,0,DEM_MASKED
236490500300419196,2023,EPSG5070_50KM_31_26,0,DEM_MASKED
236490500300419206,2023,EPSG5070_50KM_31_26,0,DEM_MASKED
236490500300419350,2023,EPSG5070_50KM_31_26,0,DEM_MASKED
236490500300419393,2023,EPSG5070_50KM_31_26,0,DEM_MASKED
236490600300418781,2023,EPSG5070_50KM_31_26,0,DEM_MASKED
236490600300418797,2023,EPSG5070_50KM_31_26,0,DEM_MASKED
236490600300418818,2023,EPSG5070_50KM_31_26,0,DEM_MASKED
236490600300418944,2023,EPSG5070_50KM_31_26,0,DEM_MASKED
236490600300418946,2023,EPSG5070_50KM_31_26,0,DEM_MASKED
236490600300418965,2023,EPSG5070_50KM_31_26,0,DEM_MASKED
236490600300418978,2023,EPSG5070_50KM_31_26,0,DEM_MASKED
236490800300418712,2023,EPSG5070_50KM_31_26,0,DEM_MASKED
236490800300418744,2023,EPSG5070_50KM_31_26,0,DEM_MASKED
236490800300418747,2023,EPSG5070_50KM_31_26,0,DEM_MASKED
236490800300418752,2023,EPSG5070_50KM_31_26,0,DEM_MASKED
236490800300418759,2023,EPSG5070_50KM_31_26,0,DEM_MASKED
236490800300418830,2023,EPSG5070_50KM_31_26,0,DEM_MASKED
236490800300418842,2023,EPSG5070_50KM_31_26,0,DEM_MASKED
236490800300418859,2023,EPSG5070_50KM_31_26,0,DEM_MASKED
236490800300418864,2023,EPSG5070_50KM_31_26,0,DEM_MASKED
236490800300418879,2023,EPSG5070_50KM_31_26,0,DEM_MASKED
236490800300418899,2023,EPSG5070_50KM_31_26,0,DEM_MASKED
236491100300419065,2023,EPSG5070_50KM_31_26,0,DEM_MASKED
236491100300419066,2023,EPSG5070_50KM_31_26,0,DEM_MASKED
236491100300419081,2023,EPSG5070_50KM_31_26,0,DEM_MASKED
236491100300419087,2023,EPSG5070_50KM_31_26,0,DEM_MASKED
236491100300419099,2023,EPSG5070_50KM_31_26,0,DEM_MASKED
236491100300419117,2023,EPSG5070_50KM_31_26,0,DEM_MASKED
236491100300419124,2023,EPSG5070_50KM_31_26,0,DEM_MASKED
236491100300419137,2023,EPSG5070_50KM_31_26,0,DEM_MASKED
236491100300419195,2023,EPSG5070_50KM_31_26,0,DEM_MASKED
236491100300419220,2023,EPSG5070_50KM_31_26,0,DEM_MASKED
236491100300419272,2023,EPSG5070_50KM_31_26,0,DEM_MASKED
236491100300419273,2023,EPSG5070_50KM_31_26,0,DEM_MASKED
239390500300423846,2023,EPSG5070_50KM_28_22,0,DEM_MASKED
239390800300422405,2023,EPSG5070_50KM_28_22,0,DEM_MASKED
25070000300220062,2019,EPSG5070_50KM_27_19,1,DEM_MASKED
25070100300215508,2019,EPSG5070_50KM_27_19,1,DEM_MASKED
25070200300220607,2019,EPSG5070_50KM_27_19,1,DEM_MASKED
25070200300220614,2019,EPSG5070_50KM_27_19,1,DEM_MASKED
25070200300220615,2019,EPSG5070_50KM_27_19,1,DEM_MASKED
25070200300220708,2019,EPSG5070_50KM_27_19,1,DEM_MASKED
25070200300220724,2019,EPSG5070_50KM_27_19,1,DEM_MASKED
25070300300215303,2019,EPSG5070_50KM_27_19,1,DEM_MASKED
25070300300215362,2019,EPSG5070_50KM_27_19,1,DEM_MASKED
25070300300215375,2019,EPSG5070_50KM_27_19,1,DEM_MASKED
25070300300215397,2019,EPSG5070_50KM_27_19,1,DEM_MASKED
25070300300215405,2019,EPSG5070_50KM_27_19,1,DEM_MASKED
25070300300215617,2019,EPSG5070_50KM_27_19,1,DEM_MASKED
25070300300215618,2019,EPSG5070_50KM_27_19,1,DEM_MASKED
25070500300215093,2019,EPSG5070_50KM_27_19,1,DEM_MASKED
25070500300215167,2019,EPSG5070_50KM_27_19,1,DEM_MASKED
25070500300215200,2019,EPSG5070_50KM_27_19,1,DEM_MASKED
25070500300215308,2019,EPSG5070_50KM_27_19,1,DEM_MASKED
25070500300215311,2019,EPSG5070_50KM_27_19,1,DEM_MASKED
25070500300215318,2019,EPSG5070_50KM_27_19,1,DEM_MASKED
25070500300215336,2019,EPSG5070_50KM_27_19,1,DEM_MASKED
25070500300215341,2019,EPSG5070_50KM_27_19,1,DEM_MASKED
25070600300637121,2019,EPSG5070_50KM_27_19,1,DEM_MASKED
25070600300637210,2019,EPSG5070_50KM_27_19,1,DEM_MASKED
25070600300637233,2019,EPSG5070_50KM_27_19,1,DEM_MASKED
25070600300637237,2019,EPSG5070_50KM_27_19,1,DEM_MASKED
25070600300637323,2019,EPSG5070_50KM_27_19,1,DEM_MASKED
25070600300637332,2019,EPSG5070_50KM_27_19,1,DEM_MASKED
25070600300637638,2019,EPSG5070_50KM_27_19,1,DEM_MASKED
25070800300220310,2019,EPSG5070_50KM_27_19,1,DEM_MASKED
25070800300220337,2019,EPSG5070_50KM_27_19,1,DEM_MASKED
25070800300220366,2019,EPSG5070_50KM_27_19,1,DEM_MASKED
25070800300220753,2019,EPSG5070_50KM_27_19,1,DEM_MASKED
25071100300214874,2019,EPSG5070_50KM_27_19,1,DEM_MASKED
25071100300214977,2019,EPSG5070_50KM_27_19,1,DEM_MASKED
25071100300214979,2019,EPSG5070_50KM_27_19,1,DEM_MASKED
25071100300215027,2019,EPSG5070_50KM_27_19,1,DEM_MASKED
25071100300215107,2019,EPSG5070_50KM_27_19,1,DEM_MASKED
25071100300215141,2019,EPSG5070_50KM_27_19,1,DEM_MASKED
25071100300215416,2019,EPSG5070_50KM_27_19,1,DEM_MASKED
25220800300231804,2019,EPSG5070_50KM_31_27,4,DEM_MASKED
25220800300231824,2019,EPSG5070_50KM_31_27,4,DEM_MASKED
25220800300231857,2019,EPSG5070_50KM_31_27,4,DEM_MASKED
25220800300231869,2019,EPSG5070_50KM_31_27,4,DEM_MASKED
25220800300231885,2019,EPSG5070_50KM_31_27,4,DEM_MASKED
25220800300231904,2019,EPSG5070_50KM_31_27,4,DEM_MASKED
25220800300231941,2019,EPSG5070_50KM_31_27,4,DEM_MASKED
25220800300231944,2019,EPSG5070_50KM_31_27,4,DEM_MASKED
25220800300231963,2019,EPSG5070_50KM_31_27,4,DEM_MASKED
25220800300231974,2019,EPSG5070_50KM_31_27,4,DEM_MASKED
25220800300231978,2019,EPSG5070_50KM_31_27,4,DEM_MASKED
25220800300232000,2019,EPSG5070_50KM_31_27,4,DEM_MASKED
25220800300232013,2019,EPSG5070_50KM_31_27,4,DEM_MASKED
25220800300232028,2019,EPSG5070_50KM_31_27,4,DEM_MASKED
25220800300232045,2019,EPSG5070_50KM_31_27,4,DEM_MASKED
25220800300232046,2019,EPSG5070_50KM_31_27,4,DEM_MASKED
25220800300232056,2019,EPSG5070_50KM_31_27,4,DEM_MASKED
25220800300232063,2019,EPSG5070_50KM_31_27,4,DEM_MASKED
25220800300232065,2019,EPSG5070_50KM_31_26,0,DEM_MASKED
25220800300232117,2019,EPSG5070_50KM_31_26,0,DEM_MASKED
25221100300226335,2019,EPSG5070_50KM_31_27,4,DEM_MASKED
25221100300226348,2019,EPSG5070_50KM_31_27,4,DEM_MASKED
25221100300226404,2019,EPSG5070_50KM_31_27,4,DEM_MASKED
25221100300226425,2019,EPSG5070_50KM_31_27,4,DEM_MASKED
25221100300226429,2019,EPSG5070_50KM_31_27,4,DEM_MASKED
25221100300226452,2019,EPSG5070_50KM_31_27,4,DEM_MASKED
25221100300226457,2019,EPSG5070_50KM_31_27,4,DEM_MASKED
25221100300226496,2019,EPSG5070_50KM_31_27,4,DEM_MASKED
25221100300226499,2019,EPSG5070_50KM_31_27,4,DEM_MASKED
25221100300226507,2019,EPSG5070_50KM_31_27,4,DEM_MASKED
25221100300226519,2019,EPSG5070_50KM_31_27,4,DEM_MASKED
25221100300226537,2019,EPSG5070_50KM_31_27,4,DEM_MASKED
25221100300226551,2019,EPSG5070_50KM_31_27,4,DEM_MASKED
25221100300226554,2019,EPSG5070_50KM_31_27,4,DEM_MASKED
25221100300226579,2019,EPSG5070_50KM_31_27,4,DEM_MASKED
25221100300226580,2019,EPSG5070_50KM_31_27,4,DEM_MASKED
25221100300226583,2019,EPSG5070_50KM_31_27,4,DEM_MASKED
25221100300226584,2019,EPSG5070_50KM_31_27,4,DEM_MASKED
25221100300226589,2019,EPSG5070_50KM_31_27,4,DEM_MASKED
25221100300226590,2019,EPSG5070_50KM_31_27,4,DEM_MASKED
25221100300226654,2019,EPSG5070_50KM_31_26,0,DEM_MASKED
26290100300281252,2019,EPSG5070_50KM_29_24,2,DEM_MASKED
26290200300285577,2019,EPSG5070_50KM_29_24,2,DEM_MASKED
26290500300281175,2019,EPSG5070_50KM_29_24,2,DEM_MASKED
26290500300281370,2019,EPSG5070_50KM_29_24,2,DEM_MASKED
26290600300560846,2019,EPSG5070_50KM_29_24,2,DEM_MASKED
26290800300285293,2019,EPSG5070_50KM_29_24,2,DEM_MASKED
26291100300281233,2019,EPSG5070_50KM_29_24,2,DEM_MASKED
305760600300632721,2024,EPSG5070_50KM_28_22,0,DEM_MASKED
306780000200249217,2024,EPSG5070_50KM_30_24,3,DEM_MASKED
306780000200249221,2024,EPSG5070_50KM_30_24,3,DEM_MASKED
306780000200249227,2024,EPSG5070_50KM_30_24,3,DEM_MASKED
306780000200249228,2024,EPSG5070_50KM_30_24,3,DEM_MASKED
306780000200249230,2024,EPSG5070_50KM_30_24,3,DEM_MASKED
306780100200243593,2024,EPSG5070_50KM_26_19,1,DEM_MASKED
306780100200243634,2024,EPSG5070_50KM_26_19,1,DEM_MASKED
306780100200243703,2024,EPSG5070_50KM_26_19,1,DEM_MASKED
306780100200243712,2024,EPSG5070_50KM_26_19,1,DEM_MASKED
306780100200243910,2024,EPSG5070_50KM_26_19,1,DEM_MASKED
306780100200249237,2024,EPSG5070_50KM_30_24,3,DEM_MASKED
306780100200249238,2024,EPSG5070_50KM_30_24,3,DEM_MASKED
306780100200249241,2024,EPSG5070_50KM_30_24,3,DEM_MASKED
306780200200243700,2024,EPSG5070_50KM_26_19,1,DEM_MASKED
306780500200243587,2024,EPSG5070_50KM_26_19,1,DEM_MASKED
306780500200243644,2024,EPSG5070_50KM_26_19,1,DEM_MASKED
306780600200243380,2024,EPSG5070_50KM_26_19,1,DEM_MASKED
306780600200243708,2024,EPSG5070_50KM_26_19,1,DEM_MASKED
317510600300418533,2024,EPSG5070_50KM_31_26,0,DEM_MASKED
317510800300418478,2024,EPSG5070_50KM_31_26,0,DEM_MASKED
317511100300418807,2024,EPSG5070_50KM_31_26,0,DEM_MASKED
317511100300418942,2024,EPSG5070_50KM_31_26,0,DEM_MASKED
317511100300419032,2024,EPSG5070_50KM_31_26,0,DEM_MASKED
320820200200250222,2024,EPSG5070_50KM_29_24,2,DEM_MASKED
320820200200252910,2024,EPSG5070_50KM_31_27,4,DEM_MASKED
320820300200250198,2024,EPSG5070_50KM_29_24,2,DEM_MASKED
320820300200252798,2024,EPSG5070_50KM_31_27,4,DEM_MASKED
320820500200250296,2024,EPSG5070_50KM_29_24,2,DEM_MASKED
320820500200250304,2024,EPSG5070_50KM_29_24,2,DEM_MASKED
320820500200252802,2024,EPSG5070_50KM_31_26,0,DEM_MASKED
320820500200252836,2024,EPSG5070_50KM_31_26,0,DEM_MASKED
320820500200252839,2024,EPSG5070_50KM_31_26,0,DEM_MASKED
320820500200252864,2024,EPSG5070_50KM_31_26,0,DEM_MASKED
320820500200252913,2024,EPSG5070_50KM_31_27,4,DEM_MASKED
320820500200252917,2024,EPSG5070_50KM_31_27,4,DEM_MASKED
320820500200252929,2024,EPSG5070_50KM_31_27,4,DEM_MASKED
320820500200252941,2024,EPSG5070_50KM_31_27,4,DEM_MASKED
320820500200252945,2024,EPSG5070_50KM_31_27,4,DEM_MASKED
320820500200252946,2024,EPSG5070_50KM_31_27,4,DEM_MASKED
320820500200252949,2024,EPSG5070_50KM_31_27,4,DEM_MASKED
320820500200252963,2024,EPSG5070_50KM_31_27,4,DEM_MASKED
320820500200252965,2024,EPSG5070_50KM_31_27,4,DEM_MASKED
320820500200252977,2024,EPSG5070_50KM_31_27,4,DEM_MASKED
320820600200250104,2024,EPSG5070_50KM_29_24,2,DEM_MASKED
320820600200252592,2024,EPSG5070_50KM_31_26,0,DEM_MASKED
320820600200252624,2024,EPSG5070_50KM_31_26,0,DEM_MASKED
320820600200252642,2024,EPSG5070_50KM_31_26,0,DEM_MASKED
320820600200252646,2024,EPSG5070_50KM_31_26,0,DEM_MASKED
320820600200252678,2024,EPSG5070_50KM_31_26,0,DEM_MASKED
320820600200252691,2024,EPSG5070_50KM_31_26,0,DEM_MASKED
320820600200252696,2024,EPSG5070_50KM_31_26,0,DEM_MASKED
320820600200252713,2024,EPSG5070_50KM_31_27,4,DEM_MASKED
320820600200252719,2024,EPSG5070_50KM_31_27,4,DEM_MASKED
320820600200252734,2024,EPSG5070_50KM_31_27,4,DEM_MASKED
320820600200252736,2024,EPSG5070_50KM_31_27,4,DEM_MASKED
320820600200252741,2024,EPSG5070_50KM_31_27,4,DEM_MASKED
320820600200252757,2024,EPSG5070_50KM_31_27,4,DEM_MASKED
320820600200252761,2024,EPSG5070_50KM_31_27,4,DEM_MASKED
320820600200252762,2024,EPSG5070_50KM_31_27,4,DEM_MASKED
320820600200252763,2024,EPSG5070_50KM_31_27,4,DEM_MASKED
320820600200252774,2024,EPSG5070_50KM_31_27,4,DEM_MASKED
320820600200252789,2024,EPSG5070_50KM_31_27,4,DEM_MASKED
320820800200249728,2024,EPSG5070_50KM_29_24,2,DEM_MASKED
320820800200249986,2024,EPSG5070_50KM_29_24,2,DEM_MASKED
320820800200250050,2024,EPSG5070_50KM_29_24,2,DEM_MASKED
320820800200252034,2024,EPSG5070_50KM_31_26,0,DEM_MASKED
320820800200252035,2024,EPSG5070_50KM_31_26,0,DEM_MASKED
320820800200252542,2024,EPSG5070_50KM_31_26,0,DEM_MASKED
320820800200252559,2024,EPSG5070_50KM_31_26,0,DEM_MASKED
320820800200252578,2024,EPSG5070_50KM_31_26,0,DEM_MASKED
320820800200252579,2024,EPSG5070_50KM_31_26,0,DEM_MASKED
320820800200252581,2024,EPSG5070_50KM_31_26,0,DEM_MASKED
320820800200252592,2024,EPSG5070_50KM_31_26,0,DEM_MASKED
320820800200252593,2024,EPSG5070_50KM_31_26,0,DEM_MASKED
320820800200252603,2024,EPSG5070_50KM_31_26,0,DEM_MASKED
320820800200252628,2024,EPSG5070_50KM_31_26,0,DEM_MASKED
320820800200252644,2024,EPSG5070_50KM_31_27,4,DEM_MASKED
320820800200252648,2024,EPSG5070_50KM_31_27,4,DEM_MASKED
320820800200252653,2024,EPSG5070_50KM_31_27,4,DEM_MASKED
320820800200252654,2024,EPSG5070_50KM_31_27,4,DEM_MASKED
320820800200252655,2024,EPSG5070_50KM_31_27,4,DEM_MASKED
320820800200252657,2024,EPSG5070_50KM_31_27,4,DEM_MASKED
320820800200252658,2024,EPSG5070_50KM_31_27,4,DEM_MASKED
320820800200252663,2024,EPSG5070_50KM_31_27,4,DEM_MASKED
320820800200252664,2024,EPSG5070_50KM_31_27,4,DEM_MASKED
320820800200252666,2024,EPSG5070_50KM_31_27,4,DEM_MASKED
320820800200252672,2024,EPSG5070_50KM_31_27,4,DEM_MASKED
320820800200252701,2024,EPSG5070_50KM_31_27,4,DEM_MASKED
320821100200249819,2024,EPSG5070_50KM_29_24,2,DEM_MASKED
320821100200249826,2024,EPSG5070_50KM_29_24,2,DEM_MASKED
320821100200250155,2024,EPSG5070_50KM_29_24,2,DEM_MASKED
320821100200250157,2024,EPSG5070_50KM_29_24,2,DEM_MASKED
320821100200250211,2024,EPSG5070_50KM_29_24,2,DEM_MASKED
320821100200252645,2024,EPSG5070_50KM_31_26,0,DEM_MASKED
320821100200252688,2024,EPSG5070_50KM_31_26,0,DEM_MASKED
320821100200252693,2024,EPSG5070_50KM_31_26,0,DEM_MASKED
320821100200252695,2024,EPSG5070_50KM_31_26,0,DEM_MASKED
320821100200252707,2024,EPSG5070_50KM_31_26,0,DEM_MASKED
320821100200252714,2024,EPSG5070_50KM_31_26,0,DEM_MASKED
320821100200252722,2024,EPSG5070_50KM_31_26,0,DEM_MASKED
320821100200252760,2024,EPSG5070_50KM_31_27,4,DEM_MASKED
320821100200252761,2024,EPSG5070_50KM_31_27,4,DEM_MASKED
320821100200252762,2024,EPSG5070_50KM_31_27,4,DEM_MASKED
320821100200252764,2024,EPSG5070_50KM_31_27,4,DEM_MASKED
320821100200252765,2024,EPSG5070_50KM_31_27,4,DEM_MASKED
320821100200252767,2024,EPSG5070_50KM_31_27,4,DEM_MASKED
320821100200252770,2024,EPSG5070_50KM_31_27,4,DEM_MASKED
320821100200252772,2024,EPSG5070_50KM_31_27,4,DEM_MASKED
320821100200252773,2024,EPSG5070_50KM_31_27,4,DEM_MASKED
320821100200252774,2024,EPSG5070_50KM_31_27,4,DEM_MASKED
320821100200252789,2024,EPSG5070_50KM_31_27,4,DEM_MASKED
320821100200252792,2024,EPSG5070_50KM_31_27,4,DEM_MASKED
320821100200252797,2024,EPSG5070_50KM_31_27,4,DEM_MASKED
328800100300421713,2024,EPSG5070_50KM_29_24,2,DEM_MASKED
328800100300421716,2024,EPSG5070_50KM_29_24,2,DEM_MASKED
328800200300421561,2024,EPSG5070_50KM_29_24,2,DEM_MASKED
328800300300421612,2024,EPSG5070_50KM_29_24,2,DEM_MASKED
328800500300421774,2024,EPSG5070_50KM_29_24,2,DEM_MASKED
328800500300421790,2024,EPSG5070_50KM_29_24,2,DEM_MASKED
328800500300421880,2024,EPSG5070_50KM_29_24,2,DEM_MASKED
328800600300421213,2024,EPSG5070_50KM_29_24,2,DEM_MASKED
328800600300421215,2024,EPSG5070_50KM_29_24,2,DEM_MASKED
328800800300420601,2024,EPSG5070_50KM_29_24,2,DEM_MASKED
328800800300420606,2024,EPSG5070_50KM_29_24,2,DEM_MASKED
328800800300420673,2024,EPSG5070_50KM_30_24,3,DEM_MASKED
328800800300420675,2024,EPSG5070_50KM_30_24,3,DEM_MASKED
328801100300421258,2024,EPSG5070_50KM_29_24,2,DEM_MASKED
328801100300421422,2024,EPSG5070_50KM_30_24,3,DEM_MASKED
328801100300421438,2024,EPSG5070_50KM_30_24,3,DEM_MASKED
328801100300421441,2024,EPSG5070_50KM_30_24,3,DEM_MASKED
328801100300421445,2024,EPSG5070_50KM_30_24,3,DEM_MASKED
328801100300421447,2024,EPSG5070_50KM_30_24,3,DEM_MASKED
328801100300421448,2024,EPSG5070_50KM_30_24,3,DEM_MASKED
328801100300421453,2024,EPSG5070_50KM_30_24,3,DEM_MASKED
329210800200243512,2024,EPSG5070_50KM_26_19,1,DEM_MASKED
329210800200243673,2024,EPSG5070_50KM_26_19,1,DEM_MASKED
329210800200243714,2024,EPSG5070_50KM_26_19,1,DEM_MASKED
329210800200243823,2024,EPSG5070_50KM_26_19,1,DEM_MASKED
329210800200243854,2024,EPSG5070_50KM_26_19,1,DEM_MASKED
329211100200243922,2024,EPSG5070_50KM_26_19,1,DEM_MASKED
329820000200246560,2024,EPSG5070_50KM_26_19,1,DEM_MASKED
329820000200251648,2024,EPSG5070_50KM_30_24,3,DEM_MASKED
329820000200251661,2024,EPSG5070_50KM_30_24,3,DEM_MASKED
329820000200251665,2024,EPSG5070_50KM_30_24,3,DEM_MASKED
329820000200251667,2024,EPSG5070_50KM_30_24,3,DEM_MASKED
329820000200251670,2024,EPSG5070_50KM_30_24,3,DEM_MASKED
329820000200251769,2024,EPSG5070_50KM_30_24,3,DEM_MASKED
329820100200246368,2024,EPSG5070_50KM_26_19,1,DEM_MASKED
329820100200246570,2024,EPSG5070_50KM_26_19,1,DEM_MASKED
329820100200251792,2024,EPSG5070_50KM_30_24,3,DEM_MASKED
329820100200251799,2024,EPSG5070_50KM_30_24,3,DEM_MASKED
329820100200251802,2024,EPSG5070_50KM_30_24,3,DEM_MASKED
329820100200251805,2024,EPSG5070_50KM_30_24,3,DEM_MASKED
329820100200251807,2024,EPSG5070_50KM_30_24,3,DEM_MASKED
329820100200251810,2024,EPSG5070_50KM_30_24,3,DEM_MASKED
329820100200251872,2024,EPSG5070_50KM_30_24,3,DEM_MASKED
329820100200251877,2024,EPSG5070_50KM_30_24,3,DEM_MASKED
329820100200251880,2024,EPSG5070_50KM_30_24,3,DEM_MASKED
329820100200251884,2024,EPSG5070_50KM_30_24,3,DEM_MASKED
329820100200251885,2024,EPSG5070_50KM_30_24,3,DEM_MASKED
329820100200251897,2024,EPSG5070_50KM_30_24,3,DEM_MASKED
329820100200251900,2024,EPSG5070_50KM_30_24,3,DEM_MASKED
329820200200246331,2024,EPSG5070_50KM_26_19,1,DEM_MASKED
329820200200246361,2024,EPSG5070_50KM_26_19,1,DEM_MASKED
329820200200246548,2024,EPSG5070_50KM_26_19,1,DEM_MASKED
329820200200251572,2024,EPSG5070_50KM_30_24,3,DEM_MASKED
329820200200251863,2024,EPSG5070_50KM_30_24,3,DEM_MASKED
329820200200251897,2024,EPSG5070_50KM_30_24,3,DEM_MASKED
329820300200246565,2024,EPSG5070_50KM_26_19,1,DEM_MASKED
329820300200251820,2024,EPSG5070_50KM_30_24,3,DEM_MASKED
329820300200251825,2024,EPSG5070_50KM_30_24,3,DEM_MASKED
329820300200251826,2024,EPSG5070_50KM_30_24,3,DEM_MASKED
329820300200251835,2024,EPSG5070_50KM_30_24,3,DEM_MASKED
329820300200251840,2024,EPSG5070_50KM_30_24,3,DEM_MASKED
329820500200246420,2024,EPSG5070_50KM_26_19,1,DEM_MASKED
329820500200246431,2024,EPSG5070_50KM_26_19,1,DEM_MASKED
329820500200246482,2024,EPSG5070_50KM_26_19,1,DEM_MASKED
329820500200246530,2024,EPSG5070_50KM_26_19,1,DEM_MASKED
329820500200246647,2024,EPSG5070_50KM_26_19,1,DEM_MASKED
329820500200246664,2024,EPSG5070_50KM_26_19,1,DEM_MASKED
329820500200246708,2024,EPSG5070_50KM_26_19,1,DEM_MASKED
329820500200251918,2024,EPSG5070_50KM_30_24,3,DEM_MASKED
329820500200251921,2024,EPSG5070_50KM_30_24,3,DEM_MASKED
329820500200251925,2024,EPSG5070_50KM_30_24,3,DEM_MASKED
329820600200245833,2024,EPSG5070_50KM_26_19,1,DEM_MASKED
329820600200245869,2024,EPSG5070_50KM_26_19,1,DEM_MASKED
329820600200245943,2024,EPSG5070_50KM_26_19,1,DEM_MASKED
329820600200246001,2024,EPSG5070_50KM_26_19,1,DEM_MASKED
329820600200246234,2024,EPSG5070_50KM_26_19,1,DEM_MASKED
329820600200246241,2024,EPSG5070_50KM_26_19,1,DEM_MASKED
329820600200246261,2024,EPSG5070_50KM_26_19,1,DEM_MASKED
329820800200245981,2024,EPSG5070_50KM_26_19,1,DEM_MASKED
329820800200246185,2024,EPSG5070_50KM_26_19,1,DEM_MASKED
329820800200246389,2024,EPSG5070_50KM_26_19,1,DEM_MASKED
329820800200246420,2024,EPSG5070_50KM_26_19,1,DEM_MASKED
329821100200246144,2024,EPSG5070_50KM_26_19,1,DEM_MASKED
329821100200246190,2024,EPSG5070_50KM_26_19,1,DEM_MASKED
329821100200246227,2024,EPSG5070_50KM_26_19,1,DEM_MASKED
329821100200246242,2024,EPSG5070_50KM_26_19,1,DEM_MASKED
329821100200246306,2024,EPSG5070_50KM_26_19,1,DEM_MASKED
329821100200246346,2024,EPSG5070_50KM_26_19,1,DEM_MASKED
329821100200246420,2024,EPSG5070_50KM_26_19,1,DEM_MASKED
329821100200246469,2024,EPSG5070_50KM_26_19,1,DEM_MASKED
330430100200243840,2024,EPSG5070_50KM_27_19,1,DEM_MASKED
330430200200243765,2024,EPSG5070_50KM_27_19,1,DEM_MASKED
330430200200243849,2024,EPSG5070_50KM_27_19,1,DEM_MASKED
330430200200243866,2024,EPSG5070_50KM_27_19,1,DEM_MASKED
330430200200243927,2024,EPSG5070_50KM_27_19,1,DEM_MASKED
330430200200243961,2024,EPSG5070_50KM_27_19,1,DEM_MASKED
330430200200244131,2024,EPSG5070_50KM_27_19,1,DEM_MASKED
330430300200243853,2024,EPSG5070_50KM_27_19,1,DEM_MASKED
330430300200244055,2024,EPSG5070_50KM_27_19,1,DEM_MASKED
330430300200244102,2024,EPSG5070_50KM_27_19,1,DEM_MASKED
330430300200244127,2024,EPSG5070_50KM_27_19,1,DEM_MASKED
330430300200244183,2024,EPSG5070_50KM_27_19,1,DEM_MASKED
330430300200244246,2024,EPSG5070_50KM_27_19,1,DEM_MASKED
330430500200243789,2024,EPSG5070_50KM_27_19,1,DEM_MASKED
330430500200243952,2024,EPSG5070_50KM_27_19,1,DEM_MASKED
330430500200243968,2024,EPSG5070_50KM_27_19,1,DEM_MASKED
330430500200244055,2024,EPSG5070_50KM_27_19,1,DEM_MASKED
330430500200244056,2024,EPSG5070_50KM_27_19,1,DEM_MASKED
330430500200244074,2024,EPSG5070_50KM_27_19,1,DEM_MASKED
330430500200244215,2024,EPSG5070_50KM_27_19,1,DEM_MASKED
330430600200243693,2024,EPSG5070_50KM_27_19,1,DEM_MASKED
330430600200243741,2024,EPSG5070_50KM_27_19,1,DEM_MASKED
330430600200243858,2024,EPSG5070_50KM_27_19,1,DEM_MASKED
330430600200243860,2024,EPSG5070_50KM_27_19,1,DEM_MASKED
330430600200243928,2024,EPSG5070_50KM_27_19,1,DEM_MASKED
330430600200243944,2024,EPSG5070_50KM_27_19,1,DEM_MASKED
330430600200243947,2024,EPSG5070_50KM_27_19,1,DEM_MASKED
330430600200243951,2024,EPSG5070_50KM_27_19,1,DEM_MASKED
330430600200243972,2024,EPSG5070_50KM_27_19,1,DEM_MASKED
330430600200243995,2024,EPSG5070_50KM_27_19,1,DEM_MASKED
330430600200244046,2024,EPSG5070_50KM_27_19,1,DEM_MASKED
330430600200244066,2024,EPSG5070_50KM_27_19,1,DEM_MASKED
330430600200244073,2024,EPSG5070_50KM_27_19,1,DEM_MASKED
330430600200244094,2024,EPSG5070_50KM_27_19,1,DEM_MASKED
330430600200244108,2024,EPSG5070_50KM_27_19,1,DEM_MASKED
330430600200244149,2024,EPSG5070_50KM_27_19,1,DEM_MASKED
331090000300427362,2024,EPSG5070_50KM_27_19,1,DEM_MASKED
331090100300427138,2024,EPSG5070_50KM_27_19,1,DEM_MASKED
331090200300427069,2024,EPSG5070_50KM_27_19,1,DEM_MASKED
331090200300427255,2024,EPSG5070_50KM_27_19,1,DEM_MASKED
331090300300427005,2024,EPSG5070_50KM_27_19,1,DEM_MASKED
331090300300427071,2024,EPSG5070_50KM_27_19,1,DEM_MASKED
331090300300427281,2024,EPSG5070_50KM_27_19,1,DEM_MASKED
331090500300427037,2024,EPSG5070_50KM_27_19,1,DEM_MASKED
331090500300427058,2024,EPSG5070_50KM_27_19,1,DEM_MASKED
331090500300427069,2024,EPSG5070_50KM_27_19,1,DEM_MASKED
331090500300427092,2024,EPSG5070_50KM_27_19,1,DEM_MASKED
331090500300427123,2024,EPSG5070_50KM_27_19,1,DEM_MASKED
331090500300427129,2024,EPSG5070_50KM_27_19,1,DEM_MASKED
331090500300427302,2024,EPSG5070_50KM_27_19,1,DEM_MASKED
331090500300427315,2024,EPSG5070_50KM_27_19,1,DEM_MASKED
331090500300427324,2024,EPSG5070_50KM_27_19,1,DEM_MASKED
331090500300427340,2024,EPSG5070_50KM_27_19,1,DEM_MASKED
331090500300427346,2024,EPSG5070_50KM_27_19,1,DEM_MASKED
331090500300427358,2024,EPSG5070_50KM_27_19,1,DEM_MASKED
331090600300426813,2024,EPSG5070_50KM_27_19,1,DEM_MASKED
331090600300426830,2024,EPSG5070_50KM_27_19,1,DEM_MASKED
331090600300426833,2024,EPSG5070_50KM_27_19,1,DEM_MASKED
331090600300426858,2024,EPSG5070_50KM_27_19,1,DEM_MASKED
331090600300426862,2024,EPSG5070_50KM_27_19,1,DEM_MASKED
331090600300426931,2024,EPSG5070_50KM_27_19,1,DEM_MASKED
331090600300427134,2024,EPSG5070_50KM_27_19,1,DEM_MASKED
331090600300427142,2024,EPSG5070_50KM_27_19,1,DEM_MASKED
331090800300426218,2024,EPSG5070_50KM_27_19,1,DEM_MASKED
331090800300426261,2024,EPSG5070_50KM_27_19,1,DEM_MASKED
331090800300426280,2024,EPSG5070_50KM_27_19,1,DEM_MASKED
331090800300426306,2024,EPSG5070_50KM_27_19,1,DEM_MASKED
331090800300426316,2024,EPSG5070_50KM_27_19,1,DEM_MASKED
331090800300426332,2024,EPSG5070_50KM_27_19,1,DEM_MASKED
331090800300426552,2024,EPSG5070_50KM_27_19,1,DEM_MASKED
331090800300426574,2024,EPSG5070_50KM_27_19,1,DEM_MASKED
331091100300426540,2024,EPSG5070_50KM_27_19,1,DEM_MASKED
331091100300426607,2024,EPSG5070_50KM_27_19,1,DEM_MASKED
331091100300426686,2024,EPSG5070_50KM_27_19,1,DEM_MASKED
331091100300426729,2024,EPSG5070_50KM_27_19,1,DEM_MASKED
331091100300426746,2024,EPSG5070_50KM_27_19,1,DEM_MASKED
331091100300426779,2024,EPSG5070_50KM_27_19,1,DEM_MASKED
331091100300426790,2024,EPSG5070_50KM_27_19,1,DEM_MASKED
331091100300426813,2024,EPSG5070_50KM_27_19,1,DEM_MASKED
331091100300426963,2024,EPSG5070_50KM_27_19,1,DEM_MASKED
331091100300426988,2024,EPSG5070_50KM_27_19,1,DEM_MASKED
331091100300426990,2024,EPSG5070_50KM_27_19,1,DEM_MASKED
331091100300427002,2024,EPSG5070_50KM_27_19,1,DEM_MASKED
331240000300418824,2024,EPSG5070_50KM_31_27,4,DEM_MASKED
331240000300419023,2024,EPSG5070_50KM_31_26,0,DEM_MASKED
331240000300419052,2024,EPSG5070_50KM_31_26,0,DEM_MASKED
331240000300419058,2024,EPSG5070_50KM_31_26,0,DEM_MASKED
331240000300419145,2024,EPSG5070_50KM_31_26,0,DEM_MASKED
331240000300419150,2024,EPSG5070_50KM_31_26,0,DEM_MASKED
331240000300419285,2024,EPSG5070_50KM_31_26,0,DEM_MASKED
331240000300419290,2024,EPSG5070_50KM_31_26,0,DEM_MASKED
331240000300419297,2024,EPSG5070_50KM_31_26,0,DEM_MASKED
331240100300418830,2024,EPSG5070_50KM_31_27,4,DEM_MASKED
331240100300418841,2024,EPSG5070_50KM_31_27,4,DEM_MASKED
331240100300418844,2024,EPSG5070_50KM_31_27,4,DEM_MASKED
331240100300419032,2024,EPSG5070_50KM_31_26,0,DEM_MASKED
331240100300419041,2024,EPSG5070_50KM_31_26,0,DEM_MASKED
331240100300419065,2024,EPSG5070_50KM_31_26,0,DEM_MASKED
331240100300419066,2024,EPSG5070_50KM_31_26,0,DEM_MASKED
331240100300419067,2024,EPSG5070_50KM_31_26,0,DEM_MASKED
331240100300419088,2024,EPSG5070_50KM_31_26,0,DEM_MASKED
331240100300419278,2024,EPSG5070_50KM_31_26,0,DEM_MASKED
331240100300419289,2024,EPSG5070_50KM_31_26,0,DEM_MASKED
331240100300419297,2024,EPSG5070_50KM_31_26,0,DEM_MASKED
331240100300419302,2024,EPSG5070_50KM_31_26,0,DEM_MASKED
331240200300418758,2024,EPSG5070_50KM_31_27,4,DEM_MASKED
331240200300418759,2024,EPSG5070_50KM_31_27,4,DEM_MASKED
331240200300418760,2024,EPSG5070_50KM_31_27,4,DEM_MASKED
331240200300418763,2024,EPSG5070_50KM_31_27,4,DEM_MASKED
331240200300418765,2024,EPSG5070_50KM_31_27,4,DEM_MASKED
331240200300418768,2024,EPSG5070_50KM_31_27,4,DEM_MASKED
331240200300418878,2024,EPSG5070_50KM_31_26,0,DEM_MASKED
331240200300418881,2024,EPSG5070_50KM_31_26,0,DEM_MASKED
331240200300418967,2024,EPSG5070_50KM_31_26,0,DEM_MASKED
331240200300419167,2024,EPSG5070_50KM_31_26,0,DEM_MASKED
331240200300419196,2024,EPSG5070_50KM_31_26,0,DEM_MASKED
331240200300419215,2024,EPSG5070_50KM_31_26,0,DEM_MASKED
331240200300419221,2024,EPSG5070_50KM_31_26,0,DEM_MASKED
331240200300419229,2024,EPSG5070_50KM_31_26,0,DEM_MASKED
331240200300419234,2024,EPSG5070_50KM_31_26,0,DEM_MASKED
331240200300419246,2024,EPSG5070_50KM_31_26,0,DEM_MASKED
331240300300418761,2024,EPSG5070_50KM_31_27,4,DEM_MASKED
331240300300418766,2024,EPSG5070_50KM_31_27,4,DEM_MASKED
331240300300418767,2024,EPSG5070_50KM_31_27,4,DEM_MASKED
331240300300418769,2024,EPSG5070_50KM_31_27,4,DEM_MASKED
331240300300418874,2024,EPSG5070_50KM_31_26,0,DEM_MASKED
331240300300419137,2024,EPSG5070_50KM_31_26,0,DEM_MASKED
331240300300419142,2024,EPSG5070_50KM_31_26,0,DEM_MASKED
331240300300419151,2024,EPSG5070_50KM_31_26,0,DEM_MASKED
331240300300419156,2024,EPSG5070_50KM_31_26,0,DEM_MASKED
331240300300419184,2024,EPSG5070_50KM_31_26,0,DEM_MASKED
331240300300419215,2024,EPSG5070_50KM_31_26,0,DEM_MASKED
331240300300419217,2024,EPSG5070_50KM_31_26,0,DEM_MASKED
331240300300419231,2024,EPSG5070_50KM_31_26,0,DEM_MASKED
331240300300419232,2024,EPSG5070_50KM_31_26,0,DEM_MASKED
331240500300418714,2024,EPSG5070_50KM_31_27,4,DEM_MASKED
331240500300418716,2024,EPSG5070_50KM_31_27,4,DEM_MASKED
331240500300418717,2024,EPSG5070_50KM_31_27,4,DEM_MASKED
331240500300418719,2024,EPSG5070_50KM_31_27,4,DEM_MASKED
331240500300418720,2024,EPSG5070_50KM_31_27,4,DEM_MASKED
331240500300418723,2024,EPSG5070_50KM_31_27,4,DEM_MASKED
331240500300418724,2024,EPSG5070_50KM_31_27,4,DEM_MASKED
331240500300418725,2024,EPSG5070_50KM_31_27,4,DEM_MASKED
331240500300418726,2024,EPSG5070_50KM_31_27,4,DEM_MASKED
331240500300418796,2024,EPSG5070_50KM_31_27,4,DEM_MASKED
331240500300418799,2024,EPSG5070_50KM_31_27,4,DEM_MASKED
331240500300418921,2024,EPSG5070_50KM_31_26,0,DEM_MASKED
331240500300419116,2024,EPSG5070_50KM_31_26,0,DEM_MASKED
331240500300419122,2024,EPSG5070_50KM_31_26,0,DEM_MASKED
331240500300419128,2024,EPSG5070_50KM_31_26,0,DEM_MASKED
331240500300419132,2024,EPSG5070_50KM_31_26,0,DEM_MASKED
331240500300419138,2024,EPSG5070_50KM_31_26,0,DEM_MASKED
331240500300419141,2024,EPSG5070_50KM_31_26,0,DEM_MASKED
331240500300419142,2024,EPSG5070_50KM_31_26,0,DEM_MASKED
331240500300419159,2024,EPSG5070_50KM_31_26,0,DEM_MASKED
331240500300419166,2024,EPSG5070_50KM_31_26,0,DEM_MASKED
331240500300419178,2024,EPSG5070_50KM_31_26,0,DEM_MASKED
331240500300419181,2024,EPSG5070_50KM_31_26,0,DEM_MASKED
331240500300419185,2024,EPSG5070_50KM_31_26,0,DEM_MASKED
331240500300419189,2024,EPSG5070_50KM_31_26,0,DEM_MASKED
331240500300419193,2024,EPSG5070_50KM_31_26,0,DEM_MASKED
331240500300419194,2024,EPSG5070_50KM_31_26,0,DEM_MASKED
331240500300419196,2024,EPSG5070_50KM_31_26,0,DEM_MASKED
331240500300419197,2024,EPSG5070_50KM_31_26,0,DEM_MASKED
331240500300419207,2024,EPSG5070_50KM_31_26,0,DEM_MASKED
331240500300419211,2024,EPSG5070_50KM_31_26,0,DEM_MASKED
331240500300419221,2024,EPSG5070_50KM_31_26,0,DEM_MASKED
331240500300419232,2024,EPSG5070_50KM_31_26,0,DEM_MASKED
331240500300419236,2024,EPSG5070_50KM_31_26,0,DEM_MASKED
331240500300419251,2024,EPSG5070_50KM_31_26,0,DEM_MASKED
331240500300419252,2024,EPSG5070_50KM_31_26,0,DEM_MASKED
331240600300418392,2024,EPSG5070_50KM_31_27,4,DEM_MASKED
331240600300418395,2024,EPSG5070_50KM_31_27,4,DEM_MASKED
331240600300418396,2024,EPSG5070_50KM_31_27,4,DEM_MASKED
331240600300418397,2024,EPSG5070_50KM_31_27,4,DEM_MASKED
331240600300418398,2024,EPSG5070_50KM_31_27,4,DEM_MASKED
331240600300418401,2024,EPSG5070_50KM_31_27,4,DEM_MASKED
331240600300418403,2024,EPSG5070_50KM_31_27,4,DEM_MASKED
331240600300418430,2024,EPSG5070_50KM_31_27,4,DEM_MASKED
331240600300418437,2024,EPSG5070_50KM_31_27,4,DEM_MASKED
331240600300418457,2024,EPSG5070_50KM_31_27,4,DEM_MASKED
331240600300418464,2024,EPSG5070_50KM_31_27,4,DEM_MASKED
331240600300418470,2024,EPSG5070_50KM_31_27,4,DEM_MASKED
331240600300418471,2024,EPSG5070_50KM_31_27,4,DEM_MASKED
331240600300418474,2024,EPSG5070_50KM_31_27,4,DEM_MASKED
331240600300418475,2024,EPSG5070_50KM_31_27,4,DEM_MASKED
331240600300418479,2024,EPSG5070_50KM_31_27,4,DEM_MASKED
331240600300418480,2024,EPSG5070_50KM_31_27,4,DEM_MASKED
331240600300418590,2024,EPSG5070_50KM_31_26,0,DEM_MASKED
331240600300418721,2024,EPSG5070_50KM_31_26,0,DEM_MASKED
331240600300418734,2024,EPSG5070_50KM_31_26,0,DEM_MASKED
331240600300418739,2024,EPSG5070_50KM_31_26,0,DEM_MASKED
331240600300418790,2024,EPSG5070_50KM_31_26,0,DEM_MASKED
331240600300418835,2024,EPSG5070_50KM_31_26,0,DEM_MASKED
331240600300418838,2024,EPSG5070_50KM_31_26,0,DEM_MASKED
331240600300418841,2024,EPSG5070_50KM_31_26,0,DEM_MASKED
331240600300418842,2024,EPSG5070_50KM_31_26,0,DEM_MASKED
331240600300418843,2024,EPSG5070_50KM_31_26,0,DEM_MASKED
331240600300418851,2024,EPSG5070_50KM_31_26,0,DEM_MASKED
331240600300418856,2024,EPSG5070_50KM_31_26,0,DEM_MASKED
331240600300418864,2024,EPSG5070_50KM_31_26,0,DEM_MASKED
331240600300418868,2024,EPSG5070_50KM_31_26,0,DEM_MASKED
331240600300418873,2024,EPSG5070_50KM_31_26,0,DEM_MASKED
331240600300418876,2024,EPSG5070_50KM_31_26,0,DEM_MASKED
331240600300418877,2024,EPSG5070_50KM_31_26,0,DEM_MASKED
331240600300418886,2024,EPSG5070_50KM_31_26,0,DEM_MASKED
331240600300418899,2024,EPSG5070_50KM_31_26,0,DEM_MASKED
331240600300418901,2024,EPSG5070_50KM_31_26,0,DEM_MASKED
331240600300418939,2024,EPSG5070_50KM_31_26,0,DEM_MASKED
331240600300418941,2024,EPSG5070_50KM_31_26,0,DEM_MASKED
331240600300418946,2024,EPSG5070_50KM_31_26,0,DEM_MASKED
331240800300418136,2024,EPSG5070_50KM_31_27,4,DEM_MASKED
331240800300418137,2024,EPSG5070_50KM_31_27,4,DEM_MASKED
331240800300418139,2024,EPSG5070_50KM_31_27,4,DEM_MASKED
331240800300418141,2024,EPSG5070_50KM_31_27,4,DEM_MASKED
331240800300418144,2024,EPSG5070_50KM_31_27,4,DEM_MASKED
331240800300418145,2024,EPSG5070_50KM_31_27,4,DEM_MASKED
331240800300418146,2024,EPSG5070_50KM_31_27,4,DEM_MASKED
331240800300418161,2024,EPSG5070_50KM_31_27,4,DEM_MASKED
331240800300418163,2024,EPSG5070_50KM_31_27,4,DEM_MASKED
331240800300418164,2024,EPSG5070_50KM_31_27,4,DEM_MASKED
331240800300418166,2024,EPSG5070_50KM_31_27,4,DEM_MASKED
331240800300418168,2024,EPSG5070_50KM_31_27,4,DEM_MASKED
331240800300418170,2024,EPSG5070_50KM_31_27,4,DEM_MASKED
331240800300418175,2024,EPSG5070_50KM_31_26,0,DEM_MASKED
331240800300418178,2024,EPSG5070_50KM_31_26,0,DEM_MASKED
331240800300418299,2024,EPSG5070_50KM_31_26,0,DEM_MASKED
331240800300418300,2024,EPSG5070_50KM_31_26,0,DEM_MASKED
331240800300418311,2024,EPSG5070_50KM_31_26,0,DEM_MASKED
331240800300418471,2024,EPSG5070_50KM_31_26,0,DEM_MASKED
331240800300418479,2024,EPSG5070_50KM_31_26,0,DEM_MASKED
331240800300418480,2024,EPSG5070_50KM_31_26,0,DEM_MASKED
331240800300418532,2024,EPSG5070_50KM_31_26,0,DEM_MASKED
331240800300418535,2024,EPSG5070_50KM_31_26,0,DEM_MASKED
331240800300418550,2024,EPSG5070_50KM_31_26,0,DEM_MASKED
331240800300418553,2024,EPSG5070_50KM_31_26,0,DEM_MASKED
331240800300418558,2024,EPSG5070_50KM_31_26,0,DEM_MASKED
331240800300418562,2024,EPSG5070_50KM_31_26,0,DEM_MASKED
331240800300418563,2024,EPSG5070_50KM_31_26,0,DEM_MASKED
331240800300418573,2024,EPSG5070_50KM_31_26,0,DEM_MASKED
331240800300418574,2024,EPSG5070_50KM_31_26,0,DEM_MASKED
331240800300418577,2024,EPSG5070_50KM_31_26,0,DEM_MASKED
331240800300418627,2024,EPSG5070_50KM_31_26,0,DEM_MASKED
331240800300418636,2024,EPSG5070_50KM_31_26,0,DEM_MASKED
331240800300418655,2024,EPSG5070_50KM_31_26,0,DEM_MASKED
331240800300418656,2024,EPSG5070_50KM_31_26,0,DEM_MASKED
331241100300418536,2024,EPSG5070_50KM_31_26,0,DEM_MASKED
331241100300418541,2024,EPSG5070_50KM_31_26,0,DEM_MASKED
331241100300418548,2024,EPSG5070_50KM_31_26,0,DEM_MASKED
331241100300418565,2024,EPSG5070_50KM_31_26,0,DEM_MASKED
331241100300418579,2024,EPSG5070_50KM_31_26,0,DEM_MASKED
331241100300418584,2024,EPSG5070_50KM_31_26,0,DEM_MASKED
331241100300418586,2024,EPSG5070_50KM_31_26,0,DEM_MASKED
331241100300418595,2024,EPSG5070_50KM_31_26,0,DEM_MASKED
331241100300418597,2024,EPSG5070_50KM_31_26,0,DEM_MASKED
331241100300418607,2024,EPSG5070_50KM_31_26,0,DEM_MASKED
331241100300418609,2024,EPSG5070_50KM_31_26,0,DEM_MASKED
331241100300418610,2024,EPSG5070_50KM_31_26,0,DEM_MASKED
331241100300418616,2024,EPSG5070_50KM_31_26,0,DEM_MASKED
331241100300418617,2024,EPSG5070_50KM_31_26,0,DEM_MASKED
331241100300418633,2024,EPSG5070_50KM_31_26,0,DEM_MASKED
331241100300418648,2024,EPSG5070_50KM_31_26,0,DEM_MASKED
331241100300418675,2024,EPSG5070_50KM_31_26,0,DEM_MASKED
331241100300418678,2024,EPSG5070_50KM_31_26,0,DEM_MASKED
331241100300418681,2024,EPSG5070_50KM_31_26,0,DEM_MASKED
331241100300418744,2024,EPSG5070_50KM_31_26,0,DEM_MASKED
331241100300418749,2024,EPSG5070_50KM_31_26,0,DEM_MASKED
331241100300418755,2024,EPSG5070_50KM_31_26,0,DEM_MASKED
331241100300418837,2024,EPSG5070_50KM_31_26,0,DEM_MASKED
331241100300418840,2024,EPSG5070_50KM_31_26,0,DEM_MASKED
331241100300418845,2024,EPSG5070_50KM_31_26,0,DEM_MASKED
331241100300418851,2024,EPSG5070_50KM_31_26,0,DEM_MASKED
331241100300418856,2024,EPSG5070_50KM_31_26,0,DEM_MASKED
331241100300418900,2024,EPSG5070_50KM_31_26,0,DEM_MASKED
331241100300418901,2024,EPSG5070_50KM_31_26,0,DEM_MASKED
331241100300418908,2024,EPSG5070_50KM_31_26,0,DEM_MASKED
331241100300418915,2024,EPSG5070_50KM_31_26,0,DEM_MASKED
331241100300418916,2024,EPSG5070_50KM_31_26,0,DEM_MASKED
331241100300418921,2024,EPSG5070_50KM_31_26,0,DEM_MASKED
331241100300418940,2024,EPSG5070_50KM_31_26,0,DEM_MASKED
331241100300418942,2024,EPSG5070_50KM_31_26,0,DEM_MASKED
331241100300418947,2024,EPSG5070_50KM_31_26,0,DEM_MASKED
331241100300418948,2024,EPSG5070_50KM_31_26,0,DEM_MASKED
331241100300418949,2024,EPSG5070_50KM_31_26,0,DEM_MASKED
331241100300418997,2024,EPSG5070_50KM_31_26,0,DEM_MASKED
331241100300419010,2024,EPSG5070_50KM_31_26,0,DEM_MASKED
331241100300419019,2024,EPSG5070_50KM_31_26,0,DEM_MASKED
333990800300426060,2024,EPSG5070_50KM_27_19,1,DEM_MASKED
333991100300426563,2024,EPSG5070_50KM_27_19,1,DEM_MASKED
333991100300426627,2024,EPSG5070_50KM_27_19,1,DEM_MASKED
333991100300426689,2024,EPSG5070_50KM_27_19,1,DEM_MASKED
333991100300426694,2024,EPSG5070_50KM_27_19,1,DEM_MASKED
335210100300219780,2024,EPSG5070_50KM_29_24,2,DEM_MASKED
335210200300225142,2024,EPSG5070_50KM_29_24,2,DEM_MASKED
335210200300225149,2024,EPSG5070_50KM_29_24,2,DEM_MASKED
335210200300225162,2024,EPSG5070_50KM_29_24,2,DEM_MASKED
335210200300225307,2024,EPSG5070_50KM_29_24,2,DEM_MASKED
335210300300220067,2024,EPSG5070_50KM_29_24,2,DEM_MASKED
335210500300219490,2024,EPSG5070_50KM_29_24,2,DEM_MASKED
335210500300219537,2024,EPSG5070_50KM_29_24,2,DEM_MASKED
335210500300219567,2024,EPSG5070_50KM_29_24,2,DEM_MASKED
335210500300219569,2024,EPSG5070_50KM_29_24,2,DEM_MASKED
335210500300219745,2024,EPSG5070_50KM_29_24,2,DEM_MASKED
335210500300219751,2024,EPSG5070_50KM_29_24,2,DEM_MASKED
335210500300219867,2024,EPSG5070_50KM_29_24,2,DEM_MASKED
335210600300622943,2024,EPSG5070_50KM_29_24,2,DEM_MASKED
335210600300622944,2024,EPSG5070_50KM_29_24,2,DEM_MASKED
335210600300623039,2024,EPSG5070_50KM_29_24,2,DEM_MASKED
335210600300623096,2024,EPSG5070_50KM_29_24,2,DEM_MASKED
335210600300623111,2024,EPSG5070_50KM_29_24,2,DEM_MASKED
335210600300623117,2024,EPSG5070_50KM_29_24,2,DEM_MASKED
335210800300224491,2024,EPSG5070_50KM_29_24,2,DEM_MASKED
335210800300224535,2024,EPSG5070_50KM_29_24,2,DEM_MASKED
335210800300224539,2024,EPSG5070_50KM_29_24,2,DEM_MASKED
335210800300224578,2024,EPSG5070_50KM_29_24,2,DEM_MASKED
335210800300224696,2024,EPSG5070_50KM_29_24,2,DEM_MASKED
335210800300224740,2024,EPSG5070_50KM_29_24,2,DEM_MASKED
335210800300224748,2024,EPSG5070_50KM_29_24,2,DEM_MASKED
335210800300224808,2024,EPSG5070_50KM_30_24,3,DEM_MASKED
335210800300224809,2024,EPSG5070_50KM_30_24,3,DEM_MASKED
335211100300219080,2024,EPSG5070_50KM_29_24,2,DEM_MASKED
335211100300219089,2024,EPSG5070_50KM_29_24,2,DEM_MASKED
335211100300219129,2024,EPSG5070_50KM_29_24,2,DEM_MASKED
335211100300219221,2024,EPSG5070_50KM_29_24,2,DEM_MASKED
335211100300219227,2024,EPSG5070_50KM_29_24,2,DEM_MASKED
335211100300219293,2024,EPSG5070_50KM_29_24,2,DEM_MASKED
335211100300219326,2024,EPSG5070_50KM_29_24,2,DEM_MASKED
335211100300219481,2024,EPSG5070_50KM_29_24,2,DEM_MASKED
341010000300424700,2024,EPSG5070_50KM_28_21,2,DEM_MASKED
341010000300424701,2024,EPSG5070_50KM_28_21,2,DEM_MASKED
341010000300424702,2024,EPSG5070_50KM_28_21,2,DEM_MASKED
341010000300424703,2024,EPSG5070_50KM_28_21,2,DEM_MASKED
341010100300424692,2024,EPSG5070_50KM_28_21,2,DEM_MASKED
341010200300424738,2024,EPSG5070_50KM_28_21,2,DEM_MASKED
341010200300424739,2024,EPSG5070_50KM_28_21,2,DEM_MASKED
341010200300424740,2024,EPSG5070_50KM_28_21,2,DEM_MASKED
341010200300424741,2024,EPSG5070_50KM_28_21,2,DEM_MASKED
341010200300424742,2024,EPSG5070_50KM_28_21,2,DEM_MASKED
341010200300424743,2024,EPSG5070_50KM_28_21,2,DEM_MASKED
341010200300424746,2024,EPSG5070_50KM_28_21,2,DEM_MASKED
341010200300424747,2024,EPSG5070_50KM_28_21,2,DEM_MASKED
36520600300618856,2019,EPSG5070_50KM_30_24,3,DEM_MASKED
36520600300618880,2019,EPSG5070_50KM_30_24,3,DEM_MASKED
36520800300229728,2019,EPSG5070_50KM_30_24,3,DEM_MASKED
36520800300229753,2019,EPSG5070_50KM_30_24,3,DEM_MASKED
36520800300229789,2019,EPSG5070_50KM_30_24,3,DEM_MASKED
36521100300224205,2019,EPSG5070_50KM_30_24,3,DEM_MASKED
36521100300224249,2019,EPSG5070_50KM_30_24,3,DEM_MASKED
37130000300230885,2019,EPSG5070_50KM_31_26,0,DEM_MASKED
37130000300230942,2019,EPSG5070_50KM_31_26,0,DEM_MASKED
37130000300230945,2019,EPSG5070_50KM_31_26,0,DEM_MASKED
37130000300230980,2019,EPSG5070_50KM_31_26,0,DEM_MASKED
37130000300231004,2019,EPSG5070_50KM_31_26,0,DEM_MASKED
37130000300231021,2019,EPSG5070_50KM_31_26,0,DEM_MASKED
37130000300231030,2019,EPSG5070_50KM_31_26,0,DEM_MASKED
37130000300231103,2019,EPSG5070_50KM_31_26,0,DEM_MASKED
37130000300231147,2019,EPSG5070_50KM_31_26,0,DEM_MASKED
37130000300231170,2019,EPSG5070_50KM_31_26,0,DEM_MASKED
37130100300226000,2019,EPSG5070_50KM_31_26,0,DEM_MASKED
37130100300226019,2019,EPSG5070_50KM_31_26,0,DEM_MASKED
37130100300226083,2019,EPSG5070_50KM_31_26,0,DEM_MASKED
37130100300226096,2019,EPSG5070_50KM_31_26,0,DEM_MASKED
37130100300226097,2019,EPSG5070_50KM_31_26,0,DEM_MASKED
37130100300226119,2019,EPSG5070_50KM_31_26,0,DEM_MASKED
37130200300231312,2019,EPSG5070_50KM_31_26,0,DEM_MASKED
37130200300231346,2019,EPSG5070_50KM_31_26,0,DEM_MASKED
37130200300231384,2019,EPSG5070_50KM_31_26,0,DEM_MASKED
37130200300231433,2019,EPSG5070_50KM_31_26,0,DEM_MASKED
37130200300231456,2019,EPSG5070_50KM_31_26,0,DEM_MASKED
37130200300231491,2019,EPSG5070_50KM_31_26,0,DEM_MASKED
37130200300231555,2019,EPSG5070_50KM_31_26,0,DEM_MASKED
37130200300231560,2019,EPSG5070_50KM_31_26,0,DEM_MASKED
37130300300225945,2019,EPSG5070_50KM_31_26,0,DEM_MASKED
37130300300225983,2019,EPSG5070_50KM_31_26,0,DEM_MASKED
37130300300225987,2019,EPSG5070_50KM_31_26,0,DEM_MASKED
37130300300226037,2019,EPSG5070_50KM_31_26,0,DEM_MASKED
37130300300226048,2019,EPSG5070_50KM_31_26,0,DEM_MASKED
37130300300226104,2019,EPSG5070_50KM_31_26,0,DEM_MASKED
37130300300226112,2019,EPSG5070_50KM_31_26,0,DEM_MASKED
37130300300226113,2019,EPSG5070_50KM_31_26,0,DEM_MASKED
37130300300226146,2019,EPSG5070_50KM_31_26,0,DEM_MASKED
37130300300226201,2019,EPSG5070_50KM_31_26,0,DEM_MASKED
37130300300226213,2019,EPSG5070_50KM_31_26,0,DEM_MASKED
37130300300226231,2019,EPSG5070_50KM_31_26,0,DEM_MASKED
37130500300225858,2019,EPSG5070_50KM_31_26,0,DEM_MASKED
37130500300225903,2019,EPSG5070_50KM_31_26,0,DEM_MASKED
37130500300225977,2019,EPSG5070_50KM_31_26,0,DEM_MASKED
37130500300225980,2019,EPSG5070_50KM_31_26,0,DEM_MASKED
37130500300225986,2019,EPSG5070_50KM_31_26,0,DEM_MASKED
37130600300608487,2019,EPSG5070_50KM_31_26,0,DEM_MASKED
37130600300608508,2019,EPSG5070_50KM_31_26,0,DEM_MASKED
37130600300608513,2019,EPSG5070_50KM_31_26,0,DEM_MASKED
37130600300608528,2019,EPSG5070_50KM_31_26,0,DEM_MASKED
37130600300608529,2019,EPSG5070_50KM_31_26,0,DEM_MASKED
37130600300608615,2019,EPSG5070_50KM_31_26,0,DEM_MASKED
37130600300608671,2019,EPSG5070_50KM_31_26,0,DEM_MASKED
37130600300608680,2019,EPSG5070_50KM_31_26,0,DEM_MASKED
37130600300608718,2019,EPSG5070_50KM_31_26,0,DEM_MASKED
37130600300608743,2019,EPSG5070_50KM_31_26,0,DEM_MASKED
37130800300231209,2019,EPSG5070_50KM_31_26,0,DEM_MASKED
37130800300231280,2019,EPSG5070_50KM_31_26,0,DEM_MASKED
37130800300231282,2019,EPSG5070_50KM_31_26,0,DEM_MASKED
37130800300231308,2019,EPSG5070_50KM_31_26,0,DEM_MASKED
37130800300231316,2019,EPSG5070_50KM_31_26,0,DEM_MASKED
37130800300231320,2019,EPSG5070_50KM_31_26,0,DEM_MASKED
37130800300231370,2019,EPSG5070_50KM_31_26,0,DEM_MASKED
37131100300225779,2019,EPSG5070_50KM_31_26,0,DEM_MASKED
37131100300225830,2019,EPSG5070_50KM_31_26,0,DEM_MASKED
37131100300225921,2019,EPSG5070_50KM_31_26,0,DEM_MASKED
37131100300225991,2019,EPSG5070_50KM_31_26,0,DEM_MASKED
37131100300226029,2019,EPSG5070_50KM_31_26,0,DEM_MASKED
38810000300229072,2019,EPSG5070_50KM_30_24,3,DEM_MASKED
38810000300229098,2019,EPSG5070_50KM_30_24,3,DEM_MASKED
38810000300229156,2019,EPSG5070_50KM_30_24,3,DEM_MASKED
38810000300229217,2019,EPSG5070_50KM_30_24,3,DEM_MASKED
38810000300229343,2019,EPSG5070_50KM_30_24,3,DEM_MASKED
38810000300229347,2019,EPSG5070_50KM_30_24,3,DEM_MASKED
38810100300224689,2019,EPSG5070_50KM_30_24,3,DEM_MASKED
38810100300224706,2019,EPSG5070_50KM_30_24,3,DEM_MASKED
38810100300224736,2019,EPSG5070_50KM_30_24,3,DEM_MASKED
38810100300224839,2019,EPSG5070_50KM_30_24,3,DEM_MASKED
38810200300229575,2019,EPSG5070_50KM_30_24,3,DEM_MASKED
38810200300229594,2019,EPSG5070_50KM_30_24,3,DEM_MASKED
38810200300229701,2019,EPSG5070_50KM_30_24,3,DEM_MASKED
38810200300229841,2019,EPSG5070_50KM_30_24,3,DEM_MASKED
38810300300224547,2019,EPSG5070_50KM_30_24,3,DEM_MASKED
38810300300224664,2019,EPSG5070_50KM_30_24,3,DEM_MASKED
38810500300224336,2019,EPSG5070_50KM_29_24,2,DEM_MASKED
38810500300224507,2019,EPSG5070_50KM_30_24,3,DEM_MASKED
38810500300224548,2019,EPSG5070_50KM_30_24,3,DEM_MASKED
38810600300618222,2019,EPSG5070_50KM_29_24,2,DEM_MASKED
38810600300618304,2019,EPSG5070_50KM_30_24,3,DEM_MASKED
38810600300618309,2019,EPSG5070_50KM_30_24,3,DEM_MASKED
38810600300618387,2019,EPSG5070_50KM_30_24,3,DEM_MASKED
38810600300618430,2019,EPSG5070_50KM_30_24,3,DEM_MASKED
38810600300618549,2019,EPSG5070_50KM_30_24,3,DEM_MASKED
38810800300229611,2019,EPSG5070_50KM_30_24,3,DEM_MASKED
38810800300229614,2019,EPSG5070_50KM_30_24,3,DEM_MASKED
38810800300229732,2019,EPSG5070_50KM_30_24,3,DEM_MASKED
38811100300224315,2019,EPSG5070_50KM_29_24,2,DEM_MASKED
38811100300224514,2019,EPSG5070_50KM_30_24,3,DEM_MASKED
41710200300421434,2019,EPSG5070_50KM_29_24,2,DEM_MASKED
41710500300421469,2019,EPSG5070_50KM_29_24,2,DEM_MASKED
41710500300421686,2019,EPSG5070_50KM_29_24,2,DEM_MASKED
41710600300421305,2019,EPSG5070_50KM_29_24,2,DEM_MASKED
41710800300421090,2019,EPSG5070_50KM_29_24,2,DEM_MASKED
41711100300421349,2019,EPSG5070_50KM_29_24,2,DEM_MASKED
42120000200249131,2019,EPSG5070_50KM_30_24,3,DEM_MASKED
42120000200249144,2019,EPSG5070_50KM_30_24,3,DEM_MASKED
42120100200249176,2019,EPSG5070_50KM_30_24,3,DEM_MASKED
42120200200249037,2019,EPSG5070_50KM_30_24,3,DEM_MASKED
42120200200249048,2019,EPSG5070_50KM_30_24,3,DEM_MASKED
42120200200249072,2019,EPSG5070_50KM_30_24,3,DEM_MASKED
42120300200248471,2019,EPSG5070_50KM_29_24,2,DEM_MASKED
42120300200248478,2019,EPSG5070_50KM_29_24,2,DEM_MASKED
42120300200248669,2019,EPSG5070_50KM_29_24,2,DEM_MASKED
42120300200248676,2019,EPSG5070_50KM_29_24,2,DEM_MASKED
42120300200249015,2019,EPSG5070_50KM_30_24,3,DEM_MASKED
42120500200246159,2019,EPSG5070_50KM_28_21,2,DEM_MASKED
42120500200248490,2019,EPSG5070_50KM_29_23,3,DEM_MASKED
42120500200248511,2019,EPSG5070_50KM_29_23,3,DEM_MASKED
42120500200248914,2019,EPSG5070_50KM_29_24,2,DEM_MASKED
42120500200249021,2019,EPSG5070_50KM_30_24,3,DEM_MASKED
42120500200249074,2019,EPSG5070_50KM_30_24,3,DEM_MASKED
42120500200249082,2019,EPSG5070_50KM_30_24,3,DEM_MASKED
42120500200249132,2019,EPSG5070_50KM_30_24,3,DEM_MASKED
42120500200249158,2019,EPSG5070_50KM_30_24,3,DEM_MASKED
42120600200246071,2019,EPSG5070_50KM_28_21,2,DEM_MASKED
42120600200246073,2019,EPSG5070_50KM_28_21,2,DEM_MASKED
42120600200246076,2019,EPSG5070_50KM_28_21,2,DEM_MASKED
42120600200246077,2019,EPSG5070_50KM_28_21,2,DEM_MASKED
42120600200246081,2019,EPSG5070_50KM_28_21,2,DEM_MASKED
42120600200246082,2019,EPSG5070_50KM_28_21,2,DEM_MASKED
42120600200246083,2019,EPSG5070_50KM_28_21,2,DEM_MASKED
42120600200246086,2019,EPSG5070_50KM_28_21,2,DEM_MASKED
42120600200246087,2019,EPSG5070_50KM_28_21,2,DEM_MASKED
42120600200246089,2019,EPSG5070_50KM_28_21,2,DEM_MASKED
42120600200246091,2019,EPSG5070_50KM_28_21,2,DEM_MASKED
42120600200246092,2019,EPSG5070_50KM_28_21,2,DEM_MASKED
42120600200246093,2019,EPSG5070_50KM_28_21,2,DEM_MASKED
42120600200246094,2019,EPSG5070_50KM_28_21,2,DEM_MASKED
42120600200246096,2019,EPSG5070_50KM_28_21,2,DEM_MASKED
42120600200246098,2019,EPSG5070_50KM_28_21,2,DEM_MASKED
42120600200246110,2019,EPSG5070_50KM_28_21,2,DEM_MASKED
42120600200246112,2019,EPSG5070_50KM_28_21,2,DEM_MASKED
42120600200246113,2019,EPSG5070_50KM_28_21,2,DEM_MASKED
42120600200246115,2019,EPSG5070_50KM_28_21,2,DEM_MASKED
42120600200246120,2019,EPSG5070_50KM_28_21,2,DEM_MASKED
42120600200246150,2019,EPSG5070_50KM_28_21,2,DEM_MASKED
42120600200246151,2019,EPSG5070_50KM_28_21,2,DEM_MASKED
42120600200246152,2019,EPSG5070_50KM_28_21,2,DEM_MASKED
42120600200246154,2019,EPSG5070_50KM_28_21,2,DEM_MASKED
42120600200246155,2019,EPSG5070_50KM_28_21,2,DEM_MASKED
42120600200246162,2019,EPSG5070_50KM_28_21,2,DEM_MASKED
42120600200246163,2019,EPSG5070_50KM_28_21,2,DEM_MASKED
42120600200246173,2019,EPSG5070_50KM_28_21,2,DEM_MASKED
42120600200246174,2019,EPSG5070_50KM_28_21,2,DEM_MASKED
42120600200246189,2019,EPSG5070_50KM_28_21,2,DEM_MASKED
42120600200246193,2019,EPSG5070_50KM_28_21,2,DEM_MASKED
42120600200248757,2019,EPSG5070_50KM_29_24,2,DEM_MASKED
42120600200248856,2019,EPSG5070_50KM_29_24,2,DEM_MASKED
42120600200248947,2019,EPSG5070_50KM_30_24,3,DEM_MASKED
42120600200248952,2019,EPSG5070_50KM_30_24,3,DEM_MASKED
42120600200248997,2019,EPSG5070_50KM_30_24,3,DEM_MASKED
42120600200248999,2019,EPSG5070_50KM_30_24,3,DEM_MASKED
42120600200249000,2019,EPSG5070_50KM_30_24,3,DEM_MASKED
42120600200249032,2019,EPSG5070_50KM_30_24,3,DEM_MASKED
42120600200249044,2019,EPSG5070_50KM_30_24,3,DEM_MASKED
42120600200249055,2019,EPSG5070_50KM_30_24,3,DEM_MASKED
42120600200249064,2019,EPSG5070_50KM_30_24,3,DEM_MASKED
42120600200249107,2019,EPSG5070_50KM_30_24,3,DEM_MASKED
42120600200249132,2019,EPSG5070_50KM_30_24,3,DEM_MASKED
42120600200249146,2019,EPSG5070_50KM_30_24,3,DEM_MASKED
42120800200243651,2019,EPSG5070_50KM_26_19,1,DEM_MASKED
42120800200246017,2019,EPSG5070_50KM_28_21,2,DEM_MASKED
42120800200246019,2019,EPSG5070_50KM_28_21,2,DEM_MASKED
42120800200246024,2019,EPSG5070_50KM_28_21,2,DEM_MASKED
42120800200246025,2019,EPSG5070_50KM_28_21,2,DEM_MASKED
42120800200246026,2019,EPSG5070_50KM_28_21,2,DEM_MASKED
42120800200246027,2019,EPSG5070_50KM_28_21,2,DEM_MASKED
42120800200246028,2019,EPSG5070_50KM_28_21,2,DEM_MASKED
42120800200246036,2019,EPSG5070_50KM_28_21,2,DEM_MASKED
42120800200246038,2019,EPSG5070_50KM_28_21,2,DEM_MASKED
42120800200246041,2019,EPSG5070_50KM_28_21,2,DEM_MASKED
42120800200246042,2019,EPSG5070_50KM_28_21,2,DEM_MASKED
42120800200246043,2019,EPSG5070_50KM_28_21,2,DEM_MASKED
42120800200246045,2019,EPSG5070_50KM_28_21,2,DEM_MASKED
42120800200246046,2019,EPSG5070_50KM_28_21,2,DEM_MASKED
42120800200246047,2019,EPSG5070_50KM_28_21,2,DEM_MASKED
42120800200246050,2019,EPSG5070_50KM_28_21,2,DEM_MASKED
42120800200246054,2019,EPSG5070_50KM_28_21,2,DEM_MASKED
42120800200246056,2019,EPSG5070_50KM_28_21,2,DEM_MASKED
42120800200246057,2019,EPSG5070_50KM_28_21,2,DEM_MASKED
42120800200246058,2019,EPSG5070_50KM_28_21,2,DEM_MASKED
42120800200246059,2019,EPSG5070_50KM_28_21,2,DEM_MASKED
42120800200246060,2019,EPSG5070_50KM_28_21,2,DEM_MASKED
42120800200246061,2019,EPSG5070_50KM_28_21,2,DEM_MASKED
42120800200246068,2019,EPSG5070_50KM_28_21,2,DEM_MASKED
42120800200246070,2019,EPSG5070_50KM_28_21,2,DEM_MASKED
42120800200246075,2019,EPSG5070_50KM_28_21,2,DEM_MASKED
42120800200246077,2019,EPSG5070_50KM_28_21,2,DEM_MASKED
42120800200246080,2019,EPSG5070_50KM_28_21,2,DEM_MASKED
42120800200246081,2019,EPSG5070_50KM_28_21,2,DEM_MASKED
42120800200246082,2019,EPSG5070_50KM_28_21,2,DEM_MASKED
42120800200246083,2019,EPSG5070_50KM_28_21,2,DEM_MASKED
42120800200246090,2019,EPSG5070_50KM_28_21,2,DEM_MASKED
42120800200246091,2019,EPSG5070_50KM_28_21,2,DEM_MASKED
42120800200246092,2019,EPSG5070_50KM_28_21,2,DEM_MASKED
42120800200246094,2019,EPSG5070_50KM_28_21,2,DEM_MASKED
42120800200246096,2019,EPSG5070_50KM_28_21,2,DEM_MASKED
42120800200246097,2019,EPSG5070_50KM_28_21,2,DEM_MASKED
42120800200246099,2019,EPSG5070_50KM_28_21,2,DEM_MASKED
42120800200246101,2019,EPSG5070_50KM_28_21,2,DEM_MASKED
42120800200246102,2019,EPSG5070_50KM_28_21,2,DEM_MASKED
42120800200246103,2019,EPSG5070_50KM_28_21,2,DEM_MASKED
42120800200246104,2019,EPSG5070_50KM_28_21,2,DEM_MASKED
42120800200246105,2019,EPSG5070_50KM_28_21,2,DEM_MASKED
42120800200246111,2019,EPSG5070_50KM_28_21,2,DEM_MASKED
42120800200246113,2019,EPSG5070_50KM_28_21,2,DEM_MASKED
42120800200246118,2019,EPSG5070_50KM_28_21,2,DEM_MASKED
42120800200246120,2019,EPSG5070_50KM_28_21,2,DEM_MASKED
42120800200246124,2019,EPSG5070_50KM_28_21,2,DEM_MASKED
42120800200246126,2019,EPSG5070_50KM_28_21,2,DEM_MASKED
42120800200246127,2019,EPSG5070_50KM_28_21,2,DEM_MASKED
42120800200248385,2019,EPSG5070_50KM_29_23,3,DEM_MASKED
42120800200248695,2019,EPSG5070_50KM_29_24,2,DEM_MASKED
42120800200248711,2019,EPSG5070_50KM_29_24,2,DEM_MASKED
42120800200248798,2019,EPSG5070_50KM_30_24,3,DEM_MASKED
42120800200248917,2019,EPSG5070_50KM_30_24,3,DEM_MASKED
42120800200248918,2019,EPSG5070_50KM_30_24,3,DEM_MASKED
42120800200248976,2019,EPSG5070_50KM_30_24,3,DEM_MASKED
42120800200248994,2019,EPSG5070_50KM_30_24,3,DEM_MASKED
42120800200249019,2019,EPSG5070_50KM_30_24,3,DEM_MASKED
42120800200249081,2019,EPSG5070_50KM_30_24,3,DEM_MASKED
42120800200249086,2019,EPSG5070_50KM_30_24,3,DEM_MASKED
42120800200249098,2019,EPSG5070_50KM_30_24,3,DEM_MASKED
42120800200249125,2019,EPSG5070_50KM_30_24,3,DEM_MASKED
42121100200248404,2019,EPSG5070_50KM_29_23,3,DEM_MASKED
42121100200248480,2019,EPSG5070_50KM_29_24,2,DEM_MASKED
42121100200248839,2019,EPSG5070_50KM_30_24,3,DEM_MASKED
42121100200248863,2019,EPSG5070_50KM_30_24,3,DEM_MASKED
42121100200248864,2019,EPSG5070_50KM_30_24,3,DEM_MASKED
42121100200248885,2019,EPSG5070_50KM_30_24,3,DEM_MASKED
42121100200248914,2019,EPSG5070_50KM_30_24,3,DEM_MASKED
42121100200248924,2019,EPSG5070_50KM_30_24,3,DEM_MASKED
42121100200248976,2019,EPSG5070_50KM_30_24,3,DEM_MASKED
42121100200248979,2019,EPSG5070_50KM_30_24,3,DEM_MASKED
42121100200249062,2019,EPSG5070_50KM_30_24,3,DEM_MASKED
42121100200249070,2019,EPSG5070_50KM_30_24,3,DEM_MASKED
42121100200249125,2019,EPSG5070_50KM_30_24,3,DEM_MASKED
42121100200249161,2019,EPSG5070_50KM_30_24,3,DEM_MASKED
42780000300220624,2019,EPSG5070_50KM_27_19,1,DEM_MASKED
42780100300215826,2019,EPSG5070_50KM_27_19,1,DEM_MASKED
42780200300220988,2019,EPSG5070_50KM_27_19,1,DEM_MASKED
42780300300215656,2019,EPSG5070_50KM_27_19,1,DEM_MASKED
42780300300215820,2019,EPSG5070_50KM_27_19,1,DEM_MASKED
42780300300215833,2019,EPSG5070_50KM_27_19,1,DEM_MASKED
42780300300215837,2019,EPSG5070_50KM_27_19,1,DEM_MASKED
42780500300215298,2019,EPSG5070_50KM_27_19,1,DEM_MASKED
42780500300215330,2019,EPSG5070_50KM_27_19,1,DEM_MASKED
42780500300215695,2019,EPSG5070_50KM_27_19,1,DEM_MASKED
42780600300637583,2019,EPSG5070_50KM_27_19,1,DEM_MASKED
42780600300637801,2019,EPSG5070_50KM_27_19,1,DEM_MASKED
42780600300637854,2019,EPSG5070_50KM_27_19,1,DEM_MASKED
42780800300220828,2019,EPSG5070_50KM_27_19,1,DEM_MASKED
42780800300220902,2019,EPSG5070_50KM_27_19,1,DEM_MASKED
42780800300220944,2019,EPSG5070_50KM_27_19,1,DEM_MASKED
42780800300220957,2019,EPSG5070_50KM_27_19,1,DEM_MASKED
42780800300220967,2019,EPSG5070_50KM_27_19,1,DEM_MASKED
42780800300221175,2019,EPSG5070_50KM_27_19,1,DEM_MASKED
42780800300221179,2019,EPSG5070_50KM_27_19,1,DEM_MASKED
42781100300215157,2019,EPSG5070_50KM_27_19,1,DEM_MASKED
42781100300215224,2019,EPSG5070_50KM_27_19,1,DEM_MASKED
42781100300215238,2019,EPSG5070_50KM_27_19,1,DEM_MASKED
42781100300215311,2019,EPSG5070_50KM_27_19,1,DEM_MASKED
42781100300215525,2019,EPSG5070_50KM_27_19,1,DEM_MASKED
42781100300215538,2019,EPSG5070_50KM_27_19,1,DEM_MASKED
44000500300424164,2019,EPSG5070_50KM_28_21,2,DEM_MASKED
44000500300424176,2019,EPSG5070_50KM_28_21,2,DEM_MASKED
44000600300423741,2019,EPSG5070_50KM_28_22,0,DEM_MASKED
44000600300423887,2019,EPSG5070_50KM_28_21,2,DEM_MASKED
44000800300423646,2019,EPSG5070_50KM_28_22,0,DEM_MASKED
44000800300423792,2019,EPSG5070_50KM_28_21,2,DEM_MASKED
44000800300423794,2019,EPSG5070_50KM_28_21,2,DEM_MASKED
44001100300423878,2019,EPSG5070_50KM_28_22,0,DEM_MASKED
45220200300422024,2019,EPSG5070_50KM_29_23,3,DEM_MASKED
45220200300422030,2019,EPSG5070_50KM_29_23,3,DEM_MASKED
45220300300421906,2019,EPSG5070_50KM_29_23,3,DEM_MASKED
45220500300422031,2019,EPSG5070_50KM_29_23,3,DEM_MASKED
45220500300422047,2019,EPSG5070_50KM_29_23,3,DEM_MASKED
45220500300422055,2019,EPSG5070_50KM_29_23,3,DEM_MASKED
45220500300422183,2019,EPSG5070_50KM_29_23,3,DEM_MASKED
45220500300422184,2019,EPSG5070_50KM_29_23,3,DEM_MASKED
45220600300421741,2019,EPSG5070_50KM_29_23,3,DEM_MASKED
45220600300421752,2019,EPSG5070_50KM_29_23,3,DEM_MASKED
45220600300421755,2019,EPSG5070_50KM_29_23,3,DEM_MASKED
45220600300421756,2019,EPSG5070_50KM_29_23,3,DEM_MASKED
45220600300421771,2019,EPSG5070_50KM_29_23,3,DEM_MASKED
45220800300422022,2019,EPSG5070_50KM_29_23,3,DEM_MASKED
45221100300422015,2019,EPSG5070_50KM_29_23,3,DEM_MASKED
45221100300422078,2019,EPSG5070_50KM_29_23,3,DEM_MASKED
45221100300422097,2019,EPSG5070_50KM_29_23,3,DEM_MASKED
45221100300422113,2019,EPSG5070_50KM_29_23,3,DEM_MASKED
45630000200251678,2019,EPSG5070_50KM_31_26,0,DEM_MASKED
45630000200251686,2019,EPSG5070_50KM_31_26,0,DEM_MASKED
45630000200251729,2019,EPSG5070_50KM_31_26,0,DEM_MASKED
45630000200251871,2019,EPSG5070_50KM_31_26,0,DEM_MASKED
45630000200251976,2019,EPSG5070_50KM_31_27,4,DEM_MASKED
45630000200252064,2019,EPSG5070_50KM_31_27,4,DEM_MASKED
45630000200252102,2019,EPSG5070_50KM_31_27,4,DEM_MASKED
45630100200251654,2019,EPSG5070_50KM_31_26,0,DEM_MASKED
45630100200251754,2019,EPSG5070_50KM_31_26,0,DEM_MASKED
45630100200251899,2019,EPSG5070_50KM_31_26,0,DEM_MASKED
45630100200251955,2019,EPSG5070_50KM_31_26,0,DEM_MASKED
45630100200251969,2019,EPSG5070_50KM_31_27,4,DEM_MASKED
45630100200252067,2019,EPSG5070_50KM_31_27,4,DEM_MASKED
45630200200251807,2019,EPSG5070_50KM_31_26,0,DEM_MASKED
45630200200251867,2019,EPSG5070_50KM_31_26,0,DEM_MASKED
45630200200252014,2019,EPSG5070_50KM_31_26,0,DEM_MASKED
45630200200252058,2019,EPSG5070_50KM_31_27,4,DEM_MASKED
45630200200252067,2019,EPSG5070_50KM_31_27,4,DEM_MASKED
45630200200252168,2019,EPSG5070_50KM_31_27,4,DEM_MASKED
45630200200252173,2019,EPSG5070_50KM_31_27,4,DEM_MASKED
45630200200252195,2019,EPSG5070_50KM_31_27,4,DEM_MASKED
45630300200251733,2019,EPSG5070_50KM_31_26,0,DEM_MASKED
45630300200251740,2019,EPSG5070_50KM_31_26,0,DEM_MASKED
45630300200251750,2019,EPSG5070_50KM_31_26,0,DEM_MASKED
45630300200251776,2019,EPSG5070_50KM_31_26,0,DEM_MASKED
45630300200251782,2019,EPSG5070_50KM_31_26,0,DEM_MASKED
45630300200251884,2019,EPSG5070_50KM_31_26,0,DEM_MASKED
45630300200251952,2019,EPSG5070_50KM_31_26,0,DEM_MASKED
45630300200251994,2019,EPSG5070_50KM_31_26,0,DEM_MASKED
45630300200252117,2019,EPSG5070_50KM_31_27,4,DEM_MASKED
45630300200252127,2019,EPSG5070_50KM_31_27,4,DEM_MASKED
45630300200252129,2019,EPSG5070_50KM_31_27,4,DEM_MASKED
45630300200252164,2019,EPSG5070_50KM_31_27,4,DEM_MASKED
45630300200252209,2019,EPSG5070_50KM_31_27,4,DEM_MASKED
45630500200249502,2019,EPSG5070_50KM_29_24,2,DEM_MASKED
45630500200249522,2019,EPSG5070_50KM_29_24,2,DEM_MASKED
45630500200251807,2019,EPSG5070_50KM_31_26,0,DEM_MASKED
45630500200251849,2019,EPSG5070_50KM_31_26,0,DEM_MASKED
45630500200251865,2019,EPSG5070_50KM_31_26,0,DEM_MASKED
45630500200251869,2019,EPSG5070_50KM_31_26,0,DEM_MASKED
45630500200251893,2019,EPSG5070_50KM_31_26,0,DEM_MASKED
45630500200251912,2019,EPSG5070_50KM_31_26,0,DEM_MASKED
45630500200251934,2019,EPSG5070_50KM_31_26,0,DEM_MASKED
45630500200251944,2019,EPSG5070_50KM_31_26,0,DEM_MASKED
45630500200251951,2019,EPSG5070_50KM_31_26,0,DEM_MASKED
45630500200252009,2019,EPSG5070_50KM_31_26,0,DEM_MASKED
45630500200252053,2019,EPSG5070_50KM_31_26,0,DEM_MASKED
45630500200252065,2019,EPSG5070_50KM_31_26,0,DEM_MASKED
45630500200252113,2019,EPSG5070_50KM_31_26,0,DEM_MASKED
45630500200252130,2019,EPSG5070_50KM_31_27,4,DEM_MASKED
45630500200252133,2019,EPSG5070_50KM_31_27,4,DEM_MASKED
45630500200252185,2019,EPSG5070_50KM_31_27,4,DEM_MASKED
45630500200252193,2019,EPSG5070_50KM_31_27,4,DEM_MASKED
45630500200252241,2019,EPSG5070_50KM_31_27,4,DEM_MASKED
45630500200252245,2019,EPSG5070_50KM_31_27,4,DEM_MASKED
45630500200252247,2019,EPSG5070_50KM_31_27,4,DEM_MASKED
45630500200252252,2019,EPSG5070_50KM_31_27,4,DEM_MASKED
45630500200252256,2019,EPSG5070_50KM_31_27,4,DEM_MASKED
45630500200252269,2019,EPSG5070_50KM_31_27,4,DEM_MASKED
45630600200251747,2019,EPSG5070_50KM_31_26,0,DEM_MASKED
45630600200251844,2019,EPSG5070_50KM_31_26,0,DEM_MASKED
45630600200251845,2019,EPSG5070_50KM_31_26,0,DEM_MASKED
45630600200251865,2019,EPSG5070_50KM_31_26,0,DEM_MASKED
45630600200251881,2019,EPSG5070_50KM_31_26,0,DEM_MASKED
45630600200251926,2019,EPSG5070_50KM_31_26,0,DEM_MASKED
45630600200251987,2019,EPSG5070_50KM_31_26,0,DEM_MASKED
45630600200251992,2019,EPSG5070_50KM_31_26,0,DEM_MASKED
45630600200252021,2019,EPSG5070_50KM_31_26,0,DEM_MASKED
45630600200252051,2019,EPSG5070_50KM_31_27,4,DEM_MASKED
45630600200252105,2019,EPSG5070_50KM_31_27,4,DEM_MASKED
45630600200252144,2019,EPSG5070_50KM_31_27,4,DEM_MASKED
45630600200252146,2019,EPSG5070_50KM_31_27,4,DEM_MASKED
45630600200252149,2019,EPSG5070_50KM_31_27,4,DEM_MASKED
45630600200252154,2019,EPSG5070_50KM_31_27,4,DEM_MASKED
45630600200252156,2019,EPSG5070_50KM_31_27,4,DEM_MASKED
45630600200252167,2019,EPSG5070_50KM_31_27,4,DEM_MASKED
45630600200252204,2019,EPSG5070_50KM_31_27,4,DEM_MASKED
45630800200251628,2019,EPSG5070_50KM_31_26,0,DEM_MASKED
45630800200251648,2019,EPSG5070_50KM_31_26,0,DEM_MASKED
45630800200251705,2019,EPSG5070_50KM_31_26,0,DEM_MASKED
45630800200251706,2019,EPSG5070_50KM_31_26,0,DEM_MASKED
45630800200251709,2019,EPSG5070_50KM_31_26,0,DEM_MASKED
45630800200251722,2019,EPSG5070_50KM_31_26,0,DEM_MASKED
45630800200251730,2019,EPSG5070_50KM_31_26,0,DEM_MASKED
45630800200251775,2019,EPSG5070_50KM_31_26,0,DEM_MASKED
45630800200251784,2019,EPSG5070_50KM_31_26,0,DEM_MASKED
45630800200251785,2019,EPSG5070_50KM_31_26,0,DEM_MASKED
45630800200251793,2019,EPSG5070_50KM_31_26,0,DEM_MASKED
45630800200251806,2019,EPSG5070_50KM_31_26,0,DEM_MASKED
45630800200251814,2019,EPSG5070_50KM_31_26,0,DEM_MASKED
45630800200251859,2019,EPSG5070_50KM_31_26,0,DEM_MASKED
45630800200251887,2019,EPSG5070_50KM_31_26,0,DEM_MASKED
45630800200251944,2019,EPSG5070_50KM_31_26,0,DEM_MASKED
45630800200251946,2019,EPSG5070_50KM_31_26,0,DEM_MASKED
45630800200252022,2019,EPSG5070_50KM_31_27,4,DEM_MASKED
45630800200252036,2019,EPSG5070_50KM_31_27,4,DEM_MASKED
45630800200252077,2019,EPSG5070_50KM_31_27,4,DEM_MASKED
45630800200252089,2019,EPSG5070_50KM_31_27,4,DEM_MASKED
45630800200252090,2019,EPSG5070_50KM_31_27,4,DEM_MASKED
45630800200252102,2019,EPSG5070_50KM_31_27,4,DEM_MASKED
45630800200252103,2019,EPSG5070_50KM_31_27,4,DEM_MASKED
45630800200252111,2019,EPSG5070_50KM_31_27,4,DEM_MASKED
45631100200249418,2019,EPSG5070_50KM_29_24,2,DEM_MASKED
45631100200251671,2019,EPSG5070_50KM_31_26,0,DEM_MASKED
45631100200251748,2019,EPSG5070_50KM_31_26,0,DEM_MASKED
45631100200251762,2019,EPSG5070_50KM_31_26,0,DEM_MASKED
45631100200251775,2019,EPSG5070_50KM_31_26,0,DEM_MASKED
45631100200251835,2019,EPSG5070_50KM_31_26,0,DEM_MASKED
45631100200251858,2019,EPSG5070_50KM_31_26,0,DEM_MASKED
45631100200251871,2019,EPSG5070_50KM_31_26,0,DEM_MASKED
45631100200251904,2019,EPSG5070_50KM_31_26,0,DEM_MASKED
45631100200251908,2019,EPSG5070_50KM_31_26,0,DEM_MASKED
45631100200251940,2019,EPSG5070_50KM_31_26,0,DEM_MASKED
45631100200251954,2019,EPSG5070_50KM_31_26,0,DEM_MASKED
45631100200252034,2019,EPSG5070_50KM_31_26,0,DEM_MASKED
45631100200252042,2019,EPSG5070_50KM_31_26,0,DEM_MASKED
45631100200252104,2019,EPSG5070_50KM_31_27,4,DEM_MASKED
45631100200252137,2019,EPSG5070_50KM_31_27,4,DEM_MASKED
45631100200252139,2019,EPSG5070_50KM_31_27,4,DEM_MASKED
45631100200252157,2019,EPSG5070_50KM_31_27,4,DEM_MASKED
45631100200252171,2019,EPSG5070_50KM_31_27,4,DEM_MASKED
45631100200252239,2019,EPSG5070_50KM_31_27,4,DEM_MASKED
49340600300421342,2019,EPSG5070_50KM_30_24,3,DEM_MASKED
50560500300227183,2019,EPSG5070_50KM_31_26,0,DEM_MASKED
50560500300227221,2019,EPSG5070_50KM_31_26,0,DEM_MASKED
50560600300610707,2019,EPSG5070_50KM_31_26,0,DEM_MASKED
50560600300610752,2019,EPSG5070_50KM_31_26,0,DEM_MASKED
50560600300610760,2019,EPSG5070_50KM_31_26,0,DEM_MASKED
50560800300232175,2019,EPSG5070_50KM_31_26,0,DEM_MASKED
50561100300226996,2019,EPSG5070_50KM_31_26,0,DEM_MASKED
50561100300226997,2019,EPSG5070_50KM_31_26,0,DEM_MASKED
50561100300227012,2019,EPSG5070_50KM_31_26,0,DEM_MASKED
50561100300227068,2019,EPSG5070_50KM_31_26,0,DEM_MASKED
53870000200243118,2019,EPSG5070_50KM_27_19,1,DEM_MASKED
53870100200243227,2019,EPSG5070_50KM_27_19,1,DEM_MASKED
53870100200243293,2019,EPSG5070_50KM_27_19,1,DEM_MASKED
53870100200243325,2019,EPSG5070_50KM_27_19,1,DEM_MASKED
53870100200243387,2019,EPSG5070_50KM_27_19,1,DEM_MASKED
53870200200243081,2019,EPSG5070_50KM_27_19,1,DEM_MASKED
53870200200243111,2019,EPSG5070_50KM_27_19,1,DEM_MASKED
53870200200243249,2019,EPSG5070_50KM_27_19,1,DEM_MASKED
53870200200243251,2019,EPSG5070_50KM_27_19,1,DEM_MASKED
53870300200243267,2019,EPSG5070_50KM_27_19,1,DEM_MASKED
53870300200243427,2019,EPSG5070_50KM_27_19,1,DEM_MASKED
53870300200243470,2019,EPSG5070_50KM_27_19,1,DEM_MASKED
53870300200243472,2019,EPSG5070_50KM_27_19,1,DEM_MASKED
53870500200243008,2019,EPSG5070_50KM_27_19,1,DEM_MASKED
53870500200243040,2019,EPSG5070_50KM_27_19,1,DEM_MASKED
53870500200243049,2019,EPSG5070_50KM_27_19,1,DEM_MASKED
53870500200243050,2019,EPSG5070_50KM_27_19,1,DEM_MASKED
53870500200243057,2019,EPSG5070_50KM_27_19,1,DEM_MASKED
53870500200243175,2019,EPSG5070_50KM_27_19,1,DEM_MASKED
53870500200243374,2019,EPSG5070_50KM_27_19,1,DEM_MASKED
53870500200243402,2019,EPSG5070_50KM_27_19,1,DEM_MASKED
53870500200243484,2019,EPSG5070_50KM_27_19,1,DEM_MASKED
53870500200243518,2019,EPSG5070_50KM_27_19,1,DEM_MASKED
53870600200242892,2019,EPSG5070_50KM_27_19,1,DEM_MASKED
53870600200242906,2019,EPSG5070_50KM_27_19,1,DEM_MASKED
53870600200242908,2019,EPSG5070_50KM_27_19,1,DEM_MASKED
53870600200243045,2019,EPSG5070_50KM_27_19,1,DEM_MASKED
53870600200243219,2019,EPSG5070_50KM_27_19,1,DEM_MASKED
53870600200243254,2019,EPSG5070_50KM_27_19,1,DEM_MASKED
53870600200243258,2019,EPSG5070_50KM_27_19,1,DEM_MASKED
53870600200243289,2019,EPSG5070_50KM_27_19,1,DEM_MASKED
53870600200243350,2019,EPSG5070_50KM_27_19,1,DEM_MASKED
53870600200243356,2019,EPSG5070_50KM_27_19,1,DEM_MASKED
53870800200242769,2019,EPSG5070_50KM_27_19,1,DEM_MASKED
53870800200242777,2019,EPSG5070_50KM_27_19,1,DEM_MASKED
53870800200242906,2019,EPSG5070_50KM_27_19,1,DEM_MASKED
53870800200243017,2019,EPSG5070_50KM_27_19,1,DEM_MASKED
53870800200243157,2019,EPSG5070_50KM_27_19,1,DEM_MASKED
53870800200243167,2019,EPSG5070_50KM_27_19,1,DEM_MASKED
53870800200243170,2019,EPSG5070_50KM_27_19,1,DEM_MASKED
53870800200243176,2019,EPSG5070_50KM_27_19,1,DEM_MASKED
53870800200243245,2019,EPSG5070_50KM_27_19,1,DEM_MASKED
53871100200243052,2019,EPSG5070_50KM_27_19,1,DEM_MASKED
53871100200243066,2019,EPSG5070_50KM_27_19,1,DEM_MASKED
53871100200243067,2019,EPSG5070_50KM_27_19,1,DEM_MASKED
53871100200243075,2019,EPSG5070_50KM_27_19,1,DEM_MASKED
53871100200243106,2019,EPSG5070_50KM_27_19,1,DEM_MASKED
53871100200243132,2019,EPSG5070_50KM_27_19,1,DEM_MASKED
53871100200243388,2019,EPSG5070_50KM_27_19,1,DEM_MASKED
53871100200243464,2019,EPSG5070_50KM_27_19,1,DEM_MASKED
53871100200243521,2019,EPSG5070_50KM_27_19,1,DEM_MASKED
54680000300231193,2019,EPSG5070_50KM_31_26,0,DEM_MASKED
54680100300226501,2019,EPSG5070_50KM_31_26,0,DEM_MASKED
54680100300226512,2019,EPSG5070_50KM_31_26,0,DEM_MASKED
54680300300226520,2019,EPSG5070_50KM_31_26,0,DEM_MASKED
54680300300226522,2019,EPSG5070_50KM_31_26,0,DEM_MASKED
54680300300226561,2019,EPSG5070_50KM_31_26,0,DEM_MASKED
54680500300226407,2019,EPSG5070_50KM_31_26,0,DEM_MASKED
54680500300226473,2019,EPSG5070_50KM_31_26,0,DEM_MASKED
54680500300226485,2019,EPSG5070_50KM_31_26,0,DEM_MASKED
54680600300610534,2019,EPSG5070_50KM_31_26,0,DEM_MASKED
54680600300610576,2019,EPSG5070_50KM_31_26,0,DEM_MASKED
54680800300231355,2019,EPSG5070_50KM_31_26,0,DEM_MASKED
54680800300231361,2019,EPSG5070_50KM_31_26,0,DEM_MASKED
54680800300231399,2019,EPSG5070_50KM_31_26,0,DEM_MASKED
54680800300231434,2019,EPSG5070_50KM_31_26,0,DEM_MASKED
54681100300226103,2019,EPSG5070_50KM_31_26,0,DEM_MASKED
54681100300226137,2019,EPSG5070_50KM_31_26,0,DEM_MASKED
54681100300226146,2019,EPSG5070_50KM_31_26,0,DEM_MASKED
54681100300226171,2019,EPSG5070_50KM_31_26,0,DEM_MASKED
54681100300226188,2019,EPSG5070_50KM_31_26,0,DEM_MASKED
54681100300226194,2019,EPSG5070_50KM_31_26,0,DEM_MASKED
56970100300421577,2019,EPSG5070_50KM_29_24,2,DEM_MASKED
56970100300421581,2019,EPSG5070_50KM_29_24,2,DEM_MASKED
56970200300421759,2019,EPSG5070_50KM_29_23,3,DEM_MASKED
56970500300421912,2019,EPSG5070_50KM_29_23,3,DEM_MASKED
56970500300421914,2019,EPSG5070_50KM_29_23,3,DEM_MASKED
56970800300421053,2019,EPSG5070_50KM_29_24,2,DEM_MASKED
56971100300421521,2019,EPSG5070_50KM_29_24,2,DEM_MASKED
56971100300421621,2019,EPSG5070_50KM_29_23,3,DEM_MASKED
67800500300422637,2020,EPSG5070_50KM_29_23,3,DEM_MASKED
69020000300229700,2020,EPSG5070_50KM_30_24,3,DEM_MASKED
69020100300224811,2020,EPSG5070_50KM_30_24,3,DEM_MASKED
69020100300224812,2020,EPSG5070_50KM_30_24,3,DEM_MASKED
69020200300229764,2020,EPSG5070_50KM_29_24,2,DEM_MASKED
69020200300229969,2020,EPSG5070_50KM_30_24,3,DEM_MASKED
69020500300224307,2020,EPSG5070_50KM_29_24,2,DEM_MASKED
69020500300224561,2020,EPSG5070_50KM_30_24,3,DEM_MASKED
69020500300224634,2020,EPSG5070_50KM_30_24,3,DEM_MASKED
69020500300224644,2020,EPSG5070_50KM_30_24,3,DEM_MASKED
69020500300224652,2020,EPSG5070_50KM_30_24,3,DEM_MASKED
69020600300619059,2020,EPSG5070_50KM_29_24,2,DEM_MASKED
69020600300619420,2020,EPSG5070_50KM_30_24,3,DEM_MASKED
69020600300619424,2020,EPSG5070_50KM_30_24,3,DEM_MASKED
69020600300619429,2020,EPSG5070_50KM_30_24,3,DEM_MASKED
69020600300619508,2020,EPSG5070_50KM_30_24,3,DEM_MASKED
69020800300229601,2020,EPSG5070_50KM_29_24,2,DEM_MASKED
69020800300229762,2020,EPSG5070_50KM_29_24,2,DEM_MASKED
69020800300229767,2020,EPSG5070_50KM_29_24,2,DEM_MASKED
69020800300229907,2020,EPSG5070_50KM_29_24,2,DEM_MASKED
69020800300230020,2020,EPSG5070_50KM_30_24,3,DEM_MASKED
69020800300230031,2020,EPSG5070_50KM_30_24,3,DEM_MASKED
69021100300224545,2020,EPSG5070_50KM_30_24,3,DEM_MASKED
70850000300229312,2020,EPSG5070_50KM_29_24,2,DEM_MASKED
70850200300229613,2020,EPSG5070_50KM_29_24,2,DEM_MASKED
70850300300224082,2020,EPSG5070_50KM_29_24,2,DEM_MASKED
70850500300224207,2020,EPSG5070_50KM_29_24,2,DEM_MASKED
71870000200252217,2020,EPSG5070_50KM_31_27,4,DEM_MASKED
71870000200252223,2020,EPSG5070_50KM_31_27,4,DEM_MASKED
71870000200252226,2020,EPSG5070_50KM_31_27,4,DEM_MASKED
71870000200252238,2020,EPSG5070_50KM_31_27,4,DEM_MASKED
71870000200252240,2020,EPSG5070_50KM_31_27,4,DEM_MASKED
71870000200252242,2020,EPSG5070_50KM_31_27,4,DEM_MASKED
71870000200252244,2020,EPSG5070_50KM_31_27,4,DEM_MASKED
71870100200251774,2020,EPSG5070_50KM_31_26,0,DEM_MASKED
71870100200251780,2020,EPSG5070_50KM_31_26,0,DEM_MASKED
71870100200252224,2020,EPSG5070_50KM_31_27,4,DEM_MASKED
71870100200252247,2020,EPSG5070_50KM_31_27,4,DEM_MASKED
71870100200252248,2020,EPSG5070_50KM_31_27,4,DEM_MASKED
71870200200251716,2020,EPSG5070_50KM_31_26,0,DEM_MASKED
71870200200251727,2020,EPSG5070_50KM_31_26,0,DEM_MASKED
71870200200251730,2020,EPSG5070_50KM_31_26,0,DEM_MASKED
71870200200252163,2020,EPSG5070_50KM_31_27,4,DEM_MASKED
71870200200252166,2020,EPSG5070_50KM_31_27,4,DEM_MASKED
71870200200252167,2020,EPSG5070_50KM_31_27,4,DEM_MASKED
71870200200252169,2020,EPSG5070_50KM_31_27,4,DEM_MASKED
71870200200252171,2020,EPSG5070_50KM_31_27,4,DEM_MASKED
71870200200252172,2020,EPSG5070_50KM_31_27,4,DEM_MASKED
71870200200252173,2020,EPSG5070_50KM_31_27,4,DEM_MASKED
71870200200252174,2020,EPSG5070_50KM_31_27,4,DEM_MASKED
71870200200252175,2020,EPSG5070_50KM_31_27,4,DEM_MASKED
71870200200252182,2020,EPSG5070_50KM_31_27,4,DEM_MASKED
71870200200252203,2020,EPSG5070_50KM_31_27,4,DEM_MASKED
71870200200252204,2020,EPSG5070_50KM_31_27,4,DEM_MASKED
71870200200252205,2020,EPSG5070_50KM_31_27,4,DEM_MASKED
71870200200252207,2020,EPSG5070_50KM_31_27,4,DEM_MASKED
71870200200252209,2020,EPSG5070_50KM_31_27,4,DEM_MASKED
71870500200249474,2020,EPSG5070_50KM_29_24,2,DEM_MASKED
71870500200251740,2020,EPSG5070_50KM_31_26,0,DEM_MASKED
71870500200251742,2020,EPSG5070_50KM_31_26,0,DEM_MASKED
71870500200251759,2020,EPSG5070_50KM_31_26,0,DEM_MASKED
71870500200251761,2020,EPSG5070_50KM_31_26,0,DEM_MASKED
71870500200251763,2020,EPSG5070_50KM_31_26,0,DEM_MASKED
71870500200251765,2020,EPSG5070_50KM_31_26,0,DEM_MASKED
71870500200251794,2020,EPSG5070_50KM_31_26,0,DEM_MASKED
71870500200251796,2020,EPSG5070_50KM_31_26,0,DEM_MASKED
71870500200251868,2020,EPSG5070_50KM_31_26,0,DEM_MASKED
71870500200251874,2020,EPSG5070_50KM_31_26,0,DEM_MASKED
71870500200251881,2020,EPSG5070_50KM_31_26,0,DEM_MASKED
71870500200251883,2020,EPSG5070_50KM_31_26,0,DEM_MASKED
71870500200251888,2020,EPSG5070_50KM_31_26,0,DEM_MASKED
71870500200251898,2020,EPSG5070_50KM_31_26,0,DEM_MASKED
71870500200252235,2020,EPSG5070_50KM_31_27,4,DEM_MASKED
71870500200252239,2020,EPSG5070_50KM_31_27,4,DEM_MASKED
71870500200252240,2020,EPSG5070_50KM_31_27,4,DEM_MASKED
71870500200252241,2020,EPSG5070_50KM_31_27,4,DEM_MASKED
71870500200252243,2020,EPSG5070_50KM_31_27,4,DEM_MASKED
71870500200252244,2020,EPSG5070_50KM_31_27,4,DEM_MASKED
71870500200252245,2020,EPSG5070_50KM_31_27,4,DEM_MASKED
71870500200252246,2020,EPSG5070_50KM_31_27,4,DEM_MASKED
71870500200252248,2020,EPSG5070_50KM_31_27,4,DEM_MASKED
71870500200252250,2020,EPSG5070_50KM_31_27,4,DEM_MASKED
71870500200252252,2020,EPSG5070_50KM_31_27,4,DEM_MASKED
71870500200252254,2020,EPSG5070_50KM_31_27,4,DEM_MASKED
71870500200252256,2020,EPSG5070_50KM_31_27,4,DEM_MASKED
71870500200252258,2020,EPSG5070_50KM_31_27,4,DEM_MASKED
71870600200249345,2020,EPSG5070_50KM_29_24,2,DEM_MASKED
71870600200251589,2020,EPSG5070_50KM_31_26,0,DEM_MASKED
71870600200251590,2020,EPSG5070_50KM_31_26,0,DEM_MASKED
71870600200251654,2020,EPSG5070_50KM_31_26,0,DEM_MASKED
71870600200251662,2020,EPSG5070_50KM_31_26,0,DEM_MASKED
71870600200251664,2020,EPSG5070_50KM_31_26,0,DEM_MASKED
71870600200251670,2020,EPSG5070_50KM_31_26,0,DEM_MASKED
71870600200251671,2020,EPSG5070_50KM_31_26,0,DEM_MASKED
71870600200251673,2020,EPSG5070_50KM_31_26,0,DEM_MASKED
71870600200251681,2020,EPSG5070_50KM_31_26,0,DEM_MASKED
71870600200251695,2020,EPSG5070_50KM_31_26,0,DEM_MASKED
71870600200251698,2020,EPSG5070_50KM_31_26,0,DEM_MASKED
71870600200251700,2020,EPSG5070_50KM_31_26,0,DEM_MASKED
71870600200251708,2020,EPSG5070_50KM_31_26,0,DEM_MASKED
71870600200251711,2020,EPSG5070_50KM_31_26,0,DEM_MASKED
71870600200251719,2020,EPSG5070_50KM_31_26,0,DEM_MASKED
71870600200251723,2020,EPSG5070_50KM_31_26,0,DEM_MASKED
71870600200251736,2020,EPSG5070_50KM_31_26,0,DEM_MASKED
71870600200251737,2020,EPSG5070_50KM_31_26,0,DEM_MASKED
71870600200251740,2020,EPSG5070_50KM_31_26,0,DEM_MASKED
71870600200251745,2020,EPSG5070_50KM_31_26,0,DEM_MASKED
71870600200251751,2020,EPSG5070_50KM_31_26,0,DEM_MASKED
71870600200251752,2020,EPSG5070_50KM_31_26,0,DEM_MASKED
71870600200251756,2020,EPSG5070_50KM_31_26,0,DEM_MASKED
71870600200251765,2020,EPSG5070_50KM_31_26,0,DEM_MASKED
71870600200251771,2020,EPSG5070_50KM_31_26,0,DEM_MASKED
71870600200251774,2020,EPSG5070_50KM_31_26,0,DEM_MASKED
71870600200251776,2020,EPSG5070_50KM_31_26,0,DEM_MASKED
71870600200251786,2020,EPSG5070_50KM_31_26,0,DEM_MASKED
71870800200249313,2020,EPSG5070_50KM_29_24,2,DEM_MASKED
71870800200251543,2020,EPSG5070_50KM_31_26,0,DEM_MASKED
71870800200251547,2020,EPSG5070_50KM_31_26,0,DEM_MASKED
71870800200251555,2020,EPSG5070_50KM_31_26,0,DEM_MASKED
71870800200251560,2020,EPSG5070_50KM_31_26,0,DEM_MASKED
71870800200251561,2020,EPSG5070_50KM_31_26,0,DEM_MASKED
71870800200251581,2020,EPSG5070_50KM_31_26,0,DEM_MASKED
71870800200251585,2020,EPSG5070_50KM_31_26,0,DEM_MASKED
71870800200251587,2020,EPSG5070_50KM_31_26,0,DEM_MASKED
71870800200251589,2020,EPSG5070_50KM_31_26,0,DEM_MASKED
71870800200251593,2020,EPSG5070_50KM_31_26,0,DEM_MASKED
71870800200251594,2020,EPSG5070_50KM_31_26,0,DEM_MASKED
71870800200251608,2020,EPSG5070_50KM_31_26,0,DEM_MASKED
71870800200251615,2020,EPSG5070_50KM_31_26,0,DEM_MASKED
71870800200251617,2020,EPSG5070_50KM_31_26,0,DEM_MASKED
71870800200251632,2020,EPSG5070_50KM_31_26,0,DEM_MASKED
71870800200251634,2020,EPSG5070_50KM_31_26,0,DEM_MASKED
71870800200251646,2020,EPSG5070_50KM_31_26,0,DEM_MASKED
71870800200251658,2020,EPSG5070_50KM_31_26,0,DEM_MASKED
71870800200251664,2020,EPSG5070_50KM_31_26,0,DEM_MASKED
71870800200251665,2020,EPSG5070_50KM_31_26,0,DEM_MASKED
71870800200251670,2020,EPSG5070_50KM_31_26,0,DEM_MASKED
71870800200251684,2020,EPSG5070_50KM_31_26,0,DEM_MASKED
71870800200251705,2020,EPSG5070_50KM_31_26,0,DEM_MASKED
71870800200251711,2020,EPSG5070_50KM_31_26,0,DEM_MASKED
71870800200251716,2020,EPSG5070_50KM_31_26,0,DEM_MASKED
71870800200251718,2020,EPSG5070_50KM_31_26,0,DEM_MASKED
71870800200251721,2020,EPSG5070_50KM_31_26,0,DEM_MASKED
71870800200251733,2020,EPSG5070_50KM_31_26,0,DEM_MASKED
71870800200251739,2020,EPSG5070_50KM_31_26,0,DEM_MASKED
71870800200251743,2020,EPSG5070_50KM_31_26,0,DEM_MASKED
71870800200251745,2020,EPSG5070_50KM_31_26,0,DEM_MASKED
71870800200251750,2020,EPSG5070_50KM_31_26,0,DEM_MASKED
71870800200251758,2020,EPSG5070_50KM_31_26,0,DEM_MASKED
71870800200251759,2020,EPSG5070_50KM_31_26,0,DEM_MASKED
71870800200251761,2020,EPSG5070_50KM_31_26,0,DEM_MASKED
71870800200251786,2020,EPSG5070_50KM_31_26,0,DEM_MASKED
71870800200252074,2020,EPSG5070_50KM_31_27,4,DEM_MASKED
71870800200252078,2020,EPSG5070_50KM_31_27,4,DEM_MASKED
71870800200252082,2020,EPSG5070_50KM_31_27,4,DEM_MASKED
71870800200252177,2020,EPSG5070_50KM_31_27,4,DEM_MASKED
71870800200252178,2020,EPSG5070_50KM_31_27,4,DEM_MASKED
71870800200252180,2020,EPSG5070_50KM_31_27,4,DEM_MASKED
71870800200252187,2020,EPSG5070_50KM_31_27,4,DEM_MASKED
71870800200252190,2020,EPSG5070_50KM_31_27,4,DEM_MASKED
71870800200252191,2020,EPSG5070_50KM_31_27,4,DEM_MASKED
71870800200252194,2020,EPSG5070_50KM_31_27,4,DEM_MASKED
71870800200252197,2020,EPSG5070_50KM_31_27,4,DEM_MASKED
71870800200252198,2020,EPSG5070_50KM_31_27,4,DEM_MASKED
71870800200252200,2020,EPSG5070_50KM_31_27,4,DEM_MASKED
71870800200252201,2020,EPSG5070_50KM_31_27,4,DEM_MASKED
71870800200252202,2020,EPSG5070_50KM_31_27,4,DEM_MASKED
71870800200252206,2020,EPSG5070_50KM_31_27,4,DEM_MASKED
71870800200252207,2020,EPSG5070_50KM_31_27,4,DEM_MASKED
71870800200252209,2020,EPSG5070_50KM_31_27,4,DEM_MASKED
71870800200252211,2020,EPSG5070_50KM_31_27,4,DEM_MASKED
71870800200252212,2020,EPSG5070_50KM_31_27,4,DEM_MASKED
71870800200252214,2020,EPSG5070_50KM_31_27,4,DEM_MASKED
71870800200252218,2020,EPSG5070_50KM_31_27,4,DEM_MASKED
71871100200249252,2020,EPSG5070_50KM_29_24,2,DEM_MASKED
71871100200249358,2020,EPSG5070_50KM_29_24,2,DEM_MASKED
71871100200251517,2020,EPSG5070_50KM_31_26,0,DEM_MASKED
71871100200251546,2020,EPSG5070_50KM_31_26,0,DEM_MASKED
71871100200251598,2020,EPSG5070_50KM_31_26,0,DEM_MASKED
71871100200251599,2020,EPSG5070_50KM_31_26,0,DEM_MASKED
71871100200251620,2020,EPSG5070_50KM_31_26,0,DEM_MASKED
71871100200251637,2020,EPSG5070_50KM_31_26,0,DEM_MASKED
71871100200251643,2020,EPSG5070_50KM_31_26,0,DEM_MASKED
71871100200251645,2020,EPSG5070_50KM_31_26,0,DEM_MASKED
71871100200251661,2020,EPSG5070_50KM_31_26,0,DEM_MASKED
71871100200251664,2020,EPSG5070_50KM_31_26,0,DEM_MASKED
71871100200251678,2020,EPSG5070_50KM_31_26,0,DEM_MASKED
71871100200251684,2020,EPSG5070_50KM_31_26,0,DEM_MASKED
71871100200251689,2020,EPSG5070_50KM_31_26,0,DEM_MASKED
71871100200251695,2020,EPSG5070_50KM_31_26,0,DEM_MASKED
71871100200251737,2020,EPSG5070_50KM_31_26,0,DEM_MASKED
71871100200251739,2020,EPSG5070_50KM_31_26,0,DEM_MASKED
71871100200251741,2020,EPSG5070_50KM_31_26,0,DEM_MASKED
71871100200251742,2020,EPSG5070_50KM_31_26,0,DEM_MASKED
71871100200251754,2020,EPSG5070_50KM_31_26,0,DEM_MASKED
71871100200251763,2020,EPSG5070_50KM_31_26,0,DEM_MASKED
71871100200251766,2020,EPSG5070_50KM_31_26,0,DEM_MASKED
71871100200251770,2020,EPSG5070_50KM_31_26,0,DEM_MASKED
71871100200251772,2020,EPSG5070_50KM_31_26,0,DEM_MASKED
73290800300229326,2020,EPSG5070_50KM_29_24,2,DEM_MASKED
73290800300229328,2020,EPSG5070_50KM_29_24,2,DEM_MASKED
82240600200251649,2020,EPSG5070_50KM_31_26,0,DEM_MASKED
82240600200251670,2020,EPSG5070_50KM_31_27,4,DEM_MASKED
82850000200251823,2020,EPSG5070_50KM_31_27,4,DEM_MASKED
82850000200251824,2020,EPSG5070_50KM_31_27,4,DEM_MASKED
82850000200251825,2020,EPSG5070_50KM_31_27,4,DEM_MASKED
82850000200251826,2020,EPSG5070_50KM_31_27,4,DEM_MASKED
82850000200251834,2020,EPSG5070_50KM_31_27,4,DEM_MASKED
82850100200251818,2020,EPSG5070_50KM_31_27,4,DEM_MASKED
82850100200251820,2020,EPSG5070_50KM_31_27,4,DEM_MASKED
82850100200251822,2020,EPSG5070_50KM_31_27,4,DEM_MASKED
82850100200251832,2020,EPSG5070_50KM_31_27,4,DEM_MASKED
82850100200251833,2020,EPSG5070_50KM_31_27,4,DEM_MASKED
82850100200251835,2020,EPSG5070_50KM_31_27,4,DEM_MASKED
82850100200251840,2020,EPSG5070_50KM_31_27,4,DEM_MASKED
82850200200251759,2020,EPSG5070_50KM_31_27,4,DEM_MASKED
82850300200249145,2020,EPSG5070_50KM_29_24,2,DEM_MASKED
82850300200251747,2020,EPSG5070_50KM_31_26,0,DEM_MASKED
82850300200251748,2020,EPSG5070_50KM_31_26,0,DEM_MASKED
82850300200251749,2020,EPSG5070_50KM_31_27,4,DEM_MASKED
82850500200251728,2020,EPSG5070_50KM_31_26,0,DEM_MASKED
82850500200251739,2020,EPSG5070_50KM_31_26,0,DEM_MASKED
82850500200251742,2020,EPSG5070_50KM_31_26,0,DEM_MASKED
82850500200251807,2020,EPSG5070_50KM_31_27,4,DEM_MASKED
82850500200251811,2020,EPSG5070_50KM_31_27,4,DEM_MASKED
82850600200248760,2020,EPSG5070_50KM_29_24,2,DEM_MASKED
82850600200251398,2020,EPSG5070_50KM_31_26,0,DEM_MASKED
82850800200248532,2020,EPSG5070_50KM_29_24,2,DEM_MASKED
82850800200248820,2020,EPSG5070_50KM_29_24,2,DEM_MASKED
82850800200248835,2020,EPSG5070_50KM_29_24,2,DEM_MASKED
82850800200250647,2020,EPSG5070_50KM_31_26,0,DEM_MASKED
82850800200251200,2020,EPSG5070_50KM_31_26,0,DEM_MASKED
82850800200251277,2020,EPSG5070_50KM_31_26,0,DEM_MASKED
82850800200251281,2020,EPSG5070_50KM_31_26,0,DEM_MASKED
82850800200251306,2020,EPSG5070_50KM_31_26,0,DEM_MASKED
82850800200251423,2020,EPSG5070_50KM_31_27,4,DEM_MASKED
82851100200248974,2020,EPSG5070_50KM_29_24,2,DEM_MASKED
82851100200248997,2020,EPSG5070_50KM_29_24,2,DEM_MASKED
82851100200249015,2020,EPSG5070_50KM_29_24,2,DEM_MASKED
82851100200250842,2020,EPSG5070_50KM_31_26,0,DEM_MASKED
82851100200250846,2020,EPSG5070_50KM_31_26,0,DEM_MASKED
82851100200251345,2020,EPSG5070_50KM_31_26,0,DEM_MASKED
82851100200251358,2020,EPSG5070_50KM_31_26,0,DEM_MASKED
82851100200251370,2020,EPSG5070_50KM_31_26,0,DEM_MASKED
82851100200251372,2020,EPSG5070_50KM_31_26,0,DEM_MASKED
82851100200251379,2020,EPSG5070_50KM_31_26,0,DEM_MASKED
82851100200251382,2020,EPSG5070_50KM_31_26,0,DEM_MASKED
82851100200251384,2020,EPSG5070_50KM_31_26,0,DEM_MASKED
82851100200251437,2020,EPSG5070_50KM_31_26,0,DEM_MASKED
82851100200251476,2020,EPSG5070_50KM_31_26,0,DEM_MASKED
82851100200251477,2020,EPSG5070_50KM_31_26,0,DEM_MASKED
82851100200251480,2020,EPSG5070_50KM_31_26,0,DEM_MASKED
82851100200251495,2020,EPSG5070_50KM_31_26,0,DEM_MASKED
82851100200251496,2020,EPSG5070_50KM_31_26,0,DEM_MASKED
82851100200251503,2020,EPSG5070_50KM_31_26,0,DEM_MASKED
82851100200251634,2020,EPSG5070_50KM_31_27,4,DEM_MASKED
82851100200251639,2020,EPSG5070_50KM_31_27,4,DEM_MASKED
85950200300426994,2020,EPSG5070_50KM_27_19,1,DEM_MASKED
85950200300426997,2020,EPSG5070_50KM_27_19,1,DEM_MASKED
85950200300427003,2020,EPSG5070_50KM_27_19,1,DEM_MASKED
85950200300427029,2020,EPSG5070_50KM_27_19,1,DEM_MASKED
85950200300427030,2020,EPSG5070_50KM_27_19,1,DEM_MASKED
85950200300427040,2020,EPSG5070_50KM_27_19,1,DEM_MASKED
85950200300427041,2020,EPSG5070_50KM_27_19,1,DEM_MASKED
85950300300426979,2020,EPSG5070_50KM_27_19,1,DEM_MASKED
85950300300426980,2020,EPSG5070_50KM_27_19,1,DEM_MASKED
85950300300426997,2020,EPSG5070_50KM_27_19,1,DEM_MASKED
85950300300426998,2020,EPSG5070_50KM_27_19,1,DEM_MASKED
85950300300427000,2020,EPSG5070_50KM_27_19,1,DEM_MASKED
85950300300427010,2020,EPSG5070_50KM_27_19,1,DEM_MASKED
85950300300427012,2020,EPSG5070_50KM_27_19,1,DEM_MASKED
85950300300427014,2020,EPSG5070_50KM_27_19,1,DEM_MASKED
85950300300427017,2020,EPSG5070_50KM_27_19,1,DEM_MASKED
85950500300426886,2020,EPSG5070_50KM_27_19,1,DEM_MASKED
85950500300426889,2020,EPSG5070_50KM_27_19,1,DEM_MASKED
85950500300426890,2020,EPSG5070_50KM_27_19,1,DEM_MASKED
85950500300426891,2020,EPSG5070_50KM_27_19,1,DEM_MASKED
85950500300426892,2020,EPSG5070_50KM_27_19,1,DEM_MASKED
85950500300426897,2020,EPSG5070_50KM_27_19,1,DEM_MASKED
85950500300426898,2020,EPSG5070_50KM_27_19,1,DEM_MASKED
85950500300426899,2020,EPSG5070_50KM_27_19,1,DEM_MASKED
85950500300426900,2020,EPSG5070_50KM_27_19,1,DEM_MASKED
85950500300426902,2020,EPSG5070_50KM_27_19,1,DEM_MASKED
85950600300426501,2020,EPSG5070_50KM_27_19,1,DEM_MASKED
85950600300426502,2020,EPSG5070_50KM_27_19,1,DEM_MASKED
85950600300426504,2020,EPSG5070_50KM_27_19,1,DEM_MASKED
85950600300426506,2020,EPSG5070_50KM_27_19,1,DEM_MASKED
85950600300426511,2020,EPSG5070_50KM_27_19,1,DEM_MASKED
85950600300426512,2020,EPSG5070_50KM_27_19,1,DEM_MASKED
85950600300426513,2020,EPSG5070_50KM_27_19,1,DEM_MASKED
85950800300426024,2020,EPSG5070_50KM_27_19,1,DEM_MASKED
85950800300426025,2020,EPSG5070_50KM_27_19,1,DEM_MASKED
85950800300426026,2020,EPSG5070_50KM_27_19,1,DEM_MASKED
85950800300426027,2020,EPSG5070_50KM_27_19,1,DEM_MASKED
85951100300426496,2020,EPSG5070_50KM_27_19,1,DEM_MASKED
85951100300426497,2020,EPSG5070_50KM_27_19,1,DEM_MASKED
90830600300422002,2020,EPSG5070_50KM_28_22,0,DEM_MASKED
