asset_id,agbd_nonnegative,agbd_se_nonnegative,algorithm_run_flag_eq_1,all_intersecting_shots,degrade_flag_eq_0,l4_quality_flag_eq_1,required_fields_nonnull,year
LARSE/GEDI/GEDI04_A_002/GEDI04_A_2019108124143_O01967_02_T02494_02_002_02_V002,0,0,0,0,0,0,0,2019
LARSE/GEDI/GEDI04_A_002/GEDI04_A_2019109193528_O01987_03_T00632_02_002_02_V002,0,0,0,0,0,0,0,2019
LARSE/GEDI/GEDI04_A_002/GEDI04_A_2019110201828_O02003_03_T01918_02_002_02_V002,0,0,0,0,0,0,0,2019
LARSE/GEDI/GEDI04_A_002/GEDI04_A_2019110123502_O01998_02_T04759_02_002_02_V002,0,0,238,12551,0,0,238,2019
LARSE/GEDI/GEDI04_A_002/GEDI04_A_2019113113840_O02044_02_T01194_02_002_02_V002,0,0,0,0,0,0,0,2019
LARSE/GEDI/GEDI04_A_002/GEDI04_A_2019114183224_O02064_03_T05177_02_002_02_V002,0,0,0,0,0,0,0,2019
LARSE/GEDI/GEDI04_A_002/GEDI04_A_2019112183906_O02033_03_T04182_02_002_02_V002,1594,1594,44562,47114,1594,4068,44562,2019
LARSE/GEDI/GEDI04_A_002/GEDI04_A_2019115095917_O02074_02_T05034_02_002_02_V002,0,0,0,0,0,0,0,2019
LARSE/GEDI/GEDI04_A_002/GEDI04_A_2019114104858_O02059_02_T02479_02_002_02_V002,0,0,1736,65034,0,0,1736,2019
LARSE/GEDI/GEDI04_A_002/GEDI04_A_2019117095234_O02105_02_T01760_02_002_02_V002,0,0,0,7652,0,0,0,2019
LARSE/GEDI/GEDI04_A_002/GEDI04_A_2019117173600_O02110_03_T00189_02_002_02_V002,0,0,0,0,0,0,0,2019
LARSE/GEDI/GEDI04_A_002/GEDI04_A_2019116165301_O02094_03_T01902_02_002_02_V002,0,0,0,0,0,0,0,2019
LARSE/GEDI/GEDI04_A_002/GEDI04_A_2019111114521_O02013_02_T01775_02_002_02_V002,13306,13306,67585,78582,13306,13306,67585,2019
LARSE/GEDI/GEDI04_A_002/GEDI04_A_2019111192847_O02018_03_T04473_02_002_02_V002,12,12,34151,35236,12,4892,34151,2019
LARSE/GEDI/GEDI04_A_002/GEDI04_A_2019120085608_O02151_02_T02464_02_002_02_V002,0,0,0,0,0,0,0,2019
LARSE/GEDI/GEDI04_A_002/GEDI04_A_2019118164618_O02125_03_T04167_02_002_02_V002,0,0,27483,30096,0,986,27483,2019
LARSE/GEDI/GEDI04_A_002/GEDI04_A_2019121154951_O02171_03_T03448_02_002_02_V002,0,0,0,0,0,0,0,2019
LARSE/GEDI/GEDI04_A_002/GEDI04_A_2019122071642_O02181_02_T03305_02_002_02_V002,0,0,0,0,0,0,0,2019
LARSE/GEDI/GEDI04_A_002/GEDI04_A_2019115174243_O02079_03_T03463_02_002_02_V002,0,0,25428,73682,0,2833,25428,2019
LARSE/GEDI/GEDI04_A_002/GEDI04_A_2019118090252_O02120_02_T04315_02_002_02_V002,16371,16371,76832,82108,16371,16371,76832,2019
LARSE/GEDI/GEDI04_A_002/GEDI04_A_2019124070956_O02212_02_T00031_02_002_02_V002,36,36,1019,1921,36,36,1019,2019
LARSE/GEDI/GEDI04_A_002/GEDI04_A_2019123141024_O02201_03_T00173_02_002_02_V002,0,0,0,0,0,0,0,2019
LARSE/GEDI/GEDI04_A_002/GEDI04_A_2019119155635_O02140_03_T05452_02_002_02_V002,0,0,44199,50199,0,6865,44199,2019
LARSE/GEDI/GEDI04_A_002/GEDI04_A_2019121080625_O02166_02_T05019_02_002_02_V002,5093,5093,45090,58671,5093,5093,45090,2019
LARSE/GEDI/GEDI04_A_002/GEDI04_A_2019128130705_O02278_03_T00449_02_002_02_V002,0,0,0,0,0,0,0,2019
LARSE/GEDI/GEDI04_A_002/GEDI04_A_2019124145322_O02217_03_T04152_02_002_02_V002,0,0,0,0,0,0,0,2019
LARSE/GEDI/GEDI04_A_002/GEDI04_A_2019122150008_O02186_03_T04733_02_002_02_V002,0,0,61694,78732,0,12674,61694,2019
LARSE/GEDI/GEDI04_A_002/GEDI04_A_2019127061326_O02258_02_T00735_02_002_02_V002,0,0,0,0,0,0,0,2019
LARSE/GEDI/GEDI04_A_002/GEDI04_A_2019125140338_O02232_03_T05437_02_002_02_V002,0,0,10962,23980,0,1202,10962,2019
LARSE/GEDI/GEDI04_A_002/GEDI04_A_2019128052340_O02273_02_T00597_02_002_02_V002,25270,25270,51598,56543,25270,25270,51598,2019
LARSE/GEDI/GEDI04_A_002/GEDI04_A_2019129043355_O02288_02_T04575_02_002_02_V002,0,0,0,0,0,0,0,2019
LARSE/GEDI/GEDI04_A_002/GEDI04_A_2019130112735_O02308_03_T04289_02_002_02_V002,0,0,0,0,0,0,0,2019
LARSE/GEDI/GEDI04_A_002/GEDI04_A_2019131042706_O02319_02_T02724_02_002_02_V002,0,0,0,0,0,0,0,2019
LARSE/GEDI/GEDI04_A_002/GEDI04_A_2019133024735_O02349_02_T02295_02_002_02_V002,0,0,0,0,0,0,0,2019
LARSE/GEDI/GEDI04_A_002/GEDI04_A_2019134033031_O02365_02_T04851_02_002_02_V002,0,0,0,0,0,0,0,2019
LARSE/GEDI/GEDI04_A_002/GEDI04_A_2019125062012_O02227_02_T04009_02_002_02_V002,944,944,8970,85189,944,944,8970,2019
LARSE/GEDI/GEDI04_A_002/GEDI04_A_2019133103100_O02354_03_T00724_02_002_02_V002,8841,8841,26401,53454,8841,8841,26401,2019
LARSE/GEDI/GEDI04_A_002/GEDI04_A_2019135102408_O02385_03_T04565_02_002_02_V002,0,0,0,0,0,0,0,2019
LARSE/GEDI/GEDI04_A_002/GEDI04_A_2019132112045_O02339_03_T02438_02_002_02_V002,0,0,98,16101,0,0,98,2019
LARSE/GEDI/GEDI04_A_002/GEDI04_A_2019132033720_O02334_02_T01010_02_002_02_V002,8927,8927,35830,87714,8927,8997,35830,2019
LARSE/GEDI/GEDI04_A_002/GEDI04_A_2019136015058_O02395_02_T01576_02_002_02_V002,0,0,0,0,0,0,0,2019
LARSE/GEDI/GEDI04_A_002/GEDI04_A_2019129121719_O02293_03_T03004_02_002_02_V002,22426,22426,54025,78211,22426,22426,54025,2019
LARSE/GEDI/GEDI04_A_002/GEDI04_A_2019135024044_O02380_02_T03137_02_002_02_V002,25473,25473,45028,50414,25473,25473,45028,2019
LARSE/GEDI/GEDI04_A_002/GEDI04_A_2019140000430_O02456_02_T03412_02_002_02_V002,0,0,0,0,0,0,0,2019
LARSE/GEDI/GEDI04_A_002/GEDI04_A_2019136093422_O02400_03_T00005_02_002_02_V002,0,0,61483,76466,0,30497,61483,2019
LARSE/GEDI/GEDI04_A_002/GEDI04_A_2019138014405_O02426_02_T03841_02_002_02_V002,0,0,0,0,0,0,0,2019
LARSE/GEDI/GEDI04_A_002/GEDI04_A_2019142074101_O02492_03_T01566_02_002_02_V002,0,0,0,0,0,0,0,2019
LARSE/GEDI/GEDI04_A_002/GEDI04_A_2019137084435_O02415_03_T02713_02_002_02_V002,0,0,0,0,0,0,0,2019
LARSE/GEDI/GEDI04_A_002/GEDI04_A_2019141004724_O02472_02_T01852_02_002_02_V002,0,0,0,0,0,0,0,2019
LARSE/GEDI/GEDI04_A_002/GEDI04_A_2019140074755_O02461_03_T04840_02_002_02_V002,0,0,48823,54639,0,26759,48823,2019
LARSE/GEDI/GEDI04_A_002/GEDI04_A_2019144230246_O02533_02_T02112_02_002_02_V002,0,0,0,0,0,0,0,2019
LARSE/GEDI/GEDI04_A_002/GEDI04_A_2019146212558_O02563_02_T05493_02_002_02_V002,0,0,0,0,0,0,0,2019
LARSE/GEDI/GEDI04_A_002/GEDI04_A_2019142230749_O02502_02_T02846_02_002_02_V002,0,0,0,395,0,0,0,2019
LARSE/GEDI/GEDI04_A_002/GEDI04_A_2019146055814_O02553_03_T04366_02_002_02_V002,0,0,0,0,0,0,0,2019
LARSE/GEDI/GEDI04_A_002/GEDI04_A_2019141235737_O02487_02_T00138_02_002_02_V002,0,0,40353,42340,0,27036,40353,2019
LARSE/GEDI/GEDI04_A_002/GEDI04_A_2019148042125_O02583_03_T04901_02_002_02_V002,0,0,0,0,0,0,0,2019
LARSE/GEDI/GEDI04_A_002/GEDI04_A_2019144060216_O02522_03_T05253_02_002_02_V002,5975,5975,12863,13025,5975,6237,12863,2019
LARSE/GEDI/GEDI04_A_002/GEDI04_A_2019143065114_O02507_03_T01275_02_002_02_V002,11999,11999,64445,75124,11999,37376,64445,2019
LARSE/GEDI/GEDI04_A_002/GEDI04_A_2019150194506_O02624_02_T00872_02_002_02_V002,0,0,0,0,0,0,0,2019
LARSE/GEDI/GEDI04_A_002/GEDI04_A_2019148212155_O02594_02_T04606_02_002_02_V002,5883,5883,8121,8736,5883,5883,8121,2019
LARSE/GEDI/GEDI04_A_002/GEDI04_A_2019149050547_O02599_03_T04458_02_002_02_V002,0,0,0,0,0,0,0,2019
LARSE/GEDI/GEDI04_A_002/GEDI04_A_2019147050950_O02568_03_T05345_02_002_02_V002,45763,45763,64945,67155,45763,45763,64945,2019
LARSE/GEDI/GEDI04_A_002/GEDI04_A_2019153032454_O02660_03_T04106_02_002_02_V002,0,0,0,0,0,0,0,2019
LARSE/GEDI/GEDI04_A_002/GEDI04_A_2019145221422_O02548_02_T04514_02_002_02_V002,0,0,74252,80305,0,42895,74252,2019
LARSE/GEDI/GEDI04_A_002/GEDI04_A_2019150041722_O02614_03_T01168_02_002_02_V002,12132,12132,24947,25234,12132,12132,24947,2019
LARSE/GEDI/GEDI04_A_002/GEDI04_A_2019151202927_O02640_02_T00429_02_002_02_V002,0,0,0,0,0,0,0,2019
LARSE/GEDI/GEDI04_A_002/GEDI04_A_2019152194102_O02655_02_T01408_02_002_02_V002,688,688,11399,37293,688,5045,11399,2019
LARSE/GEDI/GEDI04_A_002/GEDI04_A_2019151032858_O02629_03_T03570_02_002_02_V002,22141,22141,38378,53064,22141,22141,38378,2019
LARSE/GEDI/GEDI04_A_002/GEDI04_A_2019155184834_O02701_02_T02923_02_002_02_V002,0,0,0,0,0,0,0,2019
LARSE/GEDI/GEDI04_A_002/GEDI04_A_2019157014400_O02721_03_T02484_02_002_02_V002,0,0,0,0,0,0,0,2019
LARSE/GEDI/GEDI04_A_002/GEDI04_A_2019157171143_O02731_02_T02188_02_002_02_V002,0,0,0,0,0,0,0,2019
LARSE/GEDI/GEDI04_A_002/GEDI04_A_2019149203330_O02609_02_T01316_02_002_02_V002,28123,28123,69484,83581,28123,28123,69484,2019
LARSE/GEDI/GEDI04_A_002/GEDI04_A_2019161153045_O02792_02_T00413_02_002_02_V002,0,0,0,0,0,0,0,2019
LARSE/GEDI/GEDI04_A_002/GEDI04_A_2019159170738_O02762_02_T05570_02_002_02_V002,0,0,0,0,0,0,0,2019
LARSE/GEDI/GEDI04_A_002/GEDI04_A_2019159000709_O02751_03_T04442_02_002_02_V002,0,0,0,0,0,0,0,2019
LARSE/GEDI/GEDI04_A_002/GEDI04_A_2019162161505_O02808_02_T01393_02_002_02_V002,0,0,0,0,0,0,0,2019
LARSE/GEDI/GEDI04_A_002/GEDI04_A_2019153185238_O02670_02_T03810_02_002_02_V002,0,0,9851,18639,0,4053,9851,2019
LARSE/GEDI/GEDI04_A_002/GEDI04_A_2019158005534_O02736_03_T02040_02_002_02_V002,0,0,2731,76809,0,0,2731,2019
LARSE/GEDI/GEDI04_A_002/GEDI04_A_2019160161911_O02777_02_T00857_02_002_02_V002,0,0,225,89308,0,0,225,2019
LARSE/GEDI/GEDI04_A_002/GEDI04_A_2019156180009_O02716_02_T02632_02_002_02_V002,0,0,3,73657,0,0,3,2019
LARSE/GEDI/GEDI04_A_002/GEDI04_A_2019163231029_O02828_03_T00801_02_002_02_V002,0,0,0,0,0,0,0,2019
LARSE/GEDI/GEDI04_A_002/GEDI04_A_2019162222610_O02812_03_T01244_02_002_02_V002,0,0,0,0,0,0,0,2019
LARSE/GEDI/GEDI04_A_002/GEDI04_A_2019161000303_O02782_03_T04978_02_002_02_V002,0,0,0,6038,0,0,0,2019
LARSE/GEDI/GEDI04_A_002/GEDI04_A_2019161231436_O02797_03_T03111_02_002_02_V002,6486,6486,12014,56452,6486,6486,12014,2019
LARSE/GEDI/GEDI04_A_002/GEDI04_A_2019166143404_O02869_02_T03887_02_002_02_V002,0,0,0,0,0,0,0,2019
LARSE/GEDI/GEDI04_A_002/GEDI04_A_2019167212927_O02889_03_T02025_02_002_02_V002,0,0,0,0,0,0,0,2019
LARSE/GEDI/GEDI04_A_002/GEDI04_A_2019164222202_O02843_03_T03203_02_002_02_V002,13297,13297,23926,46412,13297,13297,23926,2019
LARSE/GEDI/GEDI04_A_002/GEDI04_A_2019164143811_O02838_02_T00505_02_002_02_V002,0,0,2070,75494,0,0,2070,2019
LARSE/GEDI/GEDI04_A_002/GEDI04_A_2019165213335_O02858_03_T01489_02_002_02_V002,29222,29222,43859,46493,29222,29222,43859,2019
LARSE/GEDI/GEDI04_A_002/GEDI04_A_2019170125300_O02930_02_T05111_02_002_02_V002,0,0,0,0,0,0,0,2019
LARSE/GEDI/GEDI04_A_002/GEDI04_A_2019168125709_O02899_02_T01729_02_002_02_V002,0,0,0,0,0,0,0,2019
LARSE/GEDI/GEDI04_A_002/GEDI04_A_2019163152638_O02823_02_T03795_02_002_02_V002,0,0,553,26006,0,0,553,2019
LARSE/GEDI/GEDI04_A_002/GEDI04_A_2019173120023_O02976_02_T00934_02_002_02_V002,0,0,0,0,0,0,0,2019
LARSE/GEDI/GEDI04_A_002/GEDI04_A_2019173181128_O02980_03_T02361_02_002_02_V002,0,0,0,0,0,0,0,2019
LARSE/GEDI/GEDI04_A_002/GEDI04_A_2019171194823_O02950_03_T00250_02_002_02_V002,0,0,0,0,0,0,0,2019
LARSE/GEDI/GEDI04_A_002/GEDI04_A_2019168204100_O02904_03_T04427_02_002_02_V002,30123,30123,50816,74288,30123,30123,50816,2019
LARSE/GEDI/GEDI04_A_002/GEDI04_A_2019167134536_O02884_02_T02173_02_002_02_V002,37212,37212,55357,58142,37212,37212,55357,2019
LARSE/GEDI/GEDI04_A_002/GEDI04_A_2019174185546_O02996_03_T03188_02_002_02_V002,0,0,0,0,0,0,0,2019
LARSE/GEDI/GEDI04_A_002/GEDI04_A_2019169195233_O02919_03_T05406_02_002_02_V002,0,0,0,0,0,0,0,2019
LARSE/GEDI/GEDI04_A_002/GEDI04_A_2019174111155_O02991_02_T03336_02_002_02_V002,0,0,11787,16044,0,8073,11787,2019
LARSE/GEDI/GEDI04_A_002/GEDI04_A_2019171120433_O02945_02_T00398_02_002_02_V002,0,0,55462,83384,0,25527,55462,2019
LARSE/GEDI/GEDI04_A_002/GEDI04_A_2019172185956_O02965_03_T04075_02_002_02_V002,0,0,59598,63392,0,38691,59598,2019
LARSE/GEDI/GEDI04_A_002/GEDI04_A_2019177101917_O03037_02_T02158_02_002_02_V002,0,0,0,0,0,0,0,2019
LARSE/GEDI/GEDI04_A_002/GEDI04_A_2019178171438_O03057_03_T04412_02_002_02_V002,0,0,0,0,0,0,0,2019
LARSE/GEDI/GEDI04_A_002/GEDI04_A_2019175180717_O03011_03_T01474_02_002_02_V002,0,0,24147,30120,0,7855,24147,2019
LARSE/GEDI/GEDI04_A_002/GEDI04_A_2019181083804_O03098_02_T03229_02_002_02_V002,0,0,0,0,0,0,0,2019
LARSE/GEDI/GEDI04_A_002/GEDI04_A_2019176171849_O03026_03_T05299_02_002_02_V002,0,0,33942,52120,0,14605,33942,2019
LARSE/GEDI/GEDI04_A_002/GEDI04_A_2019179084219_O03067_02_T01270_02_002_02_V002,0,0,16,848,0,0,16,2019
LARSE/GEDI/GEDI04_A_002/GEDI04_A_2019183070104_O03128_02_T05340_02_002_02_V002,0,0,0,0,0,0,0,2019
LARSE/GEDI/GEDI04_A_002/GEDI04_A_2019182153324_O03118_03_T02790_02_002_02_V002,0,0,0,0,0,0,0,2019
LARSE/GEDI/GEDI04_A_002/GEDI04_A_2019178093048_O03052_02_T04560_02_002_02_V002,0,0,15029,50180,0,7436,15029,2019
LARSE/GEDI/GEDI04_A_002/GEDI04_A_2019180153741_O03087_03_T03524_02_002_02_V002,0,0,33143,36921,0,19293,33143,2019
LARSE/GEDI/GEDI04_A_002/GEDI04_A_2019175102327_O03006_02_T01622_02_002_02_V002,0,0,78149,79937,0,49502,78149,2019
LARSE/GEDI/GEDI04_A_002/GEDI04_A_2019179162610_O03072_03_T01122_02_002_02_V002,0,0,54938,70960,0,30639,54938,2019
LARSE/GEDI/GEDI04_A_002/GEDI04_A_2019185144107_O03164_03_T01459_02_002_02_V002,0,0,0,0,0,0,0,2019
LARSE/GEDI/GEDI04_A_002/GEDI04_A_2019187052044_O03189_02_T02142_02_002_02_V002,0,0,0,0,0,0,0,2019
LARSE/GEDI/GEDI04_A_002/GEDI04_A_2019185065712_O03159_02_T01607_02_002_02_V002,3420,3420,3903,3912,3420,3420,3903,2019
LARSE/GEDI/GEDI04_A_002/GEDI04_A_2019184135634_O03148_03_T04748_02_002_02_V002,0,0,0,0,0,0,0,2019
LARSE/GEDI/GEDI04_A_002/GEDI04_A_2019188121625_O03209_03_T04243_02_002_02_V002,0,0,0,0,0,0,0,2019
LARSE/GEDI/GEDI04_A_002/GEDI04_A_2019188060516_O03205_02_T00123_02_002_02_V002,0,0,0,0,0,0,0,2019
LARSE/GEDI/GEDI04_A_002/GEDI04_A_2019186135253_O03179_03_T03708_02_002_02_V002,0,0,14239,15780,0,6890,14239,2019
LARSE/GEDI/GEDI04_A_002/GEDI04_A_2019189130057_O03225_03_T00954_02_002_02_V002,0,0,0,0,0,0,0,2019
LARSE/GEDI/GEDI04_A_002/GEDI04_A_2019187130439_O03194_03_T03264_02_002_02_V002,0,0,18925,54529,0,10334,18925,2019
LARSE/GEDI/GEDI04_A_002/GEDI04_A_2019189051702_O03220_02_T01102_02_002_02_V002,25265,25265,28253,29052,25265,25265,28253,2019
LARSE/GEDI/GEDI04_A_002/GEDI04_A_2019192042506_O03266_02_T05463_02_002_02_V002,0,0,0,0,0,0,0,2019
LARSE/GEDI/GEDI04_A_002/GEDI04_A_2019182074934_O03113_02_T01515_02_002_02_V002,34680,34680,75723,76212,34680,59305,75723,2019
LARSE/GEDI/GEDI04_A_002/GEDI04_A_2019194024837_O03296_02_T02999_02_002_02_V002,0,0,0,0,0,0,0,2019
LARSE/GEDI/GEDI04_A_002/GEDI04_A_2019191112429_O03255_03_T00066_02_002_02_V002,0,0,11536,46357,0,5893,11536,2019
LARSE/GEDI/GEDI04_A_002/GEDI04_A_2019193112046_O03286_03_T04871_02_002_02_V002,0,0,0,0,0,0,0,2019
LARSE/GEDI/GEDI04_A_002/GEDI04_A_2019190121243_O03240_03_T00510_02_002_02_V002,0,0,45883,48909,0,30045,45883,2019
LARSE/GEDI/GEDI04_A_002/GEDI04_A_2019196024454_O03327_02_T03535_02_002_02_V002,0,0,0,0,0,0,0,2019
LARSE/GEDI/GEDI04_A_002/GEDI04_A_2019190042848_O03235_02_T00658_02_002_02_V002,16557,16557,36848,72999,16557,16557,36848,2019
LARSE/GEDI/GEDI04_A_002/GEDI04_A_2019198010823_O03357_02_T01224_02_002_02_V002,0,0,0,0,0,0,0,2019
LARSE/GEDI/GEDI04_A_002/GEDI04_A_2019193033651_O03281_02_T00750_02_002_02_V002,3575,3575,10827,59539,3575,3575,10827,2019
LARSE/GEDI/GEDI04_A_002/GEDI04_A_2019195094417_O03316_03_T02560_02_002_02_V002,0,0,0,0,0,0,0,2019
LARSE/GEDI/GEDI04_A_002/GEDI04_A_2019183144454_O03133_03_T05192_02_002_02_V002,0,0,64168,69775,0,43318,64168,2019
LARSE/GEDI/GEDI04_A_002/GEDI04_A_2019197015638_O03342_02_T03091_02_002_02_V002,41501,41501,78594,81905,41501,41501,78594,2019
LARSE/GEDI/GEDI04_A_002/GEDI04_A_2019194103232_O03301_03_T01581_02_002_02_V002,15653,15653,33579,76408,15653,15653,33579,2019
LARSE/GEDI/GEDI04_A_002/GEDI04_A_2019199015255_O03373_02_T00781_02_002_02_V002,0,0,0,0,0,0,0,2019
LARSE/GEDI/GEDI04_A_002/GEDI04_A_2019199080403_O03377_03_T03478_02_002_02_V002,0,0,0,0,0,0,0,2019
LARSE/GEDI/GEDI04_A_002/GEDI04_A_2019197094033_O03347_03_T02943_02_002_02_V002,0,0,0,0,0,0,0,2019
LARSE/GEDI/GEDI04_A_002/GEDI04_A_2019200010439_O03388_02_T00337_02_002_02_V002,0,0,3,9895,0,0,3,2019
LARSE/GEDI/GEDI04_A_002/GEDI04_A_2019200084834_O03393_03_T03035_02_002_02_V002,0,0,0,0,0,0,0,2019
LARSE/GEDI/GEDI04_A_002/GEDI04_A_2019198085218_O03362_03_T03922_02_002_02_V002,43739,43739,58664,65549,43739,43739,58664,2019
LARSE/GEDI/GEDI04_A_002/GEDI04_A_2019204070818_O03454_03_T05529_02_002_02_V002,0,0,0,0,0,0,0,2019
LARSE/GEDI/GEDI04_A_002/GEDI04_A_2019201080019_O03408_03_T04014_02_002_02_V002,8682,8682,15296,26140,8682,8682,15296,2019
LARSE/GEDI/GEDI04_A_002/GEDI04_A_2019206223222_O03495_02_T01500_02_002_02_V002,0,0,0,0,0,0,0,2019
LARSE/GEDI/GEDI04_A_002/GEDI04_A_2019203232423_O03449_02_T05677_02_002_02_V002,20608,20608,28969,36254,20608,20876,28969,2019
LARSE/GEDI/GEDI04_A_002/GEDI04_A_2019210205202_O03556_02_T00995_02_002_02_V002,0,0,0,0,0,0,0,2019
LARSE/GEDI/GEDI04_A_002/GEDI04_A_2019205062002_O03469_03_T03509_02_002_02_V002,15972,15972,26725,60755,15972,15972,26725,2019
LARSE/GEDI/GEDI04_A_002/GEDI04_A_2019212191526_O03586_02_T02953_02_002_02_V002,0,0,0,0,0,0,0,2019
LARSE/GEDI/GEDI04_A_002/GEDI04_A_2019213195955_O03602_02_T01087_02_002_02_V002,0,0,0,0,0,0,0,2019
LARSE/GEDI/GEDI04_A_002/GEDI04_A_2019214021104_O03606_03_T03784_02_002_02_V002,0,0,0,0,0,0,0,2019
LARSE/GEDI/GEDI04_A_002/GEDI04_A_2019204223608_O03464_02_T05233_02_002_02_V002,744,744,4336,32565,744,744,4336,2019
LARSE/GEDI/GEDI04_A_002/GEDI04_A_2019206053145_O03484_03_T01795_02_002_02_V002,27049,27049,37160,38899,27049,27049,37160,2019
LARSE/GEDI/GEDI04_A_002/GEDI04_A_2019201001624_O03403_02_T05585_02_002_02_V002,9523,9523,18063,84056,9523,9523,18063,2019
LARSE/GEDI/GEDI04_A_002/GEDI04_A_2019215025534_O03622_03_T00495_02_002_02_V002,0,0,0,0,0,0,0,2019
LARSE/GEDI/GEDI04_A_002/GEDI04_A_2019214191139_O03617_02_T00643_02_002_02_V002,0,0,9103,17995,0,6201,9103,2019
LARSE/GEDI/GEDI04_A_002/GEDI04_A_2019217181933_O03663_02_T05004_02_002_02_V002,0,0,0,0,0,0,0,2019
LARSE/GEDI/GEDI04_A_002/GEDI04_A_2019219011510_O03683_03_T00143_02_002_02_V002,0,0,0,0,0,0,0,2019
LARSE/GEDI/GEDI04_A_002/GEDI04_A_2019211200346_O03571_02_T00551_02_002_02_V002,0,0,76932,88363,0,46996,76932,2019
LARSE/GEDI/GEDI04_A_002/GEDI04_A_2019217011858_O03652_03_T01030_02_002_02_V002,7875,7875,14680,51578,7875,7875,14680,2019
LARSE/GEDI/GEDI04_A_002/GEDI04_A_2019221163907_O03724_02_T04652_02_002_02_V002,0,0,0,0,0,0,0,2019
LARSE/GEDI/GEDI04_A_002/GEDI04_A_2019209043943_O03530_03_T03157_02_002_02_V002,0,0,64269,80288,0,34627,64269,2019
LARSE/GEDI/GEDI04_A_002/GEDI04_A_2019219164258_O03693_02_T05539_02_002_02_V002,0,0,0,1271,0,0,0,2019
LARSE/GEDI/GEDI04_A_002/GEDI04_A_2019222233442_O03744_03_T05483_02_002_02_V002,0,0,0,0,0,0,0,2019
LARSE/GEDI/GEDI04_A_002/GEDI04_A_2019223150230_O03754_02_T05187_02_002_02_V002,0,0,0,0,0,0,0,2019
LARSE/GEDI/GEDI04_A_002/GEDI04_A_2019216020716_O03637_03_T00051_02_002_02_V002,10605,10605,18724,33145,10605,10605,18724,2019
LARSE/GEDI/GEDI04_A_002/GEDI04_A_2019215182322_O03632_02_T00199_02_002_02_V002,0,0,2690,80191,0,0,2690,2019
LARSE/GEDI/GEDI04_A_002/GEDI04_A_2019220233834_O03713_03_T04947_02_002_02_V002,17178,17178,24180,25379,17178,17257,24180,2019
LARSE/GEDI/GEDI04_A_002/GEDI04_A_2019224215804_O03774_03_T04595_02_002_02_V002,0,0,0,0,0,0,0,2019
LARSE/GEDI/GEDI04_A_002/GEDI04_A_2019220002652_O03698_03_T05391_02_002_02_V002,15536,15536,30662,68491,15536,15536,30662,2019
LARSE/GEDI/GEDI04_A_002/GEDI04_A_2019225145838_O03785_02_T04300_02_002_02_V002,857,857,996,1034,857,857,996,2019
LARSE/GEDI/GEDI04_A_002/GEDI04_A_2019222155048_O03739_02_T05631_02_002_02_V002,0,0,276,72521,0,0,276,2019
LARSE/GEDI/GEDI04_A_002/GEDI04_A_2019227132211_O03815_02_T01989_02_002_02_V002,0,0,0,0,0,0,0,2019
LARSE/GEDI/GEDI04_A_002/GEDI04_A_2019228140719_O03831_02_T05662_02_002_02_V002,0,0,0,0,0,0,0,2019
LARSE/GEDI/GEDI04_A_002/GEDI04_A_2019229210341_O03851_03_T04917_02_002_02_V002,0,0,0,0,0,0,0,2019
LARSE/GEDI/GEDI04_A_002/GEDI04_A_2019226215413_O03805_03_T02285_02_002_02_V002,0,0,0,12021,0,0,0,2019
LARSE/GEDI/GEDI04_A_002/GEDI04_A_2019228201836_O03835_03_T05513_02_002_02_V002,0,0,0,0,0,0,0,2019
LARSE/GEDI/GEDI04_A_002/GEDI04_A_2019223224623_O03759_03_T05039_02_002_02_V002,25483,25483,48753,72271,25483,25483,48753,2019
LARSE/GEDI/GEDI04_A_002/GEDI04_A_2019227210617_O03820_03_T01841_02_002_02_V002,19988,19988,31371,55943,19988,20091,31371,2019
LARSE/GEDI/GEDI04_A_002/GEDI04_A_2019226141020_O03800_02_T02433_02_002_02_V002,45849,45849,76822,88845,45849,45849,76822,2019
LARSE/GEDI/GEDI04_A_002/GEDI04_A_2019229131935_O03846_02_T03642_02_002_02_V002,16770,16770,21283,22268,16770,16770,21283,2019
LARSE/GEDI/GEDI04_A_002/GEDI04_A_2019233192537_O03912_03_T02836_02_002_02_V002,0,0,0,0,0,0,0,2019
LARSE/GEDI/GEDI04_A_002/GEDI04_A_2019240091308_O04014_02_T03382_02_002_02_V002,0,0,0,0,0,0,0,2019
LARSE/GEDI/GEDI04_A_002/GEDI04_A_2019230201557_O03866_03_T02897_02_002_02_V002,6557,6557,11983,33792,6557,6557,11983,2019
LARSE/GEDI/GEDI04_A_002/GEDI04_A_2019241160930_O04034_03_T04060_02_002_02_V002,0,0,0,0,0,0,0,2019
LARSE/GEDI/GEDI04_A_002/GEDI04_A_2019230123151_O03861_02_T03045_02_002_02_V002,8176,8176,19631,79158,8176,8176,19631,2019
LARSE/GEDI/GEDI04_A_002/GEDI04_A_2019231192814_O03881_03_T02453_02_002_02_V002,16538,16538,29303,52124,16538,16617,29303,2019
LARSE/GEDI/GEDI04_A_002/GEDI04_A_2019242073740_O04044_02_T03764_02_002_02_V002,0,0,0,0,0,0,0,2019
LARSE/GEDI/GEDI04_A_002/GEDI04_A_2019244073502_O04075_02_T04147_02_002_02_V002,0,0,0,0,0,0,0,2019
LARSE/GEDI/GEDI04_A_002/GEDI04_A_2019243143401_O04064_03_T01749_02_002_02_V002,0,0,0,0,0,0,0,2019
LARSE/GEDI/GEDI04_A_002/GEDI04_A_2019233114131_O03907_02_T01561_02_002_02_V002,16871,16871,25245,39838,16871,16871,25245,2019
LARSE/GEDI/GEDI04_A_002/GEDI04_A_2019246055934_O04105_02_T04529_02_002_02_V002,0,0,0,0,0,0,0,2019
LARSE/GEDI/GEDI04_A_002/GEDI04_A_2019247064435_O04121_02_T03933_02_002_02_V002,0,0,0,0,0,0,0,2019
LARSE/GEDI/GEDI04_A_002/GEDI04_A_2019241082524_O04029_02_T00092_02_002_02_V002,58262,58262,77012,78238,58262,58262,77012,2019
LARSE/GEDI/GEDI04_A_002/GEDI04_A_2019248134054_O04141_03_T00342_02_002_02_V002,0,0,0,0,0,0,0,2019
LARSE/GEDI/GEDI04_A_002/GEDI04_A_2019245143123_O04095_03_T00556_02_002_02_V002,0,0,314,1918,0,45,314,2019
LARSE/GEDI/GEDI04_A_002/GEDI04_A_2019247125551_O04125_03_T02514_02_002_02_V002,0,0,0,0,0,0,0,2019
LARSE/GEDI/GEDI04_A_002/GEDI04_A_2019245064718_O04090_02_T03550_02_002_02_V002,10279,10279,26762,89991,10279,10291,26762,2019
LARSE/GEDI/GEDI04_A_002/GEDI04_A_2019246134339_O04110_03_T01535_02_002_02_V002,0,0,54263,60677,0,34731,54263,2019
LARSE/GEDI/GEDI04_A_002/GEDI04_A_2019242152145_O04049_03_T00770_02_002_02_V002,0,0,62018,71743,0,43320,62018,2019
LARSE/GEDI/GEDI04_A_002/GEDI04_A_2019248055650_O04136_02_T02066_02_002_02_V002,15724,15724,20014,20257,15724,15724,20014,2019
LARSE/GEDI/GEDI04_A_002/GEDI04_A_2019251050621_O04182_02_T03122_02_002_02_V002,0,0,0,0,0,0,0,2019
LARSE/GEDI/GEDI04_A_002/GEDI04_A_2019252120240_O04202_03_T01107_02_002_02_V002,0,0,0,0,0,0,0,2019
LARSE/GEDI/GEDI04_A_002/GEDI04_A_2019249050904_O04151_02_T00046_02_002_02_V002,23056,23056,39910,81602,23056,23056,39910,2019
LARSE/GEDI/GEDI04_A_002/GEDI04_A_2019255032806_O04243_02_T02617_02_002_02_V002,0,0,0,0,0,0,0,2019
LARSE/GEDI/GEDI04_A_002/GEDI04_A_2019252041835_O04197_02_T04101_02_002_02_V002,26328,26328,33707,34138,26328,26522,33707,2019
LARSE/GEDI/GEDI04_A_002/GEDI04_A_2019256102424_O04263_03_T04718_02_002_02_V002,0,0,0,0,0,0,0,2019
LARSE/GEDI/GEDI04_A_002/GEDI04_A_2019250120523_O04171_03_T02300_02_002_02_V002,29170,29170,48213,50200,29170,29170,48213,2019
LARSE/GEDI/GEDI04_A_002/GEDI04_A_2019249125309_O04156_03_T05590_02_002_02_V002,16298,16298,26629,27995,16298,16298,26629,2019
LARSE/GEDI/GEDI04_A_002/GEDI04_A_2019254102708_O04232_03_T02912_02_002_02_V002,19919,19919,31588,44597,19919,19994,31588,2019
LARSE/GEDI/GEDI04_A_002/GEDI04_A_2019259015015_O04304_02_T00383_02_002_02_V002,0,0,0,0,0,0,0,2019
LARSE/GEDI/GEDI04_A_002/GEDI04_A_2019257015233_O04273_02_T04269_02_002_02_V002,0,0,0,0,0,0,0,2019
LARSE/GEDI/GEDI04_A_002/GEDI04_A_2019253111453_O04217_03_T02086_02_002_02_V002,35187,35187,55131,56789,35187,35187,55131,2019
LARSE/GEDI/GEDI04_A_002/GEDI04_A_2019261001521_O04334_02_T03458_02_002_02_V002,0,0,0,0,0,0,0,2019
LARSE/GEDI/GEDI04_A_002/GEDI04_A_2019253033049_O04212_02_T05080_02_002_02_V002,18864,18864,41312,71596,18864,18942,41312,2019
LARSE/GEDI/GEDI04_A_002/GEDI04_A_2019257093638_O04278_03_T04121_02_002_02_V002,31922,31922,57268,75178,31922,31922,57268,2019
LARSE/GEDI/GEDI04_A_002/GEDI04_A_2019256024020_O04258_02_T04866_02_002_02_V002,31623,31623,51606,55719,31623,31623,51606,2019
LARSE/GEDI/GEDI04_A_002/GEDI04_A_2019260084659_O04324_03_T05330_02_002_02_V002,0,0,0,0,0,0,0,2019
LARSE/GEDI/GEDI04_A_002/GEDI04_A_2019263001316_O04365_02_T03688_02_002_02_V002,0,0,0,0,0,0,0,2019
LARSE/GEDI/GEDI04_A_002/GEDI04_A_2019264223821_O04395_02_T02647_02_002_02_V002,0,0,0,0,0,0,0,2019
LARSE/GEDI/GEDI04_A_002/GEDI04_A_2019266053504_O04415_03_T03172_02_002_02_V002,0,0,0,0,0,0,0,2019
LARSE/GEDI/GEDI04_A_002/GEDI04_A_2019264071000_O04385_03_T00097_02_002_02_V002,0,0,0,0,0,0,0,2019
LARSE/GEDI/GEDI04_A_002/GEDI04_A_2019262071205_O04354_03_T01290_02_002_02_V002,0,0,0,0,0,0,0,2019
LARSE/GEDI/GEDI04_A_002/GEDI04_A_2019260010248_O04319_02_T01209_02_002_02_V002,46451,46451,72626,73583,46451,46451,72626,2019
LARSE/GEDI/GEDI04_A_002/GEDI04_A_2019267062026_O04431_03_T05575_02_002_02_V002,0,0,0,0,0,0,0,2019
LARSE/GEDI/GEDI04_A_002/GEDI04_A_2019263232549_O04380_02_T01821_02_002_02_V002,49502,49502,81462,82442,49502,49502,81462,2019
LARSE/GEDI/GEDI04_A_002/GEDI04_A_2019266223616_O04426_02_T02877_02_002_02_V002,10,10,433,2918,10,10,433,2019
LARSE/GEDI/GEDI04_A_002/GEDI04_A_2019268210119_O04456_02_T03106_02_002_02_V002,0,0,0,0,0,0,0,2019
LARSE/GEDI/GEDI04_A_002/GEDI04_A_2019269214641_O04472_02_T02663_02_002_02_V002,0,0,0,0,0,0,0,2019
LARSE/GEDI/GEDI04_A_002/GEDI04_A_2019261075932_O04339_03_T00464_02_002_02_V002,37999,37999,69445,78106,37999,37999,69445,2019
LARSE/GEDI/GEDI04_A_002/GEDI04_A_2019265062232_O04400_03_T03769_02_002_02_V002,40649,40649,66714,68316,40649,40649,66714,2019
LARSE/GEDI/GEDI04_A_002/GEDI04_A_2019270035802_O04476_03_T05207_02_002_02_V002,0,0,0,0,0,0,0,2019
LARSE/GEDI/GEDI04_A_002/GEDI04_A_2019268053258_O04446_03_T02132_02_002_02_V002,1614,1614,3738,3874,1614,1614,3738,2019
LARSE/GEDI/GEDI04_A_002/GEDI04_A_2019272192415_O04517_02_T03718_02_002_02_V002,0,0,0,0,0,0,0,2019
LARSE/GEDI/GEDI04_A_002/GEDI04_A_2019274022057_O04537_03_T04396_02_002_02_V002,0,0,0,0,0,0,0,2019
LARSE/GEDI/GEDI04_A_002/GEDI04_A_2019269044530_O04461_03_T00112_02_002_02_V002,27567,27567,52478,59628,27567,27567,52478,2019
LARSE/GEDI/GEDI04_A_002/GEDI04_A_2019273200936_O04533_02_T04545_02_002_02_V002,0,0,0,0,0,0,0,2019
LARSE/GEDI/GEDI04_A_002/GEDI04_A_2019275030617_O04553_03_T05223_02_002_02_V002,0,0,0,0,0,0,0,2019
LARSE/GEDI/GEDI04_A_002/GEDI04_A_2019267214847_O04441_02_T03703_02_002_02_V002,29218,29218,68394,89249,29218,29218,68394,2019
LARSE/GEDI/GEDI04_A_002/GEDI04_A_2019272035555_O04507_03_T02744_02_002_02_V002,10576,10576,26955,27092,10576,10634,26955,2019
LARSE/GEDI/GEDI04_A_002/GEDI04_A_2019273030826_O04522_03_T02147_02_002_02_V002,21135,21135,52286,54054,21135,21400,52286,2019
LARSE/GEDI/GEDI04_A_002/GEDI04_A_2019271201144_O04502_02_T01469_02_002_02_V002,33472,33472,75712,82574,33472,33472,75712,2019
LARSE/GEDI/GEDI04_A_002/GEDI04_A_2019279012908_O04614_03_T04259_02_002_02_V002,0,0,0,0,0,0,0,2019
LARSE/GEDI/GEDI04_A_002/GEDI04_A_2019274192207_O04548_02_T03948_02_002_02_V002,10663,10663,22250,30103,10663,10901,22250,2019
LARSE/GEDI/GEDI04_A_002/GEDI04_A_2019277183228_O04594_02_T03581_02_002_02_V002,0,0,0,0,0,0,0,2019
LARSE/GEDI/GEDI04_A_002/GEDI04_A_2019278174458_O04609_02_T01714_02_002_02_V002,0,0,14667,46197,0,3511,14667,2019
LARSE/GEDI/GEDI04_A_002/GEDI04_A_2019281165517_O04655_02_T01347_02_002_02_V002,0,0,0,0,0,0,0,2019
LARSE/GEDI/GEDI04_A_002/GEDI04_A_2019280235408_O04644_03_T04641_02_002_02_V002,11,11,388,37249,11,11,388,2019
LARSE/GEDI/GEDI04_A_002/GEDI04_A_2019275183438_O04563_02_T02081_02_002_02_V002,27991,27991,62772,74569,27991,28741,62772,2019
LARSE/GEDI/GEDI04_A_002/GEDI04_A_2019277013118_O04583_03_T02759_02_002_02_V002,16403,16403,47537,49020,16403,16403,47537,2019
LARSE/GEDI/GEDI04_A_002/GEDI04_A_2019282235147_O04675_03_T02178_02_002_02_V002,0,0,0,0,0,0,0,2019
LARSE/GEDI/GEDI04_A_002/GEDI04_A_2019279165728_O04624_02_T05386_02_002_02_V002,0,0,2735,14103,0,309,2735,2019
LARSE/GEDI/GEDI04_A_002/GEDI04_A_2019280004138_O04629_03_T02392_02_002_02_V002,13639,13639,51108,61320,13639,13639,51108,2019
LARSE/GEDI/GEDI04_A_002/GEDI04_A_2019283152005_O04685_02_T03152_02_002_02_V002,0,0,0,0,0,0,0,2019
LARSE/GEDI/GEDI04_A_002/GEDI04_A_2019285151750_O04716_02_T00536_02_002_02_V002,0,0,0,0,0,0,0,2019
LARSE/GEDI/GEDI04_A_002/GEDI04_A_2019284221642_O04705_03_T02407_02_002_02_V002,241,241,21321,22294,241,6739,21321,2019
LARSE/GEDI/GEDI04_A_002/GEDI04_A_2019286221426_O04736_03_T01214_02_002_02_V002,0,0,0,0,0,0,0,2019
LARSE/GEDI/GEDI04_A_002/GEDI04_A_2019287134244_O04746_02_T02341_02_002_02_V002,0,0,0,0,0,0,0,2019
LARSE/GEDI/GEDI04_A_002/GEDI04_A_2019282160738_O04670_02_T02326_02_002_02_V002,962,962,15994,61127,962,1152,15994,2019
LARSE/GEDI/GEDI04_A_002/GEDI04_A_2019288203919_O04766_03_T01596_02_002_02_V002,0,0,0,0,0,0,0,2019
LARSE/GEDI/GEDI04_A_002/GEDI04_A_2019291120522_O04807_02_T01530_02_002_02_V002,0,0,0,0,0,0,0,2019
LARSE/GEDI/GEDI04_A_002/GEDI04_A_2019286143017_O04731_02_T04208_02_002_02_V002,1304,1304,15289,76425,1304,1304,15289,2019
LARSE/GEDI/GEDI04_A_002/GEDI04_A_2019283230415_O04690_03_T00158_02_002_02_V002,18896,18896,75639,77618,18896,18896,75639,2019
LARSE/GEDI/GEDI04_A_002/GEDI04_A_2019290203703_O04797_03_T00403_02_002_02_V002,0,0,0,0,0,0,0,2019
LARSE/GEDI/GEDI04_A_002/GEDI04_A_2019289134028_O04777_02_T05417_02_002_02_V002,0,0,0,0,0,0,0,2019
LARSE/GEDI/GEDI04_A_002/GEDI04_A_2019293194714_O04843_03_T01612_02_002_02_V002,0,0,0,0,0,0,0,2019
LARSE/GEDI/GEDI04_A_002/GEDI04_A_2019292125039_O04823_02_T02357_02_002_02_V002,0,0,0,0,0,0,0,2019
LARSE/GEDI/GEDI04_A_002/GEDI04_A_2019292190158_O04827_03_T02208_02_002_02_V002,0,0,0,0,0,0,0,2019
LARSE/GEDI/GEDI04_A_002/GEDI04_A_2019295102758_O04868_02_T00566_02_002_02_V002,0,0,0,0,0,0,0,2019
LARSE/GEDI/GEDI04_A_002/GEDI04_A_2019287212653_O04751_03_T02193_02_002_02_V002,7838,7838,55727,72767,7838,7838,55727,2019
LARSE/GEDI/GEDI04_A_002/GEDI04_A_2019291194931_O04812_03_T01229_02_002_02_V002,103,103,14212,63366,103,103,14212,2019
LARSE/GEDI/GEDI04_A_002/GEDI04_A_2019293120305_O04838_02_T03030_02_002_02_V002,0,0,1130,6838,0,0,1130,2019
LARSE/GEDI/GEDI04_A_002/GEDI04_A_2019296111313_O04884_02_T04239_02_002_02_V002,0,0,0,0,0,0,0,2019
LARSE/GEDI/GEDI04_A_002/GEDI04_A_2019294185940_O04858_03_T05284_02_002_02_V002,376,376,13481,17406,376,376,13481,2019
LARSE/GEDI/GEDI04_A_002/GEDI04_A_2019290125254_O04792_02_T03397_02_002_02_V002,5691,5691,72576,88858,5691,5739,72576,2019
LARSE/GEDI/GEDI04_A_002/GEDI04_A_2019297180948_O04904_03_T02224_02_002_02_V002,0,0,0,0,0,0,0,2019
LARSE/GEDI/GEDI04_A_002/GEDI04_A_2019295181207_O04873_03_T00418_02_002_02_V002,2149,2149,36688,55301,2149,2149,36688,2019
LARSE/GEDI/GEDI04_A_002/GEDI04_A_2019294111531_O04853_02_T01163_02_002_02_V002,10271,10271,82969,85775,10271,11708,82969,2019
LARSE/GEDI/GEDI04_A_002/GEDI04_A_2019296172432_O04888_03_T02820_02_002_02_V002,0,0,0,0,0,0,0,2019
LARSE/GEDI/GEDI04_A_002/GEDI04_A_2019301163222_O04965_03_T01260_02_002_02_V002,0,0,0,0,0,0,0,2019
LARSE/GEDI/GEDI04_A_002/GEDI04_A_2019297102539_O04899_02_T05218_02_002_02_V002,626,626,23891,24216,626,626,23891,2019
LARSE/GEDI/GEDI04_A_002/GEDI04_A_2019300093548_O04945_02_T00582_02_002_02_V002,0,0,0,0,0,0,0,2019
LARSE/GEDI/GEDI04_A_002/GEDI04_A_2019299163440_O04934_03_T03876_02_002_02_V002,825,825,9828,51083,825,908,9828,2019
LARSE/GEDI/GEDI04_A_002/GEDI04_A_2019298172214_O04919_03_T01627_02_002_02_V002,375,375,6912,34327,375,377,6912,2019
LARSE/GEDI/GEDI04_A_002/GEDI04_A_2019304075818_O05006_02_T04040_02_002_02_V002,0,0,0,0,0,0,0,2019
LARSE/GEDI/GEDI04_A_002/GEDI04_A_2019302154448_O04980_03_T00816_02_002_02_V002,630,630,4279,60800,630,643,4279,2019
LARSE/GEDI/GEDI04_A_002/GEDI04_A_2019306062309_O05036_02_T00153_02_002_02_V002,0,0,0,0,0,0,0,2019
LARSE/GEDI/GEDI04_A_002/GEDI04_A_2019301084814_O04960_02_T04407_02_002_02_V002,2003,2003,37218,41379,2003,2003,37218,2019
LARSE/GEDI/GEDI04_A_002/GEDI04_A_2019298093806_O04914_02_T01775_02_002_02_V002,9438,9438,52339,78719,9438,9438,52339,2019
LARSE/GEDI/GEDI04_A_002/GEDI04_A_2019305071044_O05021_02_T03443_02_002_02_V002,1864,1864,56907,57566,1864,1900,56907,2019
LARSE/GEDI/GEDI04_A_002/GEDI04_A_2019302080039_O04975_02_T02387_02_002_02_V002,132,132,4985,40184,132,132,4985,2019
LARSE/GEDI/GEDI04_A_002/GEDI04_A_2019307131942_O05056_03_T00831_02_002_02_V002,1377,1377,21909,22967,1377,1475,21909,2019
LARSE/GEDI/GEDI04_A_002/GEDI04_A_2019309131720_O05087_03_T03907_02_002_02_V002,0,0,0,0,0,0,0,2019
LARSE/GEDI/GEDI04_A_002/GEDI04_A_2019310044535_O05097_02_T00765_02_002_02_V002,0,0,0,0,0,0,0,2019
LARSE/GEDI/GEDI04_A_002/GEDI04_A_2019306140717_O05041_03_T04274_02_002_02_V002,2098,2098,59417,76021,2098,2863,59417,2019
LARSE/GEDI/GEDI04_A_002/GEDI04_A_2019312044317_O05128_02_T02571_02_002_02_V002,0,0,0,0,0,0,0,2019
LARSE/GEDI/GEDI04_A_002/GEDI04_A_2019311114206_O05117_03_T00020_02_002_02_V002,0,0,0,0,0,0,0,2019
LARSE/GEDI/GEDI04_A_002/GEDI04_A_2019314105245_O05163_03_T01076_02_002_02_V002,2880,2880,63930,66254,2880,2880,63930,2019
LARSE/GEDI/GEDI04_A_002/GEDI04_A_2019313114008_O05148_03_T03096_02_002_02_V002,0,0,0,0,0,0,0,2019
LARSE/GEDI/GEDI04_A_002/GEDI04_A_2019310122943_O05102_03_T04886_02_002_02_V002,5156,5156,72353,75894,5156,5211,72353,2019
LARSE/GEDI/GEDI04_A_002/GEDI04_A_2019314030833_O05158_02_T02800_02_002_02_V002,0,0,0,0,0,0,0,2019
LARSE/GEDI/GEDI04_A_002/GEDI04_A_2019309053312_O05082_02_T02785_02_002_02_V002,44,44,11674,75786,44,46,11674,2019
LARSE/GEDI/GEDI04_A_002/GEDI04_A_2019313035555_O05143_02_T01974_02_002_02_V002,2323,2323,57425,86109,2323,2323,57425,2019
LARSE/GEDI/GEDI04_A_002/GEDI04_A_2019315100523_O05178_03_T03325_02_002_02_V002,0,0,0,0,0,0,0,2019
LARSE/GEDI/GEDI04_A_002/GEDI04_A_2019318013154_O05219_02_T04682_02_002_02_V002,0,0,0,0,0,0,0,2019
LARSE/GEDI/GEDI04_A_002/GEDI04_A_2019316105051_O05194_03_T01306_02_002_02_V002,0,0,0,0,0,0,0,2019
LARSE/GEDI/GEDI04_A_002/GEDI04_A_2019316030639_O05189_02_T04453_02_002_02_V002,0,0,0,4918,0,0,0,2019
LARSE/GEDI/GEDI04_A_002/GEDI04_A_2019319082845_O05239_03_T05360_02_002_02_V002,0,0,0,0,0,0,0,2019
LARSE/GEDI/GEDI04_A_002/GEDI04_A_2019320091413_O05255_03_T04764_02_002_02_V002,0,0,0,0,0,0,0,2019
LARSE/GEDI/GEDI04_A_002/GEDI04_A_2019319021723_O05235_02_T05509_02_002_02_V002,0,0,0,0,0,0,0,2019
LARSE/GEDI/GEDI04_A_002/GEDI04_A_2019317100329_O05209_03_T00709_02_002_02_V002,0,0,7163,7272,0,1739,7163,2019
LARSE/GEDI/GEDI04_A_002/GEDI04_A_2019321235515_O05280_02_T03565_02_002_02_V002,0,0,0,0,0,0,0,2019
LARSE/GEDI/GEDI04_A_002/GEDI04_A_2019318091607_O05224_03_T01688_02_002_02_V002,0,0,1210,58249,0,0,1210,2019
LARSE/GEDI/GEDI04_A_002/GEDI04_A_2019321082650_O05270_03_T01321_02_002_02_V002,399,399,12698,28955,399,458,12698,2019
LARSE/GEDI/GEDI04_A_002/GEDI04_A_2019323004042_O05296_02_T01699_02_002_02_V002,0,0,0,0,0,0,0,2019
LARSE/GEDI/GEDI04_A_002/GEDI04_A_2019321004238_O05265_02_T02892_02_002_02_V002,298,298,9928,81187,298,298,9928,2019
LARSE/GEDI/GEDI04_A_002/GEDI04_A_2019322073927_O05285_03_T03417_02_002_02_V002,1,1,2818,54328,1,1,2818,2019
LARSE/GEDI/GEDI04_A_002/GEDI04_A_2019320013001_O05250_02_T03489_02_002_02_V002,350,350,18121,18332,350,350,18121,2019
LARSE/GEDI/GEDI04_A_002/GEDI04_A_2019324073731_O05316_03_T02377_02_002_02_V002,0,0,0,0,0,0,0,2019
LARSE/GEDI/GEDI04_A_002/GEDI04_A_2019323065204_O05300_03_T01550_02_002_02_V002,0,0,0,0,0,0,0,2019
LARSE/GEDI/GEDI04_A_002/GEDI04_A_2019323235319_O05311_02_T02525_02_002_02_V002,377,377,23945,27128,377,441,23945,2019
LARSE/GEDI/GEDI04_A_002/GEDI04_A_2019317021917_O05204_02_T05279_02_002_02_V002,705,705,29051,88240,705,1658,29051,2019
LARSE/GEDI/GEDI04_A_002/GEDI04_A_2019326230359_O05357_02_T02311_02_002_02_V002,0,0,0,0,0,0,0,2019
LARSE/GEDI/GEDI04_A_002/GEDI04_A_2019328060047_O05377_03_T05682_02_002_02_V002,0,0,0,0,0,0,0,2019
LARSE/GEDI/GEDI04_A_002/GEDI04_A_2019325065008_O05331_03_T03050_02_002_02_V002,3854,3854,31259,38613,3854,3854,31259,2019
LARSE/GEDI/GEDI04_A_002/GEDI04_A_2019324230556_O05326_02_T04774_02_002_02_V002,13540,13540,74329,76040,13540,13694,74329,2019
LARSE/GEDI/GEDI04_A_002/GEDI04_A_2019330212713_O05418_02_T02770_02_002_02_V002,0,0,0,0,0,0,0,2019
LARSE/GEDI/GEDI04_A_002/GEDI04_A_2019328212911_O05387_02_T02540_02_002_02_V002,5184,5184,12955,15559,5184,5184,12955,2019
LARSE/GEDI/GEDI04_A_002/GEDI04_A_2019329051323_O05392_03_T05238_02_002_02_V002,8805,8805,61563,62274,8805,8805,61563,2019
LARSE/GEDI/GEDI04_A_002/GEDI04_A_2019327221635_O05372_02_T02984_02_002_02_V002,1642,1642,33791,44141,1642,1642,33791,2019
LARSE/GEDI/GEDI04_A_002/GEDI04_A_2019336024706_O05499_03_T03754_02_002_02_V002,0,0,0,0,0,0,0,2019
LARSE/GEDI/GEDI04_A_002/GEDI04_A_2019334195023_O05479_02_T01806_02_002_02_V002,0,0,0,0,0,0,0,2019
LARSE/GEDI/GEDI04_A_002/GEDI04_A_2019326060245_O05346_03_T01183_02_002_02_V002,2453,2453,48477,50318,2453,2453,48477,2019
LARSE/GEDI/GEDI04_A_002/GEDI04_A_2019336181528_O05509_02_T00612_02_002_02_V002,0,0,0,0,0,0,0,2019
LARSE/GEDI/GEDI04_A_002/GEDI04_A_2019334024909_O05468_03_T05100_02_002_02_V002,1833,1833,22246,23334,1833,1833,22246,2019
LARSE/GEDI/GEDI04_A_002/GEDI04_A_2019338181324_O05540_02_T00842_02_002_02_V002,0,0,0,0,0,0,0,2019
LARSE/GEDI/GEDI04_A_002/GEDI04_A_2019344150130_O05631_02_T00260_02_002_02_V002,0,0,0,0,0,0,0,2019
LARSE/GEDI/GEDI04_A_002/GEDI04_A_2019330042559_O05407_03_T01642_02_002_02_V002,3338,3338,41111,42897,3338,3338,41111,2019
LARSE/GEDI/GEDI04_A_002/GEDI04_A_2019338011212_O05529_03_T05559_02_002_02_V002,0,0,0,0,0,0,0,2019
LARSE/GEDI/GEDI04_A_002/GEDI04_A_2019343233309_O05621_03_T03402_02_002_02_V002,9,9,1778,2222,9,9,1778,2019
LARSE/GEDI/GEDI04_A_002/GEDI04_A_2019345154650_O05647_02_T05356_02_002_02_V002,0,0,0,0,0,0,0,2019
LARSE/GEDI/GEDI04_A_002/GEDI04_A_2019331203948_O05433_02_T02020_02_002_02_V002,308,308,44946,54801,308,313,44946,2019
LARSE/GEDI/GEDI04_A_002/GEDI04_A_2019337015939_O05514_03_T01887_02_002_02_V002,5894,5894,62072,80089,5894,6203,62072,2019
LARSE/GEDI/GEDI04_A_002/GEDI04_A_2019346224331_O05667_03_T01765_02_002_02_V002,0,0,0,0,0,0,0,2019
LARSE/GEDI/GEDI04_A_002/GEDI04_A_2019346145921_O05662_02_T00490_02_002_02_V002,126,126,13253,13513,126,126,13253,2019
LARSE/GEDI/GEDI04_A_002/GEDI04_A_2019335190255_O05494_02_T05478_02_002_02_V002,1543,1543,72744,73708,1543,1724,72744,2019
LARSE/GEDI/GEDI04_A_002/GEDI04_A_2019344224541_O05636_03_T02958_02_002_02_V002,0,0,1,55499,0,0,1,2019
LARSE/GEDI/GEDI04_A_002/GEDI04_A_2019348132424_O05692_02_T00719_02_002_02_V002,0,0,0,0,0,0,0,2019
LARSE/GEDI/GEDI04_A_002/GEDI04_A_2019349140945_O05708_02_T02969_02_002_02_V002,0,0,0,0,0,0,0,2019
LARSE/GEDI/GEDI04_A_002/GEDI04_A_2019349202106_O05712_03_T00127_02_002_02_V002,0,0,0,0,0,0,0,2019
LARSE/GEDI/GEDI04_A_002/GEDI04_A_2019347215603_O05682_03_T02591_02_002_02_V002,1,1,1589,22362,1,1,1589,2019
LARSE/GEDI/GEDI04_A_002/GEDI04_A_2019350210627_O05728_03_T03647_02_002_02_V002,0,0,0,0,0,0,0,2019
LARSE/GEDI/GEDI04_A_002/GEDI04_A_2019348210834_O05697_03_T04993_02_002_02_V002,2140,2140,51981,53791,2140,2146,51981,2019
LARSE/GEDI/GEDI04_A_002/GEDI04_A_2019350132216_O05723_02_T02525_02_002_02_V002,39,39,7088,27077,39,39,7088,2019
LARSE/GEDI/GEDI04_A_002/GEDI04_A_2019347141153_O05677_02_T04162_02_002_02_V002,0,0,1,83117,0,0,1,2019
LARSE/GEDI/GEDI04_A_002/GEDI04_A_2019352193130_O05758_03_T04029_02_002_02_V002,2074,2074,47848,49876,2074,2074,47848,2019
LARSE/GEDI/GEDI04_A_002/GEDI04_A_2019351123447_O05738_02_T01928_02_002_02_V002,19,19,1495,76463,19,19,1495,2019
LARSE/GEDI/GEDI04_A_002/GEDI04_A_2019351201858_O05743_03_T04626_02_002_02_V002,0,0,14,42530,0,0,14,2019
LARSE/GEDI/GEDI04_A_002/GEDI04_A_2020011095715_O06124_03_T00479_02_002_02_V002,0,0,0,0,0,0,0,2020
LARSE/GEDI/GEDI04_A_002/GEDI04_A_2020008043348_O06074_02_T01148_02_002_02_V002,0,0,0,0,0,0,0,2020
LARSE/GEDI/GEDI04_A_002/GEDI04_A_2020012025849_O06135_02_T01454_02_002_02_V002,0,0,10,193,0,0,10,2020
LARSE/GEDI/GEDI04_A_002/GEDI04_A_2020009113111_O06094_03_T04519_02_002_02_V002,0,0,0,0,0,0,0,2020
LARSE/GEDI/GEDI04_A_002/GEDI04_A_2020010025953_O06104_02_T05646_02_002_02_V002,0,0,0,0,0,0,0,2020
LARSE/GEDI/GEDI04_A_002/GEDI04_A_2020014012452_O06165_02_T04376_02_002_02_V002,0,0,0,0,0,0,0,2020
LARSE/GEDI/GEDI04_A_002/GEDI04_A_2020015021045_O06181_02_T03627_02_002_02_V002,0,0,0,0,0,0,0,2020
LARSE/GEDI/GEDI04_A_002/GEDI04_A_2020013095611_O06155_03_T01979_02_002_02_V002,0,0,0,0,0,0,0,2020
LARSE/GEDI/GEDI04_A_002/GEDI04_A_2020016090806_O06201_03_T04305_02_002_02_V002,0,0,0,0,0,0,0,2020
LARSE/GEDI/GEDI04_A_002/GEDI04_A_2020009034650_O06089_02_T03244_02_002_02_V002,2733,2733,83157,85229,2733,8752,83157,2020
LARSE/GEDI/GEDI04_A_002/GEDI04_A_2020016012346_O06196_02_T00184_02_002_02_V002,0,0,0,5874,0,0,0,2020
LARSE/GEDI/GEDI04_A_002/GEDI04_A_2020013021150_O06150_02_T00704_02_002_02_V002,3,3,2582,90081,3,3,2582,2020
LARSE/GEDI/GEDI04_A_002/GEDI04_A_2020017234948_O06226_02_T01836_02_002_02_V002,0,0,0,0,0,0,0,2020
LARSE/GEDI/GEDI04_A_002/GEDI04_A_2020015082213_O06185_03_T02055_02_002_02_V002,0,0,0,0,0,0,0,2020
LARSE/GEDI/GEDI04_A_002/GEDI04_A_2020010104413_O06109_03_T02652_02_002_02_V002,28,28,4282,64590,28,44,4282,2020
LARSE/GEDI/GEDI04_A_002/GEDI04_A_2020019064709_O06246_03_T00785_02_002_02_V002,0,0,0,0,0,0,0,2020
LARSE/GEDI/GEDI04_A_002/GEDI04_A_2020019003541_O06242_02_T03780_02_002_02_V002,0,0,0,0,0,0,0,2020
LARSE/GEDI/GEDI04_A_002/GEDI04_A_2020017082108_O06216_03_T05131_02_002_02_V002,420,420,6111,12990,420,420,6111,2020
LARSE/GEDI/GEDI04_A_002/GEDI04_A_2020014090912_O06170_03_T02805_02_002_02_V002,159,159,17079,62611,159,166,17079,2020
LARSE/GEDI/GEDI04_A_002/GEDI04_A_2020018073409_O06231_03_T04534_02_002_02_V002,1,1,7975,57542,1,4,7975,2020
LARSE/GEDI/GEDI04_A_002/GEDI04_A_2020019234841_O06257_02_T01913_02_002_02_V002,12,12,11596,11639,12,12,11596,2020
LARSE/GEDI/GEDI04_A_002/GEDI04_A_2020020073302_O06262_03_T02882_02_002_02_V002,0,0,0,0,0,0,0,2020
LARSE/GEDI/GEDI04_A_002/GEDI04_A_2020021221442_O06287_02_T04835_02_002_02_V002,0,0,0,0,0,0,0,2020
LARSE/GEDI/GEDI04_A_002/GEDI04_A_2020017003647_O06211_02_T03856_02_002_02_V002,4624,4624,60056,87331,4624,4624,60056,2020
LARSE/GEDI/GEDI04_A_002/GEDI04_A_2020022230035_O06303_02_T04086_02_002_02_V002,0,0,0,0,0,0,0,2020
LARSE/GEDI/GEDI04_A_002/GEDI04_A_2020023051203_O06307_03_T03937_02_002_02_V002,0,0,0,0,0,0,0,2020
LARSE/GEDI/GEDI04_A_002/GEDI04_A_2020024055812_O06323_03_T03341_02_002_02_V002,0,0,0,0,0,0,0,2020
LARSE/GEDI/GEDI04_A_002/GEDI04_A_2020020230142_O06272_02_T02739_02_002_02_V002,0,0,83638,84765,0,7666,83638,2020
LARSE/GEDI/GEDI04_A_002/GEDI04_A_2020025204036_O06348_02_T04988_02_002_02_V002,0,0,0,0,0,0,0,2020
LARSE/GEDI/GEDI04_A_002/GEDI04_A_2020023221343_O06318_02_T02219_02_002_02_V002,0,0,17,19317,0,0,17,2020
LARSE/GEDI/GEDI04_A_002/GEDI04_A_2020026212656_O06364_02_T01240_02_002_02_V002,0,0,0,0,0,0,0,2020
LARSE/GEDI/GEDI04_A_002/GEDI04_A_2020027033831_O06368_03_T02667_02_002_02_V002,0,0,0,0,0,0,0,2020
LARSE/GEDI/GEDI04_A_002/GEDI04_A_2020022055903_O06292_03_T04534_02_002_02_V002,2287,2287,54315,57465,2287,2312,54315,2020
LARSE/GEDI/GEDI04_A_002/GEDI04_A_2020025051138_O06338_03_T05437_02_002_02_V002,3340,3340,23331,23809,3340,3340,23331,2020
LARSE/GEDI/GEDI04_A_002/GEDI04_A_2020021064602_O06277_03_T01015_02_002_02_V002,3565,3565,18320,18428,3565,3565,18320,2020
LARSE/GEDI/GEDI04_A_002/GEDI04_A_2020028042450_O06384_03_T02071_02_002_02_V002,0,0,0,0,0,0,0,2020
LARSE/GEDI/GEDI04_A_002/GEDI04_A_2020029190712_O06409_02_T04988_02_002_02_V002,0,0,0,0,0,0,0,2020
LARSE/GEDI/GEDI04_A_002/GEDI04_A_2020027204022_O06379_02_T05065_02_002_02_V002,212,212,12684,19340,212,212,12684,2020
LARSE/GEDI/GEDI04_A_002/GEDI04_A_2020024212711_O06333_02_T04162_02_002_02_V002,598,598,15872,83218,598,598,15872,2020
LARSE/GEDI/GEDI04_A_002/GEDI04_A_2020030195332_O06425_02_T01546_02_002_02_V002,0,0,0,0,0,0,0,2020
LARSE/GEDI/GEDI04_A_002/GEDI04_A_2020030025141_O06414_03_T01994_02_002_02_V002,0,0,851,54549,0,0,851,2020
LARSE/GEDI/GEDI04_A_002/GEDI04_A_2020032025125_O06445_03_T01918_02_002_02_V002,0,0,0,0,0,0,0,2020
LARSE/GEDI/GEDI04_A_002/GEDI04_A_2020026042504_O06353_03_T04687_02_002_02_V002,39,39,9198,55693,39,39,9198,2020
LARSE/GEDI/GEDI04_A_002/GEDI04_A_2020033173346_O06470_02_T00719_02_002_02_V002,0,0,0,0,0,0,0,2020
LARSE/GEDI/GEDI04_A_002/GEDI04_A_2020031190657_O06440_02_T04912_02_002_02_V002,0,0,0,16432,0,0,0,2020
LARSE/GEDI/GEDI04_A_002/GEDI04_A_2020033020450_O06460_03_T01168_02_002_02_V002,3425,3425,24806,25094,3425,3548,24806,2020
LARSE/GEDI/GEDI04_A_002/GEDI04_A_2020029033815_O06399_03_T05437_02_002_02_V002,1359,1359,16744,23794,1359,1359,16744,2020
LARSE/GEDI/GEDI04_A_002/GEDI04_A_2020034182004_O06486_02_T04392_02_002_02_V002,0,0,0,0,0,0,0,2020
LARSE/GEDI/GEDI04_A_002/GEDI04_A_2020035003139_O06490_03_T05666_02_002_02_V002,0,0,0,0,0,0,0,2020
LARSE/GEDI/GEDI04_A_002/GEDI04_A_2020028195348_O06394_02_T01469_02_002_02_V002,3933,3933,81202,82795,3933,4403,81202,2020
LARSE/GEDI/GEDI04_A_002/GEDI04_A_2020034011814_O06475_03_T03264_02_002_02_V002,2555,2555,53207,54666,2555,2574,53207,2020
LARSE/GEDI/GEDI04_A_002/GEDI04_A_2020032182022_O06455_02_T04315_02_002_02_V002,0,0,32,82106,0,0,32,2020
LARSE/GEDI/GEDI04_A_002/GEDI04_A_2020035173328_O06501_02_T03489_02_002_02_V002,0,0,291,18367,0,0,291,2020
LARSE/GEDI/GEDI04_A_002/GEDI04_A_2020037160016_O06531_02_T03565_02_002_02_V002,0,0,0,0,0,0,0,2020
LARSE/GEDI/GEDI04_A_002/GEDI04_A_2020039234425_O06567_03_T00495_02_002_02_V002,0,0,0,0,0,0,0,2020
LARSE/GEDI/GEDI04_A_002/GEDI04_A_2020038225808_O06551_03_T05513_02_002_02_V002,0,0,0,0,0,0,0,2020
LARSE/GEDI/GEDI04_A_002/GEDI04_A_2020039155957_O06562_02_T00643_02_002_02_V002,0,0,142,17454,0,0,142,2020
LARSE/GEDI/GEDI04_A_002/GEDI04_A_2020038164634_O06547_02_T01393_02_002_02_V002,0,0,0,0,0,0,0,2020
LARSE/GEDI/GEDI04_A_002/GEDI04_A_2020036164652_O06516_02_T00046_02_002_02_V002,0,0,3,86006,0,0,3,2020
LARSE/GEDI/GEDI04_A_002/GEDI04_A_2020041142645_O06592_02_T02295_02_002_02_V002,0,0,0,0,0,0,0,2020
LARSE/GEDI/GEDI04_A_002/GEDI04_A_2020042212436_O06612_03_T01397_02_002_02_V002,0,0,0,0,0,0,0,2020
LARSE/GEDI/GEDI04_A_002/GEDI04_A_2020037234444_O06536_03_T01994_02_002_02_V002,0,0,0,54724,0,0,0,2020
LARSE/GEDI/GEDI04_A_002/GEDI04_A_2020043221053_O06628_03_T00648_02_002_02_V002,0,0,0,0,0,0,0,2020
LARSE/GEDI/GEDI04_A_002/GEDI04_A_2020040225749_O06582_03_T02744_02_002_02_V002,2783,2783,26692,27138,2783,2783,26692,2020
LARSE/GEDI/GEDI04_A_002/GEDI04_A_2020041221113_O06597_03_T04840_02_002_02_V002,282,282,7080,54850,282,282,7080,2020
LARSE/GEDI/GEDI04_A_002/GEDI04_A_2020042151302_O06608_02_T04239_02_002_02_V002,0,0,0,0,0,0,0,2020
LARSE/GEDI/GEDI04_A_002/GEDI04_A_2020045125311_O06653_02_T05141_02_002_02_V002,0,0,0,0,0,0,0,2020
LARSE/GEDI/GEDI04_A_002/GEDI04_A_2020046133928_O06669_02_T01546_02_002_02_V002,0,0,0,0,0,0,0,2020
LARSE/GEDI/GEDI04_A_002/GEDI04_A_2020043142625_O06623_02_T02372_02_002_02_V002,0,0,172,23228,0,0,172,2020
LARSE/GEDI/GEDI04_A_002/GEDI04_A_2020046195102_O06673_03_T01244_02_002_02_V002,0,0,0,0,0,0,0,2020
LARSE/GEDI/GEDI04_A_002/GEDI04_A_2020047203718_O06689_03_T03341_02_002_02_V002,0,0,0,0,0,0,0,2020
LARSE/GEDI/GEDI04_A_002/GEDI04_A_2020040151321_O06577_02_T04468_02_002_02_V002,7891,7891,75707,80229,7891,7891,75707,2020
LARSE/GEDI/GEDI04_A_002/GEDI04_A_2020044212416_O06643_03_T05590_02_002_02_V002,0,0,863,28014,0,0,863,2020
LARSE/GEDI/GEDI04_A_002/GEDI04_A_2020044133948_O06638_02_T02892_02_002_02_V002,221,221,12343,85987,221,226,12343,2020
LARSE/GEDI/GEDI04_A_002/GEDI04_A_2020045203739_O06658_03_T00571_02_002_02_V002,1741,1741,51468,54633,1741,1804,51468,2020
LARSE/GEDI/GEDI04_A_002/GEDI04_A_2020050120552_O06730_02_T04392_02_002_02_V002,0,0,0,0,0,0,0,2020
LARSE/GEDI/GEDI04_A_002/GEDI04_A_2020050181726_O06734_03_T04090_02_002_02_V002,0,0,0,0,0,0,0,2020
LARSE/GEDI/GEDI04_A_002/GEDI04_A_2020051190342_O06750_03_T02071_02_002_02_V002,0,0,0,0,0,0,0,2020
LARSE/GEDI/GEDI04_A_002/GEDI04_A_2020048195041_O06704_03_T01321_02_002_02_V002,2,2,704,28913,2,2,704,2020
LARSE/GEDI/GEDI04_A_002/GEDI04_A_2020053094557_O06775_02_T03718_02_002_02_V002,0,0,0,0,0,0,0,2020
LARSE/GEDI/GEDI04_A_002/GEDI04_A_2020051111914_O06745_02_T05065_02_002_02_V002,0,0,0,20395,0,0,0,2020
LARSE/GEDI/GEDI04_A_002/GEDI04_A_2020048120613_O06699_02_T01622_02_002_02_V002,228,228,7496,80750,228,228,7496,2020
LARSE/GEDI/GEDI04_A_002/GEDI04_A_2020052181703_O06765_03_T04320_02_002_02_V002,757,757,17307,32438,757,801,17307,2020
LARSE/GEDI/GEDI04_A_002/GEDI04_A_2020054164346_O06795_03_T02820_02_002_02_V002,0,0,0,0,0,0,0,2020
LARSE/GEDI/GEDI04_A_002/GEDI04_A_2020049190403_O06719_03_T03417_02_002_02_V002,0,0,0,54393,0,0,0,2020
LARSE/GEDI/GEDI04_A_002/GEDI04_A_2020055173001_O06811_03_T05070_02_002_02_V002,0,0,0,0,0,0,0,2020
LARSE/GEDI/GEDI04_A_002/GEDI04_A_2020054103213_O06791_02_T00123_02_002_02_V002,0,0,0,0,0,0,0,2020
LARSE/GEDI/GEDI04_A_002/GEDI04_A_2020058085830_O06852_02_T00276_02_002_02_V002,0,0,0,0,0,0,0,2020
LARSE/GEDI/GEDI04_A_002/GEDI04_A_2020053173025_O06780_03_T02147_02_002_02_V002,1487,1487,51080,54630,1487,1764,51080,2020
LARSE/GEDI/GEDI04_A_002/GEDI04_A_2020052103236_O06760_02_T04468_02_002_02_V002,1697,1697,36527,81184,1697,1698,36527,2020
LARSE/GEDI/GEDI04_A_002/GEDI04_A_2020055094534_O06806_02_T02219_02_002_02_V002,0,0,0,19384,0,0,0,2020
LARSE/GEDI/GEDI04_A_002/GEDI04_A_2020059155618_O06872_03_T00648_02_002_02_V002,0,0,0,0,0,0,0,2020
LARSE/GEDI/GEDI04_A_002/GEDI04_A_2020056085854_O06821_02_T00199_02_002_02_V002,0,0,0,80696,0,0,0,2020
LARSE/GEDI/GEDI04_A_002/GEDI04_A_2020057155643_O06841_03_T04993_02_002_02_V002,0,0,276,53956,0,0,276,2020
LARSE/GEDI/GEDI04_A_002/GEDI04_A_2020059081151_O06867_02_T00949_02_002_02_V002,0,0,7829,25143,0,0,7829,2020
LARSE/GEDI/GEDI04_A_002/GEDI04_A_2020056164321_O06826_03_T04167_02_002_02_V002,0,0,87,28949,0,0,87,2020
LARSE/GEDI/GEDI04_A_002/GEDI04_A_2020058151004_O06856_03_T05666_02_002_02_V002,0,0,0,0,0,0,0,2020
LARSE/GEDI/GEDI04_A_002/GEDI04_A_2020062072447_O06913_02_T02969_02_002_02_V002,0,0,0,0,0,0,0,2020
LARSE/GEDI/GEDI04_A_002/GEDI04_A_2020061142300_O06902_03_T05146_02_002_02_V002,2764,2764,49905,52923,2764,2775,49905,2020
LARSE/GEDI/GEDI04_A_002/GEDI04_A_2020063063807_O06928_02_T02372_02_002_02_V002,0,0,805,23249,0,0,805,2020
LARSE/GEDI/GEDI04_A_002/GEDI04_A_2020063142234_O06933_03_T03494_02_002_02_V002,0,0,0,0,0,0,0,2020
LARSE/GEDI/GEDI04_A_002/GEDI04_A_2020066055100_O06974_02_T04545_02_002_02_V002,0,0,0,0,0,0,0,2020
LARSE/GEDI/GEDI04_A_002/GEDI04_A_2020064133554_O06948_03_T04320_02_002_02_V002,0,0,18,32429,0,0,18,2020
LARSE/GEDI/GEDI04_A_002/GEDI04_A_2020066120233_O06978_03_T01550_02_002_02_V002,0,0,0,0,0,0,0,2020
LARSE/GEDI/GEDI04_A_002/GEDI04_A_2020067124846_O06994_03_T05070_02_002_02_V002,0,0,0,0,0,0,0,2020
LARSE/GEDI/GEDI04_A_002/GEDI04_A_2020060072512_O06882_02_T04621_02_002_02_V002,8415,8415,74078,78185,8415,10341,74078,2020
LARSE/GEDI/GEDI04_A_002/GEDI04_A_2020060150939_O06887_03_T01474_02_002_02_V002,2254,2254,28921,30031,2254,2723,28921,2020
LARSE/GEDI/GEDI04_A_002/GEDI04_A_2020067050420_O06989_02_T02525_02_002_02_V002,464,464,25464,27111,464,464,25464,2020
LARSE/GEDI/GEDI04_A_002/GEDI04_A_2020065124913_O06963_03_T00877_02_002_02_V002,0,0,0,52658,0,0,0,2020
LARSE/GEDI/GEDI04_A_002/GEDI04_A_2020070102844_O07039_03_T00127_02_002_02_V002,0,0,0,0,0,0,0,2020
LARSE/GEDI/GEDI04_A_002/GEDI04_A_2020070041711_O07035_02_T03122_02_002_02_V002,0,0,0,0,0,0,0,2020
LARSE/GEDI/GEDI04_A_002/GEDI04_A_2020064055127_O06943_02_T00352_02_002_02_V002,7,7,7950,77573,7,8,7950,2020
LARSE/GEDI/GEDI04_A_002/GEDI04_A_2020071111457_O07055_03_T00801_02_002_02_V002,0,0,0,0,0,0,0,2020
LARSE/GEDI/GEDI04_A_002/GEDI04_A_2020068120206_O07009_03_T00051_02_002_02_V002,595,595,14299,33178,595,604,14299,2020
LARSE/GEDI/GEDI04_A_002/GEDI04_A_2020068041739_O07004_02_T03198_02_002_02_V002,9596,9596,75435,77033,9596,10955,75435,2020
LARSE/GEDI/GEDI04_A_002/GEDI04_A_2020074024320_O07096_02_T03275_02_002_02_V002,0,0,0,0,0,0,0,2020
LARSE/GEDI/GEDI04_A_002/GEDI04_A_2020071033031_O07050_02_T05371_02_002_02_V002,208,208,12971,28075,208,208,12971,2020
LARSE/GEDI/GEDI04_A_002/GEDI04_A_2020073094134_O07085_03_T00877_02_002_02_V002,430,430,7057,52798,430,446,7057,2020
LARSE/GEDI/GEDI04_A_002/GEDI04_A_2020075015638_O07111_02_T02525_02_002_02_V002,311,311,13316,27151,311,311,13316,2020
LARSE/GEDI/GEDI04_A_002/GEDI04_A_2020072102816_O07070_03_T00204_02_002_02_V002,0,0,6947,34544,0,152,6947,2020
LARSE/GEDI/GEDI04_A_002/GEDI04_A_2020072024350_O07065_02_T01775_02_002_02_V002,450,450,14757,78555,450,676,14757,2020
LARSE/GEDI/GEDI04_A_002/GEDI04_A_2020075094104_O07116_03_T02530_02_002_02_V002,0,0,0,0,0,0,0,2020
LARSE/GEDI/GEDI04_A_002/GEDI04_A_2020078010926_O07157_02_T02005_02_002_02_V002,0,0,0,0,0,0,0,2020
LARSE/GEDI/GEDI04_A_002/GEDI04_A_2020076085423_O07131_03_T01780_02_002_02_V002,1289,1289,22039,40030,1289,1289,22039,2020
LARSE/GEDI/GEDI04_A_002/GEDI04_A_2020079080710_O07177_03_T05376_02_002_02_V002,0,0,0,0,0,0,0,2020
LARSE/GEDI/GEDI04_A_002/GEDI04_A_2020077080741_O07146_03_T02606_02_002_02_V002,0,0,793,50600,0,0,793,2020
LARSE/GEDI/GEDI04_A_002/GEDI04_A_2020081233617_O07218_02_T04698_02_002_02_V002,0,0,0,0,0,0,0,2020
LARSE/GEDI/GEDI04_A_002/GEDI04_A_2020080072040_O07192_03_T03050_02_002_02_V002,0,0,15566,38656,0,1834,15566,2020
LARSE/GEDI/GEDI04_A_002/GEDI04_A_2020079002244_O07172_02_T02678_02_002_02_V002,0,0,12440,31176,0,97,12440,2020
LARSE/GEDI/GEDI04_A_002/GEDI04_A_2020083063426_O07238_03_T02377_02_002_02_V002,0,0,0,0,0,0,0,2020
LARSE/GEDI/GEDI04_A_002/GEDI04_A_2020082224954_O07233_02_T05524_02_002_02_V002,0,0,519,28378,0,0,519,2020
LARSE/GEDI/GEDI04_A_002/GEDI04_A_2020079233608_O07187_02_T04927_02_002_02_V002,9764,9764,31597,74152,9764,9927,31597,2020
LARSE/GEDI/GEDI04_A_002/GEDI04_A_2020081063417_O07207_03_T02453_02_002_02_V002,0,0,15492,52081,0,1139,15492,2020
LARSE/GEDI/GEDI04_A_002/GEDI04_A_2020085220336_O07279_02_T00276_02_002_02_V002,0,0,0,0,0,0,0,2020
LARSE/GEDI/GEDI04_A_002/GEDI04_A_2020076010957_O07126_02_T01928_02_002_02_V002,0,0,39808,76501,0,9775,39808,2020
LARSE/GEDI/GEDI04_A_002/GEDI04_A_2020083220330_O07248_02_T03198_02_002_02_V002,0,0,37037,77095,0,6995,37037,2020
LARSE/GEDI/GEDI04_A_002/GEDI04_A_2020086041513_O07283_03_T04396_02_002_02_V002,0,0,0,0,0,0,0,2020
LARSE/GEDI/GEDI04_A_002/GEDI04_A_2020087050144_O07299_03_T02224_02_002_02_V002,0,0,0,0,0,0,0,2020
LARSE/GEDI/GEDI04_A_002/GEDI04_A_2020089203053_O07340_02_T01699_02_002_02_V002,0,0,0,0,0,0,0,2020
LARSE/GEDI/GEDI04_A_002/GEDI04_A_2020084054801_O07253_03_T01627_02_002_02_V002,0,0,13839,34387,0,449,13839,2020
LARSE/GEDI/GEDI04_A_002/GEDI04_A_2020091032901_O07360_03_T04917_02_002_02_V002,0,0,0,0,0,0,0,2020
LARSE/GEDI/GEDI04_A_002/GEDI04_A_2020086211712_O07294_02_T02525_02_002_02_V002,0,0,26738,27126,0,378,26738,2020
LARSE/GEDI/GEDI04_A_002/GEDI04_A_2020088041519_O07314_03_T02897_02_002_02_V002,1356,1356,31577,33720,1356,1412,31577,2020
LARSE/GEDI/GEDI04_A_002/GEDI04_A_2020089032855_O07329_03_T00724_02_002_02_V002,636,636,33371,53563,636,636,33371,2020
LARSE/GEDI/GEDI04_A_002/GEDI04_A_2020085050137_O07268_03_T05146_02_002_02_V002,0,0,160,52915,0,0,160,2020
LARSE/GEDI/GEDI04_A_002/GEDI04_A_2020090024231_O07344_03_T04243_02_002_02_V002,0,0,0,0,0,0,0,2020
LARSE/GEDI/GEDI04_A_002/GEDI04_A_2020092181139_O07385_02_T00872_02_002_02_V002,0,0,0,0,0,0,0,2020
LARSE/GEDI/GEDI04_A_002/GEDI04_A_2020087203047_O07309_02_T03045_02_002_02_V002,6532,6532,75255,78995,6532,6579,75255,2020
LARSE/GEDI/GEDI04_A_002/GEDI04_A_2020090194428_O07355_02_T05218_02_002_02_V002,0,0,104,24190,0,0,104,2020
LARSE/GEDI/GEDI04_A_002/GEDI04_A_2020093185812_O07401_02_T05662_02_002_02_V002,0,0,0,0,0,0,0,2020
LARSE/GEDI/GEDI04_A_002/GEDI04_A_2020095015637_O07421_03_T03188_02_002_02_V002,0,0,0,0,0,0,0,2020
LARSE/GEDI/GEDI04_A_002/GEDI04_A_2020094010953_O07405_03_T01397_02_002_02_V002,0,0,0,0,0,0,0,2020
LARSE/GEDI/GEDI04_A_002/GEDI04_A_2020092024236_O07375_03_T04167_02_002_02_V002,959,959,19096,30000,959,959,19096,2020
LARSE/GEDI/GEDI04_A_002/GEDI04_A_2020096163938_O07446_02_T02142_02_002_02_V002,0,0,0,0,0,0,0,2020
LARSE/GEDI/GEDI04_A_002/GEDI04_A_2020096011026_O07436_03_T03861_02_002_02_V002,0,0,2370,20098,0,0,2370,2020
LARSE/GEDI/GEDI04_A_002/GEDI04_A_2020097172621_O07462_02_T04086_02_002_02_V002,0,0,0,0,0,0,0,2020
LARSE/GEDI/GEDI04_A_002/GEDI04_A_2020094181202_O07416_02_T00796_02_002_02_V002,0,0,20762,21294,0,188,20762,2020
LARSE/GEDI/GEDI04_A_002/GEDI04_A_2020099002448_O07482_03_T01765_02_002_02_V002,0,0,0,0,0,0,0,2020
LARSE/GEDI/GEDI04_A_002/GEDI04_A_2020098164012_O07477_02_T03183_02_002_02_V002,0,0,23,10750,0,0,23,2020
LARSE/GEDI/GEDI04_A_002/GEDI04_A_2020093015611_O07390_03_T03570_02_002_02_V002,675,675,32181,53064,675,842,32181,2020
LARSE/GEDI/GEDI04_A_002/GEDI04_A_2020101155432_O07523_02_T05203_02_002_02_V002,0,0,0,0,0,0,0,2020
LARSE/GEDI/GEDI04_A_002/GEDI04_A_2020097002414_O07451_03_T00265_02_002_02_V002,2415,2415,50449,56949,2415,2588,50449,2020
LARSE/GEDI/GEDI04_A_002/GEDI04_A_2020102225256_O07543_03_T00036_02_002_02_V002,0,0,0,0,0,0,0,2020
LARSE/GEDI/GEDI04_A_002/GEDI04_A_2020100225224_O07512_03_T01688_02_002_02_V002,2756,2756,53367,58290,2756,2849,53367,2020
LARSE/GEDI/GEDI04_A_002/GEDI04_A_2020102150820_O07538_02_T04606_02_002_02_V002,77,77,8562,8756,77,77,8562,2020
LARSE/GEDI/GEDI04_A_002/GEDI04_A_2020101220613_O07527_03_T05054_02_002_02_V002,0,0,0,0,0,0,0,2020
LARSE/GEDI/GEDI04_A_002/GEDI04_A_2020095172549_O07431_02_T01316_02_002_02_V002,0,0,68986,83664,0,3552,68986,2020
LARSE/GEDI/GEDI04_A_002/GEDI04_A_2020105142243_O07584_02_T03627_02_002_02_V002,0,0,0,0,0,0,0,2020
LARSE/GEDI/GEDI04_A_002/GEDI04_A_2020105203424_O07588_03_T00632_02_002_02_V002,0,0,0,0,0,0,0,2020
LARSE/GEDI/GEDI04_A_002/GEDI04_A_2020106133631_O07599_02_T02877_02_002_02_V002,23,23,2921,2952,23,23,2921,2020
LARSE/GEDI/GEDI04_A_002/GEDI04_A_2020099155400_O07492_02_T05432_02_002_02_V002,9,9,38401,83291,9,2588,38401,2020
LARSE/GEDI/GEDI04_A_002/GEDI04_A_2020107203455_O07619_03_T04825_02_002_02_V002,0,0,0,0,0,0,0,2020
LARSE/GEDI/GEDI04_A_002/GEDI04_A_2020103220644_O07558_03_T00709_02_002_02_V002,4,4,1191,7754,4,4,1191,2020
LARSE/GEDI/GEDI04_A_002/GEDI04_A_2020110120428_O07660_02_T01301_02_002_02_V002,0,0,0,0,0,0,0,2020
LARSE/GEDI/GEDI04_A_002/GEDI04_A_2020104212032_O07573_03_T01382_02_002_02_V002,2524,2524,44325,61445,2524,2524,44325,2020
LARSE/GEDI/GEDI04_A_002/GEDI04_A_2020103142208_O07553_02_T05279_02_002_02_V002,213,213,12102,88296,213,215,12102,2020
LARSE/GEDI/GEDI04_A_002/GEDI04_A_2020111190210_O07680_03_T04672_02_002_02_V002,0,0,0,0,0,0,0,2020
LARSE/GEDI/GEDI04_A_002/GEDI04_A_2020114103024_O07721_02_T01454_02_002_02_V002,0,0,0,195,0,0,0,2020
LARSE/GEDI/GEDI04_A_002/GEDI04_A_2020112103101_O07690_02_T01377_02_002_02_V002,0,0,0,0,0,0,0,2020
LARSE/GEDI/GEDI04_A_002/GEDI04_A_2020113172841_O07710_03_T00479_02_002_02_V002,0,0,0,0,0,0,0,2020
LARSE/GEDI/GEDI04_A_002/GEDI04_A_2020108194843_O07634_03_T02652_02_002_02_V002,2696,2696,46802,64574,2696,2696,46802,2020
LARSE/GEDI/GEDI04_A_002/GEDI04_A_2020117094301_O07767_02_T05050_02_002_02_V002,0,0,0,0,0,0,0,2020
LARSE/GEDI/GEDI04_A_002/GEDI04_A_2020117155433_O07771_03_T02055_02_002_02_V002,0,0,0,0,0,0,0,2020
LARSE/GEDI/GEDI04_A_002/GEDI04_A_2020107125019_O07614_02_T04973_02_002_02_V002,9512,9512,88695,90014,9512,9567,88695,2020
LARSE/GEDI/GEDI04_A_002/GEDI04_A_2020118164040_O07787_03_T05575_02_002_02_V002,0,0,0,0,0,0,0,2020
LARSE/GEDI/GEDI04_A_002/GEDI04_A_2020115172804_O07741_03_T01979_02_002_02_V002,0,0,0,0,0,0,0,2020
LARSE/GEDI/GEDI04_A_002/GEDI04_A_2020118085615_O07782_02_T01607_02_002_02_V002,268,268,3914,3927,268,268,3914,2020
LARSE/GEDI/GEDI04_A_002/GEDI04_A_2020112181526_O07695_03_T03922_02_002_02_V002,55,55,47171,65309,55,4390,47171,2020
LARSE/GEDI/GEDI04_A_002/GEDI04_A_2020111111744_O07675_02_T02127_02_002_02_V002,1706,1706,24289,89558,1706,1711,24289,2020
LARSE/GEDI/GEDI04_A_002/GEDI04_A_2020121080851_O07828_02_T02357_02_002_02_V002,0,0,0,0,0,0,0,2020
LARSE/GEDI/GEDI04_A_002/GEDI04_A_2020121142022_O07832_03_T02208_02_002_02_V002,0,0,0,0,0,0,0,2020
LARSE/GEDI/GEDI04_A_002/GEDI04_A_2020120072244_O07812_02_T02953_02_002_02_V002,0,0,0,0,0,0,0,2020
LARSE/GEDI/GEDI04_A_002/GEDI04_A_2020119080931_O07797_02_T05126_02_002_02_V002,18765,18765,89007,90045,18765,18972,89007,2020
LARSE/GEDI/GEDI04_A_002/GEDI04_A_2020119155355_O07802_03_T03402_02_002_02_V002,0,0,1925,2245,0,235,1925,2020
LARSE/GEDI/GEDI04_A_002/GEDI04_A_2020122150629_O07848_03_T01459_02_002_02_V002,0,0,0,0,0,0,0,2020
LARSE/GEDI/GEDI04_A_002/GEDI04_A_2020115094339_O07736_02_T00704_02_002_02_V002,1934,1934,28044,90036,1934,1940,28044,2020
LARSE/GEDI/GEDI04_A_002/GEDI04_A_2020124054831_O07873_02_T03106_02_002_02_V002,0,0,0,0,0,0,0,2020
LARSE/GEDI/GEDI04_A_002/GEDI04_A_2020125063436_O07889_02_T02510_02_002_02_V002,0,0,0,0,0,0,0,2020
LARSE/GEDI/GEDI04_A_002/GEDI04_A_2020125124608_O07893_03_T03631_02_002_02_V002,0,0,0,0,0,0,0,2020
LARSE/GEDI/GEDI04_A_002/GEDI04_A_2020120150709_O07817_03_T05651_02_002_02_V002,0,0,29993,62098,0,4718,29993,2020
LARSE/GEDI/GEDI04_A_002/GEDI04_A_2020122072204_O07843_02_T00184_02_002_02_V002,834,834,5859,5889,834,851,5859,2020
LARSE/GEDI/GEDI04_A_002/GEDI04_A_2020126133214_O07909_03_T01612_02_002_02_V002,0,0,0,0,0,0,0,2020
LARSE/GEDI/GEDI04_A_002/GEDI04_A_2020126054750_O07904_02_T00337_02_002_02_V002,956,956,7581,9727,956,956,7581,2020
LARSE/GEDI/GEDI04_A_002/GEDI04_A_2020123063518_O07858_02_T02433_02_002_02_V002,25464,25464,88030,88874,25464,26103,88030,2020
LARSE/GEDI/GEDI04_A_002/GEDI04_A_2020123141942_O07863_03_T03555_02_002_02_V002,1769,1769,10181,10395,1769,2914,10181,2020
LARSE/GEDI/GEDI04_A_002/GEDI04_A_2020124133255_O07878_03_T04381_02_002_02_V002,12469,12469,57273,60248,12469,14060,57273,2020
LARSE/GEDI/GEDI04_A_002/GEDI04_A_2020129111152_O07954_03_T00938_02_002_02_V002,0,0,0,0,0,0,0,2020
LARSE/GEDI/GEDI04_A_002/GEDI04_A_2020129050021_O07950_02_T03933_02_002_02_V002,0,0,0,0,0,0,0,2020
LARSE/GEDI/GEDI04_A_002/GEDI04_A_2020128041416_O07934_02_T00413_02_002_02_V002,0,0,0,0,0,0,0,2020
LARSE/GEDI/GEDI04_A_002/GEDI04_A_2020127124527_O07924_03_T00862_02_002_02_V002,0,0,13168,14444,0,3850,13168,2020
LARSE/GEDI/GEDI04_A_002/GEDI04_A_2020130115758_O07970_03_T03035_02_002_02_V002,0,0,0,0,0,0,0,2020
LARSE/GEDI/GEDI04_A_002/GEDI04_A_2020130041333_O07965_02_T04759_02_002_02_V002,5049,5049,12531,12592,5049,5050,12531,2020
LARSE/GEDI/GEDI04_A_002/GEDI04_A_2020133032603_O08011_02_T01240_02_002_02_V002,0,0,0,0,0,0,0,2020
LARSE/GEDI/GEDI04_A_002/GEDI04_A_2020132023958_O07995_02_T00566_02_002_02_V002,0,0,0,0,0,0,0,2020
LARSE/GEDI/GEDI04_A_002/GEDI04_A_2020133093734_O08015_03_T05360_02_002_02_V002,0,0,0,0,0,0,0,2020
LARSE/GEDI/GEDI04_A_002/GEDI04_A_2020127050103_O07919_02_T02586_02_002_02_V002,18310,18310,69106,86766,18310,18727,69106,2020
LARSE/GEDI/GEDI04_A_002/GEDI04_A_2020134102339_O08031_03_T00342_02_002_02_V002,0,0,0,0,0,0,0,2020
LARSE/GEDI/GEDI04_A_002/GEDI04_A_2020136010538_O08056_02_T03412_02_002_02_V002,0,0,0,0,0,0,0,2020
LARSE/GEDI/GEDI04_A_002/GEDI04_A_2020134023915_O08026_02_T02066_02_002_02_V002,482,482,4082,15485,482,482,4082,2020
LARSE/GEDI/GEDI04_A_002/GEDI04_A_2020131111110_O07985_03_T05284_02_002_02_V002,635,635,7919,17453,635,635,7919,2020
LARSE/GEDI/GEDI04_A_002/GEDI04_A_2020137015143_O08072_02_T02816_02_002_02_V002,0,0,0,0,0,0,0,2020
LARSE/GEDI/GEDI04_A_002/GEDI04_A_2020135093651_O08046_03_T02591_02_002_02_V002,4342,4342,19618,22250,4342,4342,19618,2020
LARSE/GEDI/GEDI04_A_002/GEDI04_A_2020131032646_O07980_02_T04009_02_002_02_V002,18605,18605,64260,85291,18605,19701,64260,2020
LARSE/GEDI/GEDI04_A_002/GEDI04_A_2020135015227_O08041_02_T05585_02_002_02_V002,23642,23642,77875,84264,23642,23742,77875,2020
LARSE/GEDI/GEDI04_A_002/GEDI04_A_2020138084918_O08092_03_T03341_02_002_02_V002,0,0,0,0,0,0,0,2020
LARSE/GEDI/GEDI04_A_002/GEDI04_A_2020137080314_O08076_03_T02667_02_002_02_V002,0,0,0,0,0,0,0,2020
LARSE/GEDI/GEDI04_A_002/GEDI04_A_2020139233116_O08117_02_T05141_02_002_02_V002,0,0,0,0,0,0,0,2020
LARSE/GEDI/GEDI04_A_002/GEDI04_A_2020136085002_O08061_03_T00418_02_002_02_V002,0,0,48782,55456,0,19313,48782,2020
LARSE/GEDI/GEDI04_A_002/GEDI04_A_2020138010454_O08087_02_T03642_02_002_02_V002,0,0,21828,22231,0,12579,21828,2020
LARSE/GEDI/GEDI04_A_002/GEDI04_A_2020141001722_O08133_02_T00123_02_002_02_V002,0,0,0,0,0,0,0,2020
LARSE/GEDI/GEDI04_A_002/GEDI04_A_2020141062853_O08137_03_T05666_02_002_02_V002,0,0,0,0,0,0,0,2020
LARSE/GEDI/GEDI04_A_002/GEDI04_A_2020139080229_O08107_03_T05590_02_002_02_V002,0,0,0,28019,0,0,0,2020
LARSE/GEDI/GEDI04_A_002/GEDI04_A_2020142071457_O08153_03_T00648_02_002_02_V002,0,0,0,0,0,0,0,2020
LARSE/GEDI/GEDI04_A_002/GEDI04_A_2020140071541_O08122_03_T03417_02_002_02_V002,8210,8210,25045,54249,8210,8240,25045,2020
LARSE/GEDI/GEDI04_A_002/GEDI04_A_2020141233033_O08148_02_T00949_02_002_02_V002,3945,3945,9826,25178,3945,3945,9826,2020
LARSE/GEDI/GEDI04_A_002/GEDI04_A_2020144224259_O08194_02_T01852_02_002_02_V002,0,0,0,0,0,0,0,2020
LARSE/GEDI/GEDI04_A_002/GEDI04_A_2020144054119_O08183_03_T03723_02_002_02_V002,884,884,4055,52261,884,884,4055,2020
LARSE/GEDI/GEDI04_A_002/GEDI04_A_2020145215610_O08209_02_T03795_02_002_02_V002,7865,7865,14471,26157,7865,7865,14471,2020
LARSE/GEDI/GEDI04_A_002/GEDI04_A_2020143062808_O08168_03_T04473_02_002_02_V002,13454,13454,34779,35204,13454,13454,34779,2020
LARSE/GEDI/GEDI04_A_002/GEDI04_A_2020142224345_O08163_02_T00352_02_002_02_V002,16700,16700,39710,77679,16700,16778,39710,2020
LARSE/GEDI/GEDI04_A_002/GEDI04_A_2020146210921_O08224_02_T04774_02_002_02_V002,409,409,3942,76100,409,409,3942,2020
LARSE/GEDI/GEDI04_A_002/GEDI04_A_2020139001805_O08102_02_T02892_02_002_02_V002,0,0,1614,81259,0,0,1614,2020
LARSE/GEDI/GEDI04_A_002/GEDI04_A_2020150040608_O08275_03_T00954_02_002_02_V002,0,0,0,0,0,0,0,2020
LARSE/GEDI/GEDI04_A_002/GEDI04_A_2020152193407_O08316_02_T00582_02_002_02_V002,0,0,0,0,0,0,0,2020
LARSE/GEDI/GEDI04_A_002/GEDI04_A_2020147045345_O08229_03_T00204_02_002_02_V002,308,308,1440,37310,308,308,1440,2020
LARSE/GEDI/GEDI04_A_002/GEDI04_A_2020148040655_O08244_03_T05299_02_002_02_V002,11,11,956,51021,11,11,956,2020
LARSE/GEDI/GEDI04_A_002/GEDI04_A_2020149202146_O08270_02_T01255_02_002_02_V002,12416,12416,20850,33153,12416,12416,20850,2020
LARSE/GEDI/GEDI04_A_002/GEDI04_A_2020154023141_O08336_03_T03953_02_002_02_V002,0,0,0,0,0,0,0,2020
LARSE/GEDI/GEDI04_A_002/GEDI04_A_2020150193455_O08285_02_T03504_02_002_02_V002,7944,7944,33156,73015,7944,7949,33156,2020
LARSE/GEDI/GEDI04_A_002/GEDI04_A_2020151031918_O08290_03_T01933_02_002_02_V002,13302,13302,31218,48241,13302,13302,31218,2020
LARSE/GEDI/GEDI04_A_002/GEDI04_A_2020156175938_O08377_02_T05157_02_002_02_V002,0,0,0,0,0,0,0,2020
LARSE/GEDI/GEDI04_A_002/GEDI04_A_2020158005710_O08397_03_T02683_02_002_02_V002,0,0,0,0,0,0,0,2020
LARSE/GEDI/GEDI04_A_002/GEDI04_A_2020153184717_O08331_02_T02831_02_002_02_V002,0,0,27427,35233,0,17683,27427,2020
LARSE/GEDI/GEDI04_A_002/GEDI04_A_2020156005759_O08366_03_T05605_02_002_02_V002,2594,2594,44476,48237,2594,20222,44476,2020
LARSE/GEDI/GEDI04_A_002/GEDI04_A_2020128115840_O07939_03_T02958_02_002_02_V002,16600,16600,54849,58703,16600,16859,54849,2020
LARSE/GEDI/GEDI04_A_002/GEDI04_A_2020160162505_O08438_02_T03734_02_002_02_V002,0,0,0,0,0,0,0,2020
LARSE/GEDI/GEDI04_A_002/GEDI04_A_2020155014450_O08351_03_T03356_02_002_02_V002,4362,4362,33402,53870,4362,4664,33402,2020
LARSE/GEDI/GEDI04_A_002/GEDI04_A_2020157171247_O08392_02_T04254_02_002_02_V002,0,0,10911,42256,0,4771,10911,2020
LARSE/GEDI/GEDI04_A_002/GEDI04_A_2020161232235_O08458_03_T01413_02_002_02_V002,0,0,0,0,0,0,0,2020
LARSE/GEDI/GEDI04_A_002/GEDI04_A_2020154180027_O08346_02_T02234_02_002_02_V002,0,0,59833,73487,0,18641,59833,2020
LARSE/GEDI/GEDI04_A_002/GEDI04_A_2020159001018_O08412_03_T04932_02_002_02_V002,0,0,0,59580,0,0,0,2020
LARSE/GEDI/GEDI04_A_002/GEDI04_A_2020159232327_O08427_03_T04335_02_002_02_V002,14666,14666,36196,45877,14666,20943,36196,2020
LARSE/GEDI/GEDI04_A_002/GEDI04_A_2020164145030_O08499_02_T01041_02_002_02_V002,0,0,0,0,0,0,0,2020
LARSE/GEDI/GEDI04_A_002/GEDI04_A_2020158162555_O08407_02_T00811_02_002_02_V002,0,0,0,38614,0,0,0,2020
LARSE/GEDI/GEDI04_A_002/GEDI04_A_2020162223544_O08473_03_T00663_02_002_02_V002,0,0,30703,60292,0,12918,30703,2020
LARSE/GEDI/GEDI04_A_002/GEDI04_A_2020161153813_O08453_02_T01867_02_002_02_V002,0,0,17752,38721,0,8987,17752,2020
LARSE/GEDI/GEDI04_A_002/GEDI04_A_2020165214801_O08519_03_T01719_02_002_02_V002,0,0,0,0,0,0,0,2020
LARSE/GEDI/GEDI04_A_002/GEDI04_A_2020163214852_O08488_03_T01642_02_002_02_V002,0,0,13151,42957,0,9044,13151,2020
LARSE/GEDI/GEDI04_A_002/GEDI04_A_2020166131646_O08529_02_T02693_02_002_02_V002,0,0,3267,5996,0,1112,3267,2020
LARSE/GEDI/GEDI04_A_002/GEDI04_A_2020166210108_O08534_03_T03815_02_002_02_V002,0,0,46991,64370,0,26964,46991,2020
LARSE/GEDI/GEDI04_A_002/GEDI04_A_2020162145122_O08468_02_T01117_02_002_02_V002,0,0,112,10162,0,18,112,2020
LARSE/GEDI/GEDI04_A_002/GEDI04_A_2020165140338_O08514_02_T00444_02_002_02_V002,0,0,51172,52983,0,34639,51172,2020
LARSE/GEDI/GEDI04_A_002/GEDI04_A_2020168131554_O08560_02_T04193_02_002_02_V002,0,0,0,0,0,0,0,2020
LARSE/GEDI/GEDI04_A_002/GEDI04_A_2020169201324_O08580_03_T03142_02_002_02_V002,0,0,0,0,0,0,0,2020
LARSE/GEDI/GEDI04_A_002/GEDI04_A_2020172114117_O08621_02_T00077_02_002_02_V002,0,0,0,0,0,0,0,2020
LARSE/GEDI/GEDI04_A_002/GEDI04_A_2020167201416_O08549_03_T00372_02_002_02_V002,0,0,206,35174,0,0,206,2020
LARSE/GEDI/GEDI04_A_002/GEDI04_A_2020170114209_O08590_02_T05692_02_002_02_V002,0,0,0,0,0,0,0,2020
LARSE/GEDI/GEDI04_A_002/GEDI04_A_2020173183847_O08641_03_T05024_02_002_02_V002,0,0,0,0,0,0,0,2020
LARSE/GEDI/GEDI04_A_002/GEDI04_A_2020171183940_O08610_03_T00525_02_002_02_V002,0,0,10918,27192,0,4253,10918,2020
LARSE/GEDI/GEDI04_A_002/GEDI04_A_2020176100638_O08682_02_T01806_02_002_02_V002,0,0,0,0,0,0,0,2020
LARSE/GEDI/GEDI04_A_002/GEDI04_A_2020169122902_O08575_02_T03290_02_002_02_V002,0,0,22922,54053,0,12153,22922,2020
LARSE/GEDI/GEDI04_A_002/GEDI04_A_2020174100732_O08651_02_T01423_02_002_02_V002,0,0,0,0,0,0,0,2020
LARSE/GEDI/GEDI04_A_002/GEDI04_A_2020170192631_O08595_03_T03968_02_002_02_V002,39,39,36115,71634,39,16498,36115,2020
LARSE/GEDI/GEDI04_A_002/GEDI04_A_2020173105425_O08636_02_T05172_02_002_02_V002,10077,10077,60871,62511,10077,44638,60871,2020
LARSE/GEDI/GEDI04_A_002/GEDI04_A_2020177170407_O08702_03_T00755_02_002_02_V002,0,0,0,0,0,0,0,2020
LARSE/GEDI/GEDI04_A_002/GEDI04_A_2020178083252_O08712_02_T01882_02_002_02_V002,0,0,0,0,0,0,0,2020
LARSE/GEDI/GEDI04_A_002/GEDI04_A_2020175170501_O08671_03_T00678_02_002_02_V002,0,0,18103,24851,0,0,18103,2020
LARSE/GEDI/GEDI04_A_002/GEDI04_A_2020179153021_O08732_03_T03677_02_002_02_V002,0,0,19960,22592,0,7662,19960,2020
LARSE/GEDI/GEDI04_A_002/GEDI04_A_2020174175154_O08656_03_T05544_02_002_02_V002,0,0,51477,75549,0,22503,51477,2020
LARSE/GEDI/GEDI04_A_002/GEDI04_A_2020181152926_O08763_03_T00908_02_002_02_V002,0,0,0,0,0,0,0,2020
LARSE/GEDI/GEDI04_A_002/GEDI04_A_2020177091945_O08697_02_T05325_02_002_02_V002,52,52,610,68031,52,105,610,2020
LARSE/GEDI/GEDI04_A_002/GEDI04_A_2020178161714_O08717_03_T01734_02_002_02_V002,0,0,5234,78265,0,133,5234,2020
LARSE/GEDI/GEDI04_A_002/GEDI04_A_2020182065810_O08773_02_T04881_02_002_02_V002,0,0,0,0,0,0,0,2020
LARSE/GEDI/GEDI04_A_002/GEDI04_A_2020180083158_O08743_02_T04805_02_002_02_V002,0,0,0,0,0,0,0,2020
LARSE/GEDI/GEDI04_A_002/GEDI04_A_2020184065715_O08804_02_T04958_02_002_02_V002,0,0,0,0,0,0,0,2020
LARSE/GEDI/GEDI04_A_002/GEDI04_A_2020185135443_O08824_03_T01061_02_002_02_V002,0,0,0,0,0,0,0,2020
LARSE/GEDI/GEDI04_A_002/GEDI04_A_2020186052327_O08834_02_T03611_02_002_02_V002,0,0,0,0,0,0,0,2020
LARSE/GEDI/GEDI04_A_002/GEDI04_A_2020182144232_O08778_03_T00311_02_002_02_V002,0,0,48370,80012,0,17714,48370,2020
LARSE/GEDI/GEDI04_A_002/GEDI04_A_2020187122055_O08854_03_T01443_02_002_02_V002,0,0,0,0,0,0,0,2020
LARSE/GEDI/GEDI04_A_002/GEDI04_A_2020188052231_O08865_02_T02265_02_002_02_V002,0,0,0,0,0,0,0,2020
LARSE/GEDI/GEDI04_A_002/GEDI04_A_2020183135538_O08793_03_T01137_02_002_02_V002,0,0,0,0,0,0,0,2020
LARSE/GEDI/GEDI04_A_002/GEDI04_A_2020181074504_O08758_02_T03902_02_002_02_V002,28473,28473,47004,70952,28473,32988,47004,2020
LARSE/GEDI/GEDI04_A_002/GEDI04_A_2020192034933_O08926_02_T00689_02_002_02_V002,0,0,0,0,0,0,0,2020
LARSE/GEDI/GEDI04_A_002/GEDI04_A_2020185061021_O08819_02_T01362_02_002_02_V002,53247,53247,74001,75855,53247,55028,74001,2020
LARSE/GEDI/GEDI04_A_002/GEDI04_A_2020189122103_O08885_03_T05636_02_002_02_V002,0,0,0,0,0,0,0,2020
LARSE/GEDI/GEDI04_A_002/GEDI04_A_2020186130749_O08839_03_T03310_02_002_02_V002,28776,28776,55613,77367,28776,30045,55613,2020
LARSE/GEDI/GEDI04_A_002/GEDI04_A_2020191104746_O08915_03_T03983_02_002_02_V002,0,0,0,0,0,0,0,2020
LARSE/GEDI/GEDI04_A_002/GEDI04_A_2020190034958_O08895_02_T00918_02_002_02_V002,0,0,0,0,0,0,0,2020
LARSE/GEDI/GEDI04_A_002/GEDI04_A_2020193104720_O08946_03_T01367_02_002_02_V002,0,0,0,0,0,0,0,2020
LARSE/GEDI/GEDI04_A_002/GEDI04_A_2020195091334_O08976_03_T02866_02_002_02_V002,0,0,0,0,0,0,0,2020
LARSE/GEDI/GEDI04_A_002/GEDI04_A_2020196021509_O08987_02_T05264_02_002_02_V002,0,0,0,0,0,0,0,2020
LARSE/GEDI/GEDI04_A_002/GEDI04_A_2020197091235_O09007_03_T04213_02_002_02_V002,0,0,0,0,0,0,0,2020
LARSE/GEDI/GEDI04_A_002/GEDI04_A_2020198004117_O09017_02_T01071_02_002_02_V002,0,0,0,0,0,0,0,2020
LARSE/GEDI/GEDI04_A_002/GEDI04_A_2020189043636_O08880_02_T02938_02_002_02_V002,5358,5358,15855,78416,5358,5388,15855,2020
LARSE/GEDI/GEDI04_A_002/GEDI04_A_2020194100031_O08961_03_T04886_02_002_02_V002,27959,27959,51366,75838,27959,28321,51366,2020
LARSE/GEDI/GEDI04_A_002/GEDI04_A_2020200004018_O09048_02_T03994_02_002_02_V002,0,0,0,0,0,0,0,2020
LARSE/GEDI/GEDI04_A_002/GEDI04_A_2020193030254_O08941_02_T01668_02_002_02_V002,52909,52909,74567,79292,52909,53301,74567,2020
LARSE/GEDI/GEDI04_A_002/GEDI04_A_2020199073843_O09037_03_T03019_02_002_02_V002,0,0,0,0,0,0,0,2020
LARSE/GEDI/GEDI04_A_002/GEDI04_A_2020190113425_O08900_03_T00617_02_002_02_V002,0,0,26864,74895,0,10269,26864,2020
LARSE/GEDI/GEDI04_A_002/GEDI04_A_2020201230626_O09078_02_T04070_02_002_02_V002,0,0,0,0,0,0,0,2020
LARSE/GEDI/GEDI04_A_002/GEDI04_A_2020198082538_O09022_03_T03616_02_002_02_V002,45512,45512,61881,70762,45512,45694,61881,2020
LARSE/GEDI/GEDI04_A_002/GEDI04_A_2020197012813_O09002_02_T04667_02_002_02_V002,45169,45169,68046,83342,45169,45761,68046,2020
LARSE/GEDI/GEDI04_A_002/GEDI04_A_2020203230525_O09109_02_T04147_02_002_02_V002,0,0,0,0,0,0,0,2020
LARSE/GEDI/GEDI04_A_002/GEDI04_A_2020205213133_O09139_02_T04376_02_002_02_V002,0,0,0,0,0,0,0,2020
LARSE/GEDI/GEDI04_A_002/GEDI04_A_2020206221730_O09155_02_T00781_02_002_02_V002,0,0,0,0,0,0,0,2020
LARSE/GEDI/GEDI04_A_002/GEDI04_A_2020203060350_O09098_03_T03172_02_002_02_V002,0,0,0,0,0,0,0,2020
LARSE/GEDI/GEDI04_A_002/GEDI04_A_2020202065047_O09083_03_T05345_02_002_02_V002,33203,33203,53311,66894,33203,33483,53311,2020
LARSE/GEDI/GEDI04_A_002/GEDI04_A_2020207042859_O09159_03_T04901_02_002_02_V002,0,0,0,0,0,0,0,2020
LARSE/GEDI/GEDI04_A_002/GEDI04_A_2020201073743_O09068_03_T01673_02_002_02_V002,0,0,0,0,0,0,0,2020
LARSE/GEDI/GEDI04_A_002/GEDI04_A_2020208051455_O09175_03_T04152_02_002_02_V002,0,0,0,0,0,0,0,2020
LARSE/GEDI/GEDI04_A_002/GEDI04_A_2020207213034_O09170_02_T04453_02_002_02_V002,60,60,142,4899,60,60,142,2020
LARSE/GEDI/GEDI04_A_002/GEDI04_A_2020209195641_O09200_02_T00260_02_002_02_V002,0,0,0,0,0,0,0,2020
LARSE/GEDI/GEDI04_A_002/GEDI04_A_2020204221829_O09124_02_T04973_02_002_02_V002,0,0,57841,89871,0,33086,57841,2020
LARSE/GEDI/GEDI04_A_002/GEDI04_A_2020200235322_O09063_02_T04820_02_002_02_V002,42306,42306,66928,86823,42306,43445,66928,2020
LARSE/GEDI/GEDI04_A_002/GEDI04_A_2020211025408_O09220_03_T02361_02_002_02_V002,0,0,0,0,0,0,0,2020
LARSE/GEDI/GEDI04_A_002/GEDI04_A_2020212034017_O09236_03_T02882_02_002_02_V002,0,0,0,0,0,0,0,2020
LARSE/GEDI/GEDI04_A_002/GEDI04_A_2020210204240_O09216_02_T03780_02_002_02_V002,0,0,0,0,0,0,0,2020
LARSE/GEDI/GEDI04_A_002/GEDI04_A_2020209042759_O09190_03_T04978_02_002_02_V002,1225,1225,3284,6098,1225,1225,3284,2020
LARSE/GEDI/GEDI04_A_002/GEDI04_A_2020211195549_O09231_02_T03183_02_002_02_V002,0,0,6669,10620,0,4522,6669,2020
LARSE/GEDI/GEDI04_A_002/GEDI04_A_2020213182239_O09261_02_T04682_02_002_02_V002,0,0,0,0,0,0,0,2020
LARSE/GEDI/GEDI04_A_002/GEDI04_A_2020216020650_O09297_03_T04458_02_002_02_V002,0,0,0,0,0,0,0,2020
LARSE/GEDI/GEDI04_A_002/GEDI04_A_2020214190857_O09277_02_T05356_02_002_02_V002,0,0,0,0,0,0,0,2020
LARSE/GEDI/GEDI04_A_002/GEDI04_A_2020208204337_O09185_02_T03703_02_002_02_V002,36155,36155,60000,89313,36155,36440,60000,2020
LARSE/GEDI/GEDI04_A_002/GEDI04_A_2020217164911_O09322_02_T01836_02_002_02_V002,0,0,0,0,0,0,0,2020
LARSE/GEDI/GEDI04_A_002/GEDI04_A_2020214020707_O09266_03_T00112_02_002_02_V002,7645,7645,16683,59478,7645,8762,16683,2020
LARSE/GEDI/GEDI04_A_002/GEDI04_A_2020213025343_O09251_03_T05131_02_002_02_V002,5042,5042,11271,13037,5042,5239,11271,2020
LARSE/GEDI/GEDI04_A_002/GEDI04_A_2020210034105_O09205_03_T01535_02_002_02_V002,32950,32950,47274,60515,32950,32950,47274,2020
LARSE/GEDI/GEDI04_A_002/GEDI04_A_2020218173529_O09338_02_T01087_02_002_02_V002,0,0,0,0,0,0,0,2020
LARSE/GEDI/GEDI04_A_002/GEDI04_A_2020217012015_O09312_03_T02285_02_002_02_V002,4939,4939,10896,12027,4939,5505,10896,2020
LARSE/GEDI/GEDI04_A_002/GEDI04_A_2020218234703_O09342_03_T00785_02_002_02_V002,0,0,0,0,0,0,0,2020
LARSE/GEDI/GEDI04_A_002/GEDI04_A_2020219164853_O09353_02_T01760_02_002_02_V002,0,0,2449,5645,0,1573,2449,2020
LARSE/GEDI/GEDI04_A_002/GEDI04_A_2020212190914_O09246_02_T03856_02_002_02_V002,0,0,29145,87261,0,14991,29145,2020
LARSE/GEDI/GEDI04_A_002/GEDI04_A_2020221151539_O09383_02_T03259_02_002_02_V002,0,0,0,0,0,0,0,2020
LARSE/GEDI/GEDI04_A_002/GEDI04_A_2020216173547_O09307_02_T05432_02_002_02_V002,0,0,19590,87186,0,12752,19590,2020
LARSE/GEDI/GEDI04_A_002/GEDI04_A_2020218003339_O09327_03_T00265_02_002_02_V002,13037,13037,21605,57068,13037,14936,21605,2020
LARSE/GEDI/GEDI04_A_002/GEDI04_A_2020222160155_O09399_02_T02663_02_002_02_V002,0,0,0,0,0,0,0,2020
LARSE/GEDI/GEDI04_A_002/GEDI04_A_2020220003320_O09358_03_T00189_02_002_02_V002,0,0,0,0,0,0,0,2020
LARSE/GEDI/GEDI04_A_002/GEDI04_A_2020223225946_O09419_03_T00036_02_002_02_V002,0,0,0,0,0,0,0,2020
LARSE/GEDI/GEDI04_A_002/GEDI04_A_2020222221330_O09403_03_T03784_02_002_02_V002,0,0,0,0,0,0,0,2020
LARSE/GEDI/GEDI04_A_002/GEDI04_A_2020220234644_O09373_03_T03708_02_002_02_V002,7541,7541,14414,15296,7541,7665,14414,2020
LARSE/GEDI/GEDI04_A_002/GEDI04_A_2020221230006_O09388_03_T03111_02_002_02_V002,23410,23410,36832,56304,23410,23743,36832,2020
LARSE/GEDI/GEDI04_A_002/GEDI04_A_2020223151519_O09414_02_T00490_02_002_02_V002,0,0,1710,13551,0,763,1710,2020
LARSE/GEDI/GEDI04_A_002/GEDI04_A_2020220160216_O09368_02_T01163_02_002_02_V002,0,0,60937,86624,0,32266,60937,2020
LARSE/GEDI/GEDI04_A_002/GEDI04_A_2020225134206_O09444_02_T01989_02_002_02_V002,0,0,0,0,0,0,0,2020
LARSE/GEDI/GEDI04_A_002/GEDI04_A_2020224221310_O09434_03_T02438_02_002_02_V002,0,0,0,16326,0,0,0,2020
LARSE/GEDI/GEDI04_A_002/GEDI04_A_2020226203956_O09464_03_T02514_02_002_02_V002,0,0,0,0,0,0,0,2020
LARSE/GEDI/GEDI04_A_002/GEDI04_A_2020227212613_O09480_03_T04611_02_002_02_V002,0,0,0,0,0,0,0,2020
LARSE/GEDI/GEDI04_A_002/GEDI04_A_2020226142822_O09460_02_T05509_02_002_02_V002,0,0,0,0,0,0,0,2020
LARSE/GEDI/GEDI04_A_002/GEDI04_A_2020229120831_O09505_02_T04835_02_002_02_V002,0,0,0,0,0,0,0,2020
LARSE/GEDI/GEDI04_A_002/GEDI04_A_2020227134145_O09475_02_T03336_02_002_02_V002,934,934,2434,14487,934,934,2434,2020
LARSE/GEDI/GEDI04_A_002/GEDI04_A_2020230125447_O09521_02_T03933_02_002_02_V002,0,0,0,0,0,0,0,2020
LARSE/GEDI/GEDI04_A_002/GEDI04_A_2020230190621_O09525_03_T03937_02_002_02_V002,0,0,0,0,0,0,0,2020
LARSE/GEDI/GEDI04_A_002/GEDI04_A_2020228203936_O09495_03_T01015_02_002_02_V002,2800,2800,9447,18498,2800,3486,9447,2020
LARSE/GEDI/GEDI04_A_002/GEDI04_A_2020224142842_O09429_02_T01010_02_002_02_V002,33862,33862,64387,87691,33862,33862,64387,2020
LARSE/GEDI/GEDI04_A_002/GEDI04_A_2020233103455_O09566_02_T01989_02_002_02_V002,0,0,0,0,0,0,0,2020
LARSE/GEDI/GEDI04_A_002/GEDI04_A_2020234112111_O09582_02_T02663_02_002_02_V002,0,0,0,0,0,0,0,2020
LARSE/GEDI/GEDI04_A_002/GEDI04_A_2020234173245_O09586_03_T03784_02_002_02_V002,0,0,0,0,0,0,0,2020
LARSE/GEDI/GEDI04_A_002/GEDI04_A_2020229195258_O09510_03_T04534_02_002_02_V002,3479,3479,41291,54035,3479,28725,41291,2020
LARSE/GEDI/GEDI04_A_002/GEDI04_A_2020232190600_O09556_03_T03861_02_002_02_V002,176,176,5062,20015,176,1870,5062,2020
LARSE/GEDI/GEDI04_A_002/GEDI04_A_2020235181901_O09602_03_T01765_02_002_02_V002,0,0,0,0,0,0,0,2020
LARSE/GEDI/GEDI04_A_002/GEDI04_A_2020228125508_O09490_02_T02739_02_002_02_V002,20388,20388,41472,84706,20388,21159,41472,2020
LARSE/GEDI/GEDI04_A_002/GEDI04_A_2020232112133_O09551_02_T01163_02_002_02_V002,15218,15218,31439,85808,15218,15254,31439,2020
LARSE/GEDI/GEDI04_A_002/GEDI04_A_2020235103433_O09597_02_T00490_02_002_02_V002,1173,1173,2624,13562,1173,1187,2624,2020
LARSE/GEDI/GEDI04_A_002/GEDI04_A_2020237090118_O09627_02_T04835_02_002_02_V002,0,0,0,0,0,0,0,2020
LARSE/GEDI/GEDI04_A_002/GEDI04_A_2020238155906_O09647_03_T02514_02_002_02_V002,0,0,0,0,0,0,0,2020
LARSE/GEDI/GEDI04_A_002/GEDI04_A_2020238094732_O09643_02_T05509_02_002_02_V002,0,0,0,0,0,0,0,2020
LARSE/GEDI/GEDI04_A_002/GEDI04_A_2020233181923_O09571_03_T00265_02_002_02_V002,595,595,32584,57047,595,16642,32584,2020
LARSE/GEDI/GEDI04_A_002/GEDI04_A_2020236173223_O09617_03_T05284_02_002_02_V002,0,0,0,17799,0,0,0,2020
LARSE/GEDI/GEDI04_A_002/GEDI04_A_2020236094755_O09612_02_T04009_02_002_02_V002,344,344,3289,85235,344,344,3289,2020
LARSE/GEDI/GEDI04_A_002/GEDI04_A_2020237164545_O09632_03_T03111_02_002_02_V002,0,0,4288,56992,0,1426,4288,2020
LARSE/GEDI/GEDI04_A_002/GEDI04_A_2020241072736_O09688_02_T07681_02_002_02_V002,0,0,0,0,0,0,0,2020
LARSE/GEDI/GEDI04_A_002/GEDI04_A_2020239090054_O09658_02_T03336_02_002_02_V002,102,102,651,14487,102,143,651,2020
LARSE/GEDI/GEDI04_A_002/GEDI04_A_2020239164521_O09663_03_T04611_02_002_02_V002,0,0,0,0,0,0,0,2020
LARSE/GEDI/GEDI04_A_002/GEDI04_A_2020242081351_O09704_02_T06932_02_002_02_V002,0,0,0,0,0,0,0,2020
LARSE/GEDI/GEDI04_A_002/GEDI04_A_2020242142525_O09708_03_T08206_02_002_02_V002,0,0,0,0,0,0,0,2020
LARSE/GEDI/GEDI04_A_002/GEDI04_A_2020243151139_O09724_03_T07457_02_002_02_V002,0,0,0,0,0,0,0,2020
LARSE/GEDI/GEDI04_A_002/GEDI04_A_2020240155842_O09678_03_T08130_02_002_02_V002,0,0,11695,17881,0,3749,11695,2020
LARSE/GEDI/GEDI04_A_002/GEDI04_A_2020243072712_O09719_02_T09028_02_002_02_V002,1918,1918,6234,14975,1918,2418,6234,2020
LARSE/GEDI/GEDI04_A_002/GEDI04_A_2020241151203_O09693_03_T06110_02_002_02_V002,0,0,18733,55119,0,4477,18733,2020
LARSE/GEDI/GEDI04_A_002/GEDI04_A_2020225212633_O09449_03_T04687_02_002_02_V002,18507,18507,30383,55764,18507,19433,30383,2020
LARSE/GEDI/GEDI04_A_002/GEDI04_A_2020246064008_O09765_02_T09778_02_002_02_V002,0,0,0,0,0,0,0,2020
LARSE/GEDI/GEDI04_A_002/GEDI04_A_2020246125141_O09769_03_T06783_02_002_02_V002,0,0,0,0,0,0,0,2020
LARSE/GEDI/GEDI04_A_002/GEDI04_A_2020247133755_O09785_03_T08880_02_002_02_V002,0,0,0,0,0,0,0,2020
LARSE/GEDI/GEDI04_A_002/GEDI04_A_2020244064034_O09734_02_T08431_02_002_02_V002,20536,20536,64025,83928,20536,34287,64025,2020
LARSE/GEDI/GEDI04_A_002/GEDI04_A_2020245133821_O09754_03_T10379_02_002_02_V002,24539,24539,42163,55742,24539,26382,42163,2020
LARSE/GEDI/GEDI04_A_002/GEDI04_A_2020249042008_O09810_02_T10680_02_002_02_V002,0,0,0,0,0,0,0,2020
LARSE/GEDI/GEDI04_A_002/GEDI04_A_2020244142501_O09739_03_T09553_02_002_02_V002,2506,2506,7387,21232,2506,3029,7387,2020
LARSE/GEDI/GEDI04_A_002/GEDI04_A_2020250050622_O09826_02_T08508_02_002_02_V002,0,0,0,0,0,0,0,2020
LARSE/GEDI/GEDI04_A_002/GEDI04_A_2020248125115_O09800_03_T11129_02_002_02_V002,11530,11530,22586,23171,11530,12244,22586,2020
LARSE/GEDI/GEDI04_A_002/GEDI04_A_2020240081415_O09673_02_T11277_02_002_02_V002,31024,31024,79702,84502,31024,35819,79702,2020
LARSE/GEDI/GEDI04_A_002/GEDI04_A_2020250111755_O09830_03_T11205_02_002_02_V002,0,0,0,0,0,0,0,2020
LARSE/GEDI/GEDI04_A_002/GEDI04_A_2020251120408_O09846_03_T10456_02_002_02_V002,0,0,0,0,0,0,0,2020
LARSE/GEDI/GEDI04_A_002/GEDI04_A_2020247055328_O09780_02_T07758_02_002_02_V002,6616,6616,15950,16827,6616,12214,15950,2020
LARSE/GEDI/GEDI04_A_002/GEDI04_A_2020251041941_O09841_02_T06335_02_002_02_V002,10043,10043,17782,17875,10043,13590,17782,2020
LARSE/GEDI/GEDI04_A_002/GEDI04_A_2020253024623_O09871_02_T06411_02_002_02_V002,0,0,0,0,0,0,0,2020
LARSE/GEDI/GEDI04_A_002/GEDI04_A_2020254033236_O09887_02_T07085_02_002_02_V002,0,0,0,0,0,0,0,2020
LARSE/GEDI/GEDI04_A_002/GEDI04_A_2020254094409_O09891_03_T08359_02_002_02_V002,0,0,0,0,0,0,0,2020
LARSE/GEDI/GEDI04_A_002/GEDI04_A_2020255103032_O09907_03_T07610_02_002_02_V002,0,0,0,0,0,0,0,2020
LARSE/GEDI/GEDI04_A_002/GEDI04_A_2020252111729_O09861_03_T06860_02_002_02_V002,11466,11466,25599,25799,11466,13708,25599,2020
LARSE/GEDI/GEDI04_A_002/GEDI04_A_2020253103049_O09876_03_T08956_02_002_02_V002,5780,5780,14209,54584,5780,6933,14209,2020
LARSE/GEDI/GEDI04_A_002/GEDI04_A_2020257011310_O09932_02_T07834_02_002_02_V002,0,0,0,0,0,0,0,2020
LARSE/GEDI/GEDI04_A_002/GEDI04_A_2020255024600_O09902_02_T09181_02_002_02_V002,12734,12734,18564,18843,12734,12734,18564,2020
LARSE/GEDI/GEDI04_A_002/GEDI04_A_2020258015939_O09948_02_T11354_02_002_02_V002,0,0,0,0,0,0,0,2020
LARSE/GEDI/GEDI04_A_002/GEDI04_A_2020258081116_O09952_03_T09629_02_002_02_V002,0,0,0,0,0,0,0,2020
LARSE/GEDI/GEDI04_A_002/GEDI04_A_2020252033302_O09856_02_T10007_02_002_02_V002,31886,31886,81311,82394,31886,41054,81311,2020
LARSE/GEDI/GEDI04_A_002/GEDI04_A_2020256094406_O09922_03_T08283_02_002_02_V002,3846,3846,13111,24531,3846,3846,13111,2020
LARSE/GEDI/GEDI04_A_002/GEDI04_A_2020256015935_O09917_02_T07161_02_002_02_V002,18926,18926,52161,81933,18926,19286,52161,2020
LARSE/GEDI/GEDI04_A_002/GEDI04_A_2020259085745_O09968_03_T06034_02_002_02_V002,0,0,0,0,0,0,0,2020
LARSE/GEDI/GEDI04_A_002/GEDI04_A_2020249120435_O09815_03_T07533_02_002_02_V002,30098,30098,52820,55604,30098,32431,52820,2020
LARSE/GEDI/GEDI04_A_002/GEDI04_A_2020259011314_O09963_02_T10604_02_002_02_V002,2776,2776,8065,15967,2776,3229,8065,2020
LARSE/GEDI/GEDI04_A_002/GEDI04_A_2020260234022_O09993_02_T06258_02_002_02_V002,0,0,0,0,0,0,0,2020
LARSE/GEDI/GEDI04_A_002/GEDI04_A_2020262002651_O10009_02_T08355_02_002_02_V002,0,0,0,0,0,0,0,2020
LARSE/GEDI/GEDI04_A_002/GEDI04_A_2020263072456_O10029_03_T10303_02_002_02_V002,0,0,0,0,0,0,0,2020
LARSE/GEDI/GEDI04_A_002/GEDI04_A_2020262234025_O10024_02_T06182_02_002_02_V002,0,0,169,14036,0,0,169,2020
LARSE/GEDI/GEDI04_A_002/GEDI04_A_2020262063828_O10013_03_T11052_02_002_02_V002,0,0,0,0,0,0,0,2020
LARSE/GEDI/GEDI04_A_002/GEDI04_A_2020257085741_O09937_03_T10532_02_002_02_V002,580,580,7530,54703,580,580,7530,2020
LARSE/GEDI/GEDI04_A_002/GEDI04_A_2020261072454_O09998_03_T08803_02_002_02_V002,0,0,1,56065,0,0,1,2020
LARSE/GEDI/GEDI04_A_002/GEDI04_A_2020264220733_O10054_02_T10527_02_002_02_V002,0,0,0,0,0,0,0,2020
LARSE/GEDI/GEDI04_A_002/GEDI04_A_2020264063830_O10044_03_T10976_02_002_02_V002,0,0,0,16940,0,0,0,2020
LARSE/GEDI/GEDI04_A_002/GEDI04_A_2020260002648_O09978_02_T09854_02_002_02_V002,2314,2314,15353,83004,2314,2391,15353,2020
LARSE/GEDI/GEDI04_A_002/GEDI04_A_2020265225402_O10070_02_T11201_02_002_02_V002,0,0,0,0,0,0,0,2020
LARSE/GEDI/GEDI04_A_002/GEDI04_A_2020260081119_O09983_03_T06707_02_002_02_V002,0,0,0,19206,0,0,0,2020
LARSE/GEDI/GEDI04_A_002/GEDI04_A_2020267055207_O10090_03_T05881_02_002_02_V002,0,0,0,0,0,0,0,2020
LARSE/GEDI/GEDI04_A_002/GEDI04_A_2020266220736_O10085_02_T07605_02_002_02_V002,0,0,94,13057,0,7,94,2020
LARSE/GEDI/GEDI04_A_002/GEDI04_A_2020268203504_O10115_02_T07528_02_002_02_V002,0,0,0,0,0,0,0,2020
LARSE/GEDI/GEDI04_A_002/GEDI04_A_2020266050539_O10074_03_T09476_02_002_02_V002,0,0,0,0,0,0,0,2020
LARSE/GEDI/GEDI04_A_002/GEDI04_A_2020263225359_O10039_02_T09701_02_002_02_V002,17,17,1075,85090,17,17,1075,2020
LARSE/GEDI/GEDI04_A_002/GEDI04_A_2020268050555_O10105_03_T06554_02_002_02_V002,3241,3241,9162,14716,3241,3331,9162,2020
LARSE/GEDI/GEDI04_A_002/GEDI04_A_2020269212142_O10131_02_T11048_02_002_02_V002,0,0,0,0,0,0,0,2020
LARSE/GEDI/GEDI04_A_002/GEDI04_A_2020265055205_O10059_03_T05957_02_002_02_V002,21744,21744,54009,56744,21744,23869,54009,2020
LARSE/GEDI/GEDI04_A_002/GEDI04_A_2020267212110_O10100_02_T08278_02_002_02_V002,7983,7983,31392,86045,7983,8169,31392,2020
LARSE/GEDI/GEDI04_A_002/GEDI04_A_2020269041938_O10120_03_T10226_02_002_02_V002,1942,1942,7526,57898,1942,2143,7526,2020
LARSE/GEDI/GEDI04_A_002/GEDI04_A_2020270203525_O10146_02_T08875_02_002_02_V002,757,757,3658,11147,757,757,3658,2020
LARSE/GEDI/GEDI04_A_002/GEDI04_A_2020271041959_O10151_03_T07151_02_002_02_V002,0,0,0,0,0,0,0,2020
LARSE/GEDI/GEDI04_A_002/GEDI04_A_2020270033321_O10135_03_T06477_02_002_02_V002,0,0,0,0,0,0,0,2020
LARSE/GEDI/GEDI04_A_002/GEDI04_A_2020273194929_O10192_02_T09319_02_002_02_V002,0,0,0,0,0,0,0,2020
LARSE/GEDI/GEDI04_A_002/GEDI04_A_2020272190251_O10176_02_T10221_02_002_02_V002,0,0,0,0,0,0,0,2020
LARSE/GEDI/GEDI04_A_002/GEDI04_A_2020274020107_O10196_03_T06324_02_002_02_V002,0,0,0,0,0,0,0,2020
LARSE/GEDI/GEDI04_A_002/GEDI04_A_2020272033342_O10166_03_T07824_02_002_02_V002,29,29,1278,6910,29,30,1278,2020
LARSE/GEDI/GEDI04_A_002/GEDI04_A_2020275024743_O10212_03_T08421_02_002_02_V002,0,0,0,0,0,0,0,2020
LARSE/GEDI/GEDI04_A_002/GEDI04_A_2020274190309_O10207_02_T08569_02_002_02_V002,1020,1020,3392,3416,1020,1107,3392,2020
LARSE/GEDI/GEDI04_A_002/GEDI04_A_2020276173033_O10237_02_T10068_02_002_02_V002,0,0,0,0,0,0,0,2020
LARSE/GEDI/GEDI04_A_002/GEDI04_A_2020278002848_O10257_03_T06171_02_002_02_V002,0,0,0,0,0,0,0,2020
LARSE/GEDI/GEDI04_A_002/GEDI04_A_2020276020125_O10227_03_T07671_02_002_02_V002,0,0,0,0,0,0,0,2020
LARSE/GEDI/GEDI04_A_002/GEDI04_A_2020271194908_O10161_02_T10971_02_002_02_V002,1,1,177,88591,1,1,177,2020
LARSE/GEDI/GEDI04_A_002/GEDI04_A_2020278173050_O10268_02_T09992_02_002_02_V002,132,132,545,548,132,160,545,2020
LARSE/GEDI/GEDI04_A_002/GEDI04_A_2020273024726_O10181_03_T07074_02_002_02_V002,1044,1044,10985,61180,1044,2775,10985,2020
LARSE/GEDI/GEDI04_A_002/GEDI04_A_2020280155811_O10298_02_T11338_02_002_02_V002,0,0,0,0,0,0,0,2020
LARSE/GEDI/GEDI04_A_002/GEDI04_A_2020281225610_O10318_03_T08864_02_002_02_V002,0,0,0,0,0,0,0,2020
LARSE/GEDI/GEDI04_A_002/GEDI04_A_2020280002904_O10288_03_T07518_02_002_02_V002,0,0,0,0,0,0,0,2020
LARSE/GEDI/GEDI04_A_002/GEDI04_A_2020277011506_O10242_03_T08344_02_002_02_V002,8506,8506,55802,66472,8506,10566,55802,2020
LARSE/GEDI/GEDI04_A_002/GEDI04_A_2020282155755_O10329_02_T08416_02_002_02_V002,0,0,0,0,0,0,0,2020
LARSE/GEDI/GEDI04_A_002/GEDI04_A_2020284142425_O10359_02_T07069_02_002_02_V002,0,0,0,0,0,0,0,2020
LARSE/GEDI/GEDI04_A_002/GEDI04_A_2020275181651_O10222_02_T10818_02_002_02_V002,6887,6887,63624,89049,6887,21252,63624,2020
LARSE/GEDI/GEDI04_A_002/GEDI04_A_2020285212206_O10379_03_T07594_02_002_02_V002,0,0,0,0,0,0,0,2020
LARSE/GEDI/GEDI04_A_002/GEDI04_A_2020286142349_O10390_02_T07146_02_002_02_V002,0,0,499,1513,0,0,499,2020
LARSE/GEDI/GEDI04_A_002/GEDI04_A_2020280234244_O10303_03_T08191_02_002_02_V002,4499,4499,36543,66871,4499,4810,36543,2020
LARSE/GEDI/GEDI04_A_002/GEDI04_A_2020283151109_O10344_02_T09089_02_002_02_V002,0,0,22145,89170,0,1698,22145,2020
LARSE/GEDI/GEDI04_A_002/GEDI04_A_2020290203409_O10456_03_T11267_02_002_02_V002,0,0,0,0,0,0,0,2020
LARSE/GEDI/GEDI04_A_002/GEDI04_A_2020284220850_O10364_03_T11190_02_002_02_V002,356,356,6564,64247,356,356,6564,2020
LARSE/GEDI/GEDI04_A_002/GEDI04_A_2020290124944_O10451_02_T10145_02_002_02_V002,0,0,510,4503,0,25,510,2020
LARSE/GEDI/GEDI04_A_002/GEDI04_A_2020292111614_O10481_02_T08645_02_002_02_V002,0,0,0,0,0,0,0,2020
LARSE/GEDI/GEDI04_A_002/GEDI04_A_2020293120221_O10497_02_T10895_02_002_02_V002,0,0,0,0,0,0,0,2020
LARSE/GEDI/GEDI04_A_002/GEDI04_A_2020279164430_O10283_02_T10665_02_002_02_V002,5692,5692,86867,89861,5692,15967,86867,2020
LARSE/GEDI/GEDI04_A_002/GEDI04_A_2020293181353_O10501_03_T09170_02_002_02_V002,0,0,0,0,0,0,0,2020
LARSE/GEDI/GEDI04_A_002/GEDI04_A_2020287212130_O10410_03_T10517_02_002_02_V002,0,0,13001,13293,0,3446,13001,2020
LARSE/GEDI/GEDI04_A_002/GEDI04_A_2020291194724_O10471_03_T09094_02_002_02_V002,449,449,2850,2960,449,449,2850,2020
LARSE/GEDI/GEDI04_A_002/GEDI04_A_2020287133705_O10405_02_T06396_02_002_02_V002,10628,10628,63078,89975,10628,11038,63078,2020
LARSE/GEDI/GEDI04_A_002/GEDI04_A_2020294111536_O10512_02_T05876_02_002_02_V002,203,203,6329,6342,203,203,6329,2020
LARSE/GEDI/GEDI04_A_002/GEDI04_A_2020294190001_O10517_03_T09997_02_002_02_V002,0,0,0,0,0,0,0,2020
LARSE/GEDI/GEDI04_A_002/GEDI04_A_2020291120259_O10466_02_T07972_02_002_02_V002,11975,11975,87828,90029,11975,12062,87828,2020
LARSE/GEDI/GEDI04_A_002/GEDI04_A_2020292190038_O10486_03_T08497_02_002_02_V002,5364,5364,51196,61758,5364,5396,51196,2020
LARSE/GEDI/GEDI04_A_002/GEDI04_A_2020297102813_O10558_02_T09472_02_002_02_V002,0,0,0,0,0,0,0,2020
LARSE/GEDI/GEDI04_A_002/GEDI04_A_2020295181316_O10532_03_T06401_02_002_02_V002,257,257,2372,9218,257,257,2372,2020
LARSE/GEDI/GEDI04_A_002/GEDI04_A_2020297163945_O10562_03_T09323_02_002_02_V002,0,0,0,0,0,0,0,2020
LARSE/GEDI/GEDI04_A_002/GEDI04_A_2020298094127_O10573_02_T07452_02_002_02_V002,4,4,1735,9250,4,4,1735,2020
LARSE/GEDI/GEDI04_A_002/GEDI04_A_2020296172630_O10547_03_T10073_02_002_02_V002,2739,2739,35807,60519,2739,2739,35807,2020
LARSE/GEDI/GEDI04_A_002/GEDI04_A_2020300080755_O10603_04_T06105_02_002_02_V002,0,0,0,0,0,0,0,2020
LARSE/GEDI/GEDI04_A_002/GEDI04_A_2020295102851_O10527_02_T09395_02_002_02_V002,170,170,12815,89085,170,170,12815,2020
LARSE/GEDI/GEDI04_A_002/GEDI04_A_2020298172552_O10578_03_T08574_02_002_02_V002,0,0,0,0,0,0,0,2020
LARSE/GEDI/GEDI04_A_002/GEDI04_A_2020301085401_O10619_02_T06779_02_002_02_V002,0,0,0,0,0,0,0,2020
LARSE/GEDI/GEDI04_A_002/GEDI04_A_2020299163906_O10593_03_T07977_02_002_02_V002,45,45,3097,13526,45,45,3097,2020
LARSE/GEDI/GEDI04_A_002/GEDI04_A_2020301150533_O10623_03_T08053_02_002_02_V002,0,0,0,0,0,0,0,2020
LARSE/GEDI/GEDI04_A_002/GEDI04_A_2020300080755_O10603_02_T06105_02_002_02_V002,0,0,0,0,0,0,0,2020
LARSE/GEDI/GEDI04_A_002/GEDI04_A_2020302080714_O10634_02_T10451_02_002_02_V002,0,0,0,12344,0,0,0,2020
LARSE/GEDI/GEDI04_A_002/GEDI04_A_2020300155219_O10608_03_T08650_02_002_02_V002,2,2,6608,58419,2,2,6608,2020
LARSE/GEDI/GEDI04_A_002/GEDI04_A_2020302155138_O10639_03_T08727_02_002_02_V002,0,0,0,0,0,0,0,2020
LARSE/GEDI/GEDI04_A_002/GEDI04_A_2020304063339_O10664_02_T08951_02_002_02_V002,0,0,0,0,0,0,0,2020
LARSE/GEDI/GEDI04_A_002/GEDI04_A_2020305071945_O10680_02_T09625_02_002_02_V002,0,0,0,0,0,0,0,2020
LARSE/GEDI/GEDI04_A_002/GEDI04_A_2020305133116_O10684_03_T06630_02_002_02_V002,0,0,0,0,0,0,0,2020
LARSE/GEDI/GEDI04_A_002/GEDI04_A_2020306141721_O10700_03_T06187_02_002_02_V002,0,0,0,0,0,0,0,2020
LARSE/GEDI/GEDI04_A_002/GEDI04_A_2020303072026_O10649_02_T06855_02_002_02_V002,11,11,6893,85401,11,115,6893,2020
LARSE/GEDI/GEDI04_A_002/GEDI04_A_2020303150451_O10654_03_T09400_02_002_02_V002,30,30,2214,16905,30,246,2214,2020
LARSE/GEDI/GEDI04_A_002/GEDI04_A_2020308045920_O10725_02_T09257_02_002_02_V002,0,0,0,0,0,0,0,2020
LARSE/GEDI/GEDI04_A_002/GEDI04_A_2020309054524_O10741_02_T09931_02_002_02_V002,0,0,0,0,0,0,0,2020
LARSE/GEDI/GEDI04_A_002/GEDI04_A_2020309115655_O10745_03_T06936_02_002_02_V002,0,0,0,0,0,0,0,2020
LARSE/GEDI/GEDI04_A_002/GEDI04_A_2020306063257_O10695_02_T10757_02_002_02_V002,0,0,2430,19800,0,1,2430,2020
LARSE/GEDI/GEDI04_A_002/GEDI04_A_2020307133033_O10715_03_T09706_02_002_02_V002,0,0,26099,26434,0,2543,26099,2020
LARSE/GEDI/GEDI04_A_002/GEDI04_A_2020304141804_O10669_03_T07380_02_002_02_V002,2233,2233,55396,57282,2233,2786,55396,2020
LARSE/GEDI/GEDI04_A_002/GEDI04_A_2020299085441_O10588_02_T09548_02_002_02_V002,818,818,14070,87075,818,849,14070,2020
LARSE/GEDI/GEDI04_A_002/GEDI04_A_2020308124344_O10730_03_T07686_02_002_02_V002,0,0,52316,54629,0,1902,52316,2020
LARSE/GEDI/GEDI04_A_002/GEDI04_A_2020307054609_O10710_02_T05738_02_002_02_V002,3580,3580,79865,81358,3580,7760,79865,2020
LARSE/GEDI/GEDI04_A_002/GEDI04_A_2020312032456_O10786_02_T10833_02_002_02_V002,0,0,0,0,0,0,0,2020
LARSE/GEDI/GEDI04_A_002/GEDI04_A_2020310124258_O10761_03_T09033_02_002_02_V002,0,0,0,0,0,0,0,2020
LARSE/GEDI/GEDI04_A_002/GEDI04_A_2020313041100_O10802_02_T07238_02_002_02_V002,0,0,0,0,0,0,0,2020
LARSE/GEDI/GEDI04_A_002/GEDI04_A_2020313102230_O10806_03_T11358_02_002_02_V002,0,0,0,0,0,0,0,2020
LARSE/GEDI/GEDI04_A_002/GEDI04_A_2020314110833_O10822_03_T07763_02_002_02_V002,0,0,0,0,0,0,0,2020
LARSE/GEDI/GEDI04_A_002/GEDI04_A_2020312110920_O10791_03_T06263_02_002_02_V002,0,0,25802,54368,0,907,25802,2020
LARSE/GEDI/GEDI04_A_002/GEDI04_A_2020310045835_O10756_02_T07911_02_002_02_V002,38,38,20727,20776,38,222,20727,2020
LARSE/GEDI/GEDI04_A_002/GEDI04_A_2020314032410_O10817_02_T09334_02_002_02_V002,5,5,21873,22695,5,83,21873,2020
LARSE/GEDI/GEDI04_A_002/GEDI04_A_2020317023632_O10863_02_T07391_02_002_02_V002,0,0,0,0,0,0,0,2020
LARSE/GEDI/GEDI04_A_002/GEDI04_A_2020311115609_O10776_03_T11282_02_002_02_V002,0,0,18547,27503,0,2465,18547,2020
LARSE/GEDI/GEDI04_A_002/GEDI04_A_2020317084802_O10867_03_T07242_02_002_02_V002,0,0,0,0,0,0,0,2020
LARSE/GEDI/GEDI04_A_002/GEDI04_A_2020318093417_O10883_03_T07916_02_002_02_V002,0,0,0,0,0,0,0,2020
LARSE/GEDI/GEDI04_A_002/GEDI04_A_2020315023720_O10832_02_T05891_02_002_02_V002,1355,1355,42246,79349,1355,1518,42246,2020
LARSE/GEDI/GEDI04_A_002/GEDI04_A_2020316093453_O10852_03_T06416_02_002_02_V002,0,0,2426,53229,0,5,2426,2020
LARSE/GEDI/GEDI04_A_002/GEDI04_A_2020311041146_O10771_02_T08584_02_002_02_V002,0,0,74047,82485,0,2651,74047,2020
LARSE/GEDI/GEDI04_A_002/GEDI04_A_2020318014947_O10878_02_T11063_02_002_02_V002,0,0,10880,27624,0,2,10880,2020
LARSE/GEDI/GEDI04_A_002/GEDI04_A_2020323224339_O10969_02_T09410_02_002_02_V002,0,0,0,0,0,0,0,2020
LARSE/GEDI/GEDI04_A_002/GEDI04_A_2020320080118_O10913_03_T09262_02_002_02_V002,786,786,18870,52808,786,885,18870,2020
LARSE/GEDI/GEDI04_A_002/GEDI04_A_2020323071439_O10959_03_T07166_02_002_02_V002,2788,2788,32625,32797,2788,2953,32625,2020
LARSE/GEDI/GEDI04_A_002/GEDI04_A_2020324233002_O10985_02_T10237_02_002_02_V002,0,0,0,0,0,0,0,2020
LARSE/GEDI/GEDI04_A_002/GEDI04_A_2020319084747_O10898_03_T05743_02_002_02_V002,2195,2195,33286,33432,2195,2756,33286,2020
LARSE/GEDI/GEDI04_A_002/GEDI04_A_2020326062804_O11005_03_T09186_02_002_02_V002,0,0,0,0,0,0,0,2020
LARSE/GEDI/GEDI04_A_002/GEDI04_A_2020315102144_O10837_03_T10012_02_002_02_V002,0,0,339,31857,0,1,339,2020
LARSE/GEDI/GEDI04_A_002/GEDI04_A_2020319010317_O10893_02_T10313_02_002_02_V002,6225,6225,75065,78309,6225,10839,75065,2020
LARSE/GEDI/GEDI04_A_002/GEDI04_A_2020322233010_O10954_02_T08737_02_002_02_V002,303,303,77527,78869,303,10371,77527,2020
LARSE/GEDI/GEDI04_A_002/GEDI04_A_2020325054140_O10989_03_T09935_02_002_02_V002,0,0,0,0,0,0,0,2020
LARSE/GEDI/GEDI04_A_002/GEDI04_A_2020324062809_O10974_03_T07839_02_002_02_V002,1590,1590,52279,53680,1590,1998,52279,2020
LARSE/GEDI/GEDI04_A_002/GEDI04_A_2020327211035_O11030_02_T06564_02_002_02_V002,0,0,0,0,0,0,0,2020
LARSE/GEDI/GEDI04_A_002/GEDI04_A_2020328215659_O11046_02_T08661_02_002_02_V002,0,0,0,0,0,0,0,2020
LARSE/GEDI/GEDI04_A_002/GEDI04_A_2020327054135_O11020_03_T09859_02_002_02_V002,1565,1565,23269,30631,1565,2001,23269,2020
LARSE/GEDI/GEDI04_A_002/GEDI04_A_2020329040834_O11050_03_T07089_02_002_02_V002,0,0,0,0,0,0,0,2020
LARSE/GEDI/GEDI04_A_002/GEDI04_A_2020325224334_O11000_02_T08064_02_002_02_V002,40,40,24547,24670,40,60,24547,2020
LARSE/GEDI/GEDI04_A_002/GEDI04_A_2020330045455_O11066_03_T06340_02_002_02_V002,0,0,0,0,0,0,0,2020
LARSE/GEDI/GEDI04_A_002/GEDI04_A_2020331193722_O11091_02_T07987_02_002_02_V002,0,0,0,0,0,0,0,2020
LARSE/GEDI/GEDI04_A_002/GEDI04_A_2020332202343_O11107_02_T05815_02_002_02_V002,0,0,0,0,0,0,0,2020
LARSE/GEDI/GEDI04_A_002/GEDI04_A_2020333023519_O11111_03_T08512_02_002_02_V002,0,0,0,0,0,0,0,2020
LARSE/GEDI/GEDI04_A_002/GEDI04_A_2020331040823_O11081_03_T07013_02_002_02_V002,824,824,12715,29411,824,946,12715,2020
LARSE/GEDI/GEDI04_A_002/GEDI04_A_2020326215705_O11015_02_T07314_02_002_02_V002,8189,8189,77554,79791,8189,8742,77554,2020
LARSE/GEDI/GEDI04_A_002/GEDI04_A_2020329211028_O11061_02_T10910_02_002_02_V002,0,0,22886,23142,0,34,22886,2020
LARSE/GEDI/GEDI04_A_002/GEDI04_A_2020328045505_O11035_03_T10685_02_002_02_V002,275,275,27304,54712,275,318,27304,2020
LARSE/GEDI/GEDI04_A_002/GEDI04_A_2020333193711_O11122_02_T06488_02_002_02_V002,30,30,15921,21755,30,34,15921,2020
LARSE/GEDI/GEDI04_A_002/GEDI04_A_2020334032140_O11127_03_T10609_02_002_02_V002,0,0,0,0,0,0,0,2020
LARSE/GEDI/GEDI04_A_002/GEDI04_A_2020336185022_O11168_02_T10084_02_002_02_V002,0,0,0,0,0,0,0,2020
LARSE/GEDI/GEDI04_A_002/GEDI04_A_2020332032151_O11096_03_T09109_02_002_02_V002,807,807,45050,54164,807,943,45050,2020
LARSE/GEDI/GEDI04_A_002/GEDI04_A_2020337010155_O11172_03_T09782_02_002_02_V002,0,0,0,0,0,0,0,2020
LARSE/GEDI/GEDI04_A_002/GEDI04_A_2020330202354_O11076_02_T10160_02_002_02_V002,3904,3904,47322,80352,3904,5166,47322,2020
LARSE/GEDI/GEDI04_A_002/GEDI04_A_2020334185039_O11137_02_T07467_02_002_02_V002,0,0,0,77771,0,0,0,2020
LARSE/GEDI/GEDI04_A_002/GEDI04_A_2020335023508_O11142_03_T08436_02_002_02_V002,0,0,0,28489,0,0,0,2020
LARSE/GEDI/GEDI04_A_002/GEDI04_A_2020340171650_O11229_02_T08814_02_002_02_V002,0,0,0,0,0,0,0,2020
LARSE/GEDI/GEDI04_A_002/GEDI04_A_2020336014831_O11157_03_T10838_02_002_02_V002,912,912,32263,52813,912,1097,32263,2020
LARSE/GEDI/GEDI04_A_002/GEDI04_A_2020338014813_O11188_03_T06493_02_002_02_V002,0,0,0,0,0,0,0,2020
LARSE/GEDI/GEDI04_A_002/GEDI04_A_2020337180345_O11183_02_T09487_02_002_02_V002,234,234,26475,26623,234,299,26475,2020
LARSE/GEDI/GEDI04_A_002/GEDI04_A_2020342001440_O11249_03_T06340_02_002_02_V002,0,0,0,0,0,0,0,2020
LARSE/GEDI/GEDI04_A_002/GEDI04_A_2020340232824_O11233_03_T08512_02_002_02_V002,0,0,0,0,0,0,0,2020
LARSE/GEDI/GEDI04_A_002/GEDI04_A_2020341163013_O11244_02_T09334_02_002_02_V002,69,69,22598,22731,69,69,22598,2020
LARSE/GEDI/GEDI04_A_002/GEDI04_A_2020339010136_O11203_03_T08589_02_002_02_V002,1406,1406,25577,34096,1406,1407,25577,2020
LARSE/GEDI/GEDI04_A_002/GEDI04_A_2020340001500_O11218_03_T09109_02_002_02_V002,67,67,8480,54262,67,67,8480,2020
LARSE/GEDI/GEDI04_A_002/GEDI04_A_2020344215449_O11294_03_T11358_02_002_02_V002,0,0,0,0,0,0,0,2020
LARSE/GEDI/GEDI04_A_002/GEDI04_A_2020344154315_O11290_02_T10390_02_002_02_V002,0,0,0,0,0,0,0,2020
LARSE/GEDI/GEDI04_A_002/GEDI04_A_2020343224127_O11279_03_T10685_02_002_02_V002,1878,1878,52711,53988,1878,2017,52711,2020
LARSE/GEDI/GEDI04_A_002/GEDI04_A_2020338171709_O11198_02_T06044_02_002_02_V002,347,347,38830,77389,347,395,38830,2020
LARSE/GEDI/GEDI04_A_002/GEDI04_A_2020345224105_O11310_03_T09339_02_002_02_V002,0,0,0,0,0,0,0,2020
LARSE/GEDI/GEDI04_A_002/GEDI04_A_2020345145638_O11305_02_T08217_02_002_02_V002,199,199,28318,28631,199,199,28318,2020
LARSE/GEDI/GEDI04_A_002/GEDI04_A_2020348140937_O11351_02_T07544_02_002_02_V002,0,0,0,0,0,0,0,2020
LARSE/GEDI/GEDI04_A_002/GEDI04_A_2020349210725_O11371_03_T10915_02_002_02_V002,0,0,0,0,0,0,0,2020
LARSE/GEDI/GEDI04_A_002/GEDI04_A_2020346140959_O11320_02_T08890_02_002_02_V002,10673,10673,62257,76856,10673,10692,62257,2020
LARSE/GEDI/GEDI04_A_002/GEDI04_A_2020349132258_O11366_02_T02525_02_002_02_V002,35,35,3532,27147,35,35,3532,2020
LARSE/GEDI/GEDI04_A_002/GEDI04_A_2020346215427_O11325_03_T07166_02_002_02_V002,2198,2198,29206,32833,2198,2198,29206,2020
LARSE/GEDI/GEDI04_A_002/GEDI04_A_2020342232803_O11264_03_T10165_02_002_02_V002,3855,3855,34488,34633,3855,3923,34488,2020
LARSE/GEDI/GEDI04_A_002/GEDI04_A_2020352123557_O11412_02_T06121_02_002_02_V002,0,0,0,0,0,0,0,2020
LARSE/GEDI/GEDI04_A_002/GEDI04_A_2020353193345_O11432_03_T08069_02_002_02_V002,0,0,0,0,0,0,0,2020
LARSE/GEDI/GEDI04_A_002/GEDI04_A_2020347210749_O11340_03_T07992_02_002_02_V002,460,460,26856,52723,460,540,26856,2020
LARSE/GEDI/GEDI04_A_002/GEDI04_A_2020351193409_O11401_03_T06569_02_002_02_V002,0,0,27,52464,0,0,27,2020
LARSE/GEDI/GEDI04_A_002/GEDI04_A_2020356110214_O11473_02_T08967_02_002_02_V002,0,0,0,0,0,0,0,2020
LARSE/GEDI/GEDI04_A_002/GEDI04_A_2020353114918_O11427_02_T06794_02_002_02_V002,27,27,29385,29559,27,33,29385,2020
LARSE/GEDI/GEDI04_A_002/GEDI04_A_2020350202049_O11386_03_T07319_02_002_02_V002,2,2,8123,36140,2,2,8123,2020
LARSE/GEDI/GEDI04_A_002/GEDI04_A_2020357180001_O11493_03_T06646_02_002_02_V002,0,0,0,0,0,0,0,2020
LARSE/GEDI/GEDI04_A_002/GEDI04_A_2020350123622_O11381_02_T10466_02_002_02_V002,651,651,9715,76471,651,651,9715,2020
LARSE/GEDI/GEDI04_A_002/GEDI04_A_2020357101534_O11488_02_T09640_02_002_02_V002,121,121,30490,30638,121,121,30490,2020
LARSE/GEDI/GEDI04_A_002/GEDI04_A_2020354184706_O11447_03_T05896_02_002_02_V002,3006,3006,35959,38068,3006,3025,35959,2020
LARSE/GEDI/GEDI04_A_002/GEDI04_A_2020355180027_O11462_03_T09415_02_002_02_V002,180,180,10535,52210,180,180,10535,2020
LARSE/GEDI/GEDI04_A_002/GEDI04_A_2020358092854_O11503_02_T06197_02_002_02_V002,12351,12351,73329,75369,12351,12605,73329,2020
LARSE/GEDI/GEDI04_A_002/GEDI04_A_2020358171321_O11508_03_T08742_02_002_02_V002,4263,4263,31450,39355,4263,4263,31450,2020
LARSE/GEDI/GEDI04_A_002/GEDI04_A_2020361162612_O11554_03_T09492_02_002_02_V002,0,0,0,0,0,0,0,2020
LARSE/GEDI/GEDI04_A_002/GEDI04_A_2020364075437_O11595_02_T07697_02_002_02_V002,0,0,0,0,0,0,0,2020
LARSE/GEDI/GEDI04_A_002/GEDI04_A_2020359162641_O11523_03_T10991_02_002_02_V002,0,0,0,51981,0,0,0,2020
LARSE/GEDI/GEDI04_A_002/GEDI04_A_2020361084146_O11549_02_T11216_02_002_02_V002,332,332,31490,31666,332,332,31490,2020
LARSE/GEDI/GEDI04_A_002/GEDI04_A_2020365145223_O11615_03_T11068_02_002_02_V002,0,0,0,0,0,0,0,2020
LARSE/GEDI/GEDI04_A_002/GEDI04_A_2020365070757_O11610_02_T08370_02_002_02_V002,222,222,16308,32690,222,222,16308,2020
LARSE/GEDI/GEDI04_A_002/GEDI04_A_2020363145249_O11584_03_T08145_02_002_02_V002,2268,2268,46328,51691,2268,2333,46328,2020
LARSE/GEDI/GEDI04_A_002/GEDI04_A_2020360092827_O11534_02_T10543_02_002_02_V002,0,0,0,0,0,0,0,2020
LARSE/GEDI/GEDI04_A_002/GEDI04_A_2020366062116_O11625_02_T10619_02_002_02_V002,382,382,37684,74424,382,6537,37684,2020
LARSE/GEDI/GEDI04_A_002/GEDI04_A_2020362153931_O11569_03_T10318_02_002_02_V002,6032,6032,40777,41152,6032,6121,40777,2020
LARSE/GEDI/GEDI04_A_002/GEDI04_A_2020366140542_O11630_03_T07472_02_002_02_V002,0,0,104,43781,0,0,104,2020
LARSE/GEDI/GEDI04_A_002/GEDI04_A_2020354110239_O11442_02_T07620_02_002_02_V002,12369,12369,74691,75861,12369,13205,74691,2020
LARSE/GEDI/GEDI04_A_002/GEDI04_A_2020362075505_O11564_02_T09043_02_002_02_V002,12840,12840,72843,74924,12840,14440,72843,2020
LARSE/GEDI/GEDI04_A_002/GEDI04_A_2021002062045_O11656_02_T06274_02_002_02_V002,0,0,0,0,0,0,0,2021
LARSE/GEDI/GEDI04_A_002/GEDI04_A_2021001131900_O11645_03_T06722_02_002_02_V002,6,6,2182,51450,6,6,2182,2021
LARSE/GEDI/GEDI04_A_002/GEDI04_A_2021005114505_O11706_03_T11144_02_002_02_V002,5,5,4649,50326,5,151,4649,2021
LARSE/GEDI/GEDI04_A_002/GEDI04_A_2021004044719_O11686_02_T07773_02_002_02_V002,8136,8136,64685,73888,8136,15915,64685,2021
LARSE/GEDI/GEDI04_A_002/GEDI04_A_2021007040009_O11732_02_T11369_02_002_02_V002,15,15,20973,35712,15,18,20973,2021
LARSE/GEDI/GEDI04_A_002/GEDI04_A_2021010031254_O11778_02_T10696_02_002_02_V002,0,0,0,0,0,0,0,2021
LARSE/GEDI/GEDI04_A_002/GEDI04_A_2021004123145_O11691_03_T06049_02_002_02_V002,4884,4884,45102,45535,4884,6326,45102,2021
LARSE/GEDI/GEDI04_A_002/GEDI04_A_2021007114435_O11737_03_T06799_02_002_02_V002,0,0,0,0,0,0,0,2021
LARSE/GEDI/GEDI04_A_002/GEDI04_A_2021008105752_O11752_03_T10471_02_002_02_V002,0,0,10539,49186,0,0,10539,2021
LARSE/GEDI/GEDI04_A_002/GEDI04_A_2021003053402_O11671_02_T06947_02_002_02_V002,416,416,26742,33644,416,512,26742,2021
LARSE/GEDI/GEDI04_A_002/GEDI04_A_2021009101109_O11767_03_T01336_02_002_02_V002,317,317,23031,47645,317,505,23031,2021
LARSE/GEDI/GEDI04_A_002/GEDI04_A_2021008031326_O11747_02_T06350_02_002_02_V002,1251,1251,8202,73355,1251,2638,8202,2021
LARSE/GEDI/GEDI04_A_002/GEDI04_A_2021011101037_O11798_03_T11221_02_002_02_V002,0,0,0,0,0,0,0,2021
LARSE/GEDI/GEDI04_A_002/GEDI04_A_2021013083709_O11828_03_T11297_02_002_02_V002,1553,1553,41444,48681,1553,2024,41444,2021
LARSE/GEDI/GEDI04_A_002/GEDI04_A_2021014013853_O11839_02_T09273_02_002_02_V002,0,0,0,0,0,0,0,2021
LARSE/GEDI/GEDI04_A_002/GEDI04_A_2021015083633_O11859_03_T09798_02_002_02_V002,0,0,0,0,0,0,0,2021
LARSE/GEDI/GEDI04_A_002/GEDI04_A_2021011022611_O11793_02_T07100_02_002_02_V002,25,25,2016,37756,25,28,2016,2021
LARSE/GEDI/GEDI04_A_002/GEDI04_A_2021003131828_O11676_03_T08222_02_002_02_V002,0,0,0,0,0,0,0,2021
LARSE/GEDI/GEDI04_A_002/GEDI04_A_2021018000447_O11900_02_T00888_02_002_02_V002,0,0,0,0,0,0,0,2021
LARSE/GEDI/GEDI04_A_002/GEDI04_A_2021012013926_O11808_02_T10772_02_002_02_V002,585,585,5698,72293,585,643,5698,2021
LARSE/GEDI/GEDI04_A_002/GEDI04_A_2021015005208_O11854_02_T07253_02_002_02_V002,2430,2430,41059,42156,2430,2430,41059,2021
LARSE/GEDI/GEDI04_A_002/GEDI04_A_2021019070229_O11920_03_T08528_02_002_02_V002,0,0,0,0,0,0,0,2021
LARSE/GEDI/GEDI04_A_002/GEDI04_A_2021017070304_O11889_03_T09874_02_002_02_V002,2687,2687,45262,46895,2687,2840,45262,2021
LARSE/GEDI/GEDI04_A_002/GEDI04_A_2021018231802_O11915_02_T10252_02_002_02_V002,2864,2864,46498,47094,2864,2980,46498,2021
LARSE/GEDI/GEDI04_A_002/GEDI04_A_2021021223049_O11961_02_T05310_02_002_02_V002,0,0,0,0,0,0,0,2021
LARSE/GEDI/GEDI04_A_002/GEDI04_A_2021016074949_O11874_03_T07778_02_002_02_V002,10698,10698,59980,60168,10698,11055,59980,2021
LARSE/GEDI/GEDI04_A_002/GEDI04_A_2021020061545_O11935_03_T09201_02_002_02_V002,8817,8817,41008,60921,8817,9501,41008,2021
LARSE/GEDI/GEDI04_A_002/GEDI04_A_2021019223119_O11930_02_T08079_02_002_02_V002,4178,4178,14224,21705,4178,5207,14224,2021
LARSE/GEDI/GEDI04_A_002/GEDI04_A_2021023052900_O11981_03_T07105_02_002_02_V002,0,0,0,0,0,0,0,2021
LARSE/GEDI/GEDI04_A_002/GEDI04_A_2021016000524_O11869_02_T09349_02_002_02_V002,5634,5634,19662,43370,5634,5932,19662,2021
LARSE/GEDI/GEDI04_A_002/GEDI04_A_2021021052900_O11950_03_T07181_02_002_02_V002,80,80,4970,45630,80,80,4970,2021
LARSE/GEDI/GEDI04_A_002/GEDI04_A_2021027035627_O12042_03_T06952_02_002_02_V002,0,0,0,0,0,0,0,2021
LARSE/GEDI/GEDI04_A_002/GEDI04_A_2021025205815_O12022_02_T08003_02_002_02_V002,0,0,0,0,0,0,0,2021
LARSE/GEDI/GEDI04_A_002/GEDI04_A_2021023205805_O11991_02_T10925_02_002_02_V002,2295,2295,16852,37213,2295,3380,16852,2021
LARSE/GEDI/GEDI04_A_002/GEDI04_A_2021022214427_O11976_02_T07406_02_002_02_V002,288,288,29851,48669,288,305,29851,2021
LARSE/GEDI/GEDI04_A_002/GEDI04_A_2021029192538_O12083_02_T06427_02_002_02_V002,0,0,0,0,0,0,0,2021
LARSE/GEDI/GEDI04_A_002/GEDI04_A_2021026201154_O12037_02_T05830_02_002_02_V002,0,0,4574,43534,0,41,4574,2021
LARSE/GEDI/GEDI04_A_002/GEDI04_A_2021025035616_O12011_03_T07028_02_002_02_V002,0,0,1055,47504,0,0,1055,2021
LARSE/GEDI/GEDI04_A_002/GEDI04_A_2021027192532_O12052_02_T06503_02_002_02_V002,0,0,122,41865,0,0,122,2021
LARSE/GEDI/GEDI04_A_002/GEDI04_A_2021033175253_O12144_02_T07850_02_002_02_V002,0,0,0,0,0,0,0,2021
LARSE/GEDI/GEDI04_A_002/GEDI04_A_2021024044238_O11996_03_T06355_02_002_02_V002,472,472,15191,60629,472,516,15191,2021
LARSE/GEDI/GEDI04_A_002/GEDI04_A_2021029022339_O12072_03_T09721_02_002_02_V002,1883,1883,47017,48314,1883,2492,47017,2021
LARSE/GEDI/GEDI04_A_002/GEDI04_A_2021035005101_O12164_03_T08375_02_002_02_V002,0,0,0,0,0,0,0,2021
LARSE/GEDI/GEDI04_A_002/GEDI04_A_2021037162008_O12205_02_T04851_02_002_02_V002,0,0,0,0,0,0,0,2021
LARSE/GEDI/GEDI04_A_002/GEDI04_A_2021028031004_O12057_03_T09048_02_002_02_V002,2518,2518,43805,52258,2518,5815,43805,2021
LARSE/GEDI/GEDI04_A_002/GEDI04_A_2021038231814_O12225_03_T09492_02_002_02_V002,0,0,0,0,0,0,0,2021
LARSE/GEDI/GEDI04_A_002/GEDI04_A_2021034170629_O12159_02_T08523_02_002_02_V002,1002,1002,36609,36759,1002,1002,36609,2021
LARSE/GEDI/GEDI04_A_002/GEDI04_A_2021036000436_O12179_03_T08895_02_002_02_V002,0,0,395,47420,0,0,395,2021
LARSE/GEDI/GEDI04_A_002/GEDI04_A_2021041144724_O12266_02_T06121_02_002_02_V002,0,0,0,0,0,0,0,2021
LARSE/GEDI/GEDI04_A_002/GEDI04_A_2021033005056_O12133_03_T06875_02_002_02_V002,77,77,8520,50265,77,77,8520,2021
LARSE/GEDI/GEDI04_A_002/GEDI04_A_2021036231811_O12194_03_T09568_02_002_02_V002,0,0,5282,50826,0,0,5282,2021
LARSE/GEDI/GEDI04_A_002/GEDI04_A_2021039223149_O12240_03_T08742_02_002_02_V002,1229,1229,21650,39340,1229,1229,21650,2021
LARSE/GEDI/GEDI04_A_002/GEDI04_A_2021038153343_O12220_02_T09793_02_002_02_V002,155,155,21954,34704,155,155,21954,2021
LARSE/GEDI/GEDI04_A_002/GEDI04_A_2021042214530_O12286_03_T05223_02_002_02_V002,0,0,0,0,0,0,0,2021
LARSE/GEDI/GEDI04_A_002/GEDI04_A_2021045131432_O12327_02_T10390_02_002_02_V002,0,0,0,0,0,0,0,2021
LARSE/GEDI/GEDI04_A_002/GEDI04_A_2021049114141_O12388_02_T05968_02_002_02_V002,0,0,0,0,0,0,0,2021
LARSE/GEDI/GEDI04_A_002/GEDI04_A_2021039144717_O12235_02_T06197_02_002_02_V002,11266,11266,72874,75343,11266,11350,72874,2021
LARSE/GEDI/GEDI04_A_002/GEDI04_A_2021042140058_O12281_02_T09640_02_002_02_V002,0,0,0,30655,0,0,0,2021
LARSE/GEDI/GEDI04_A_002/GEDI04_A_2021043131430_O12296_02_T10466_02_002_02_V002,25,25,1224,76405,25,25,1224,2021
LARSE/GEDI/GEDI04_A_002/GEDI04_A_2021043205902_O12301_03_T05896_02_002_02_V002,1,1,1439,38171,1,1,1439,2021
LARSE/GEDI/GEDI04_A_002/GEDI04_A_2021050183945_O12408_03_T07916_02_002_02_V002,0,0,0,0,0,0,0,2021
LARSE/GEDI/GEDI04_A_002/GEDI04_A_2021053162023_O12453_03_T09935_02_002_02_V002,0,0,0,0,0,0,0,2021
LARSE/GEDI/GEDI04_A_002/GEDI04_A_2021050105514_O12403_02_T09487_02_002_02_V002,0,0,4399,26625,0,0,4399,2021
LARSE/GEDI/GEDI04_A_002/GEDI04_A_2021048183945_O12377_03_T10838_02_002_02_V002,650,650,23538,52810,650,650,23538,2021
LARSE/GEDI/GEDI04_A_002/GEDI04_A_2021044201236_O12316_03_T06569_02_002_02_V002,0,0,28,52456,0,0,28,2021
LARSE/GEDI/GEDI04_A_002/GEDI04_A_2021051175317_O12423_03_T05743_02_002_02_V002,2030,2030,32717,33470,2030,2396,32717,2021
LARSE/GEDI/GEDI04_A_002/GEDI04_A_2021054170649_O12469_03_T09186_02_002_02_V002,0,0,0,0,0,0,0,2021
LARSE/GEDI/GEDI04_A_002/GEDI04_A_2021056074922_O12494_02_T09410_02_002_02_V002,0,0,0,0,0,0,0,2021
LARSE/GEDI/GEDI04_A_002/GEDI04_A_2021054092218_O12464_02_T08064_02_002_02_V002,60,60,24449,24679,60,60,24449,2021
LARSE/GEDI/GEDI04_A_002/GEDI04_A_2021051100846_O12418_02_T10313_02_002_02_V002,9367,9367,69496,78298,9367,9539,69496,2021
LARSE/GEDI/GEDI04_A_002/GEDI04_A_2021057144722_O12514_03_T07089_02_002_02_V002,0,0,0,0,0,0,0,2021
LARSE/GEDI/GEDI04_A_002/GEDI04_A_2021057083546_O12510_02_T08661_02_002_02_V002,0,0,0,0,0,0,0,2021
LARSE/GEDI/GEDI04_A_002/GEDI04_A_2021055162021_O12484_03_T10012_02_002_02_V002,2678,2678,30218,31895,2678,2999,30218,2021
LARSE/GEDI/GEDI04_A_002/GEDI04_A_2021052170650_O12438_03_T06416_02_002_02_V002,1079,1079,50804,53311,1079,1594,50804,2021
LARSE/GEDI/GEDI04_A_002/GEDI04_A_2021055083550_O12479_02_T08737_02_002_02_V002,6679,6679,77397,78842,6679,9518,77397,2021
LARSE/GEDI/GEDI04_A_002/GEDI04_A_2021058153347_O12530_03_T07763_02_002_02_V002,0,0,0,0,0,0,0,2021
LARSE/GEDI/GEDI04_A_002/GEDI04_A_2021059144717_O12545_03_T07013_02_002_02_V002,10,10,11961,29448,10,10,11961,2021
LARSE/GEDI/GEDI04_A_002/GEDI04_A_2021056153353_O12499_03_T07839_02_002_02_V002,1500,1500,48423,53736,1500,1610,48423,2021
LARSE/GEDI/GEDI04_A_002/GEDI04_A_2021058074916_O12525_02_T10910_02_002_02_V002,0,0,246,23707,0,0,246,2021
LARSE/GEDI/GEDI04_A_002/GEDI04_A_2021060061617_O12555_02_T06564_02_002_02_V002,0,0,0,0,0,0,0,2021
LARSE/GEDI/GEDI04_A_002/GEDI04_A_2021061070242_O12571_02_T07238_02_002_02_V002,0,0,0,0,0,0,0,2021
LARSE/GEDI/GEDI04_A_002/GEDI04_A_2021064044312_O12616_02_T07987_02_002_02_V002,0,0,0,0,0,0,0,2021
LARSE/GEDI/GEDI04_A_002/GEDI04_A_2021060140046_O12560_03_T06263_02_002_02_V002,52,52,11628,54429,52,54,11628,2021
LARSE/GEDI/GEDI04_A_002/GEDI04_A_2021062061614_O12586_02_T06488_02_002_02_V002,0,0,3870,21765,0,5,3870,2021
LARSE/GEDI/GEDI04_A_002/GEDI04_A_2021065052935_O12632_02_T10084_02_002_02_V002,0,0,0,0,0,0,0,2021
LARSE/GEDI/GEDI04_A_002/GEDI04_A_2021061131418_O12575_03_T09782_02_002_02_V002,0,0,0,0,0,0,0,2021
LARSE/GEDI/GEDI04_A_002/GEDI04_A_2021062140044_O12591_03_T10609_02_002_02_V002,0,0,0,0,0,0,0,2021
LARSE/GEDI/GEDI04_A_002/GEDI04_A_2021065114111_O12636_03_T06936_02_002_02_V002,0,0,0,0,0,0,0,2021
LARSE/GEDI/GEDI04_A_002/GEDI04_A_2021064122742_O12621_03_T07686_02_002_02_V002,1126,1126,52716,54694,1126,1854,52716,2021
LARSE/GEDI/GEDI04_A_002/GEDI04_A_2021066122734_O12652_03_T09033_02_002_02_V002,0,0,0,0,0,0,0,2021
LARSE/GEDI/GEDI04_A_002/GEDI04_A_2021068031003_O12677_02_T10833_02_002_02_V002,0,0,0,0,0,0,0,2021
LARSE/GEDI/GEDI04_A_002/GEDI04_A_2021063131414_O12606_03_T08436_02_002_02_V002,1313,1313,28107,28449,1313,2255,28107,2021
LARSE/GEDI/GEDI04_A_002/GEDI04_A_2021066044304_O12647_02_T07911_02_002_02_V002,190,190,20741,20777,190,197,20741,2021
LARSE/GEDI/GEDI04_A_002/GEDI04_A_2021069100802_O12697_03_T08359_02_002_02_V002,0,0,0,0,0,0,0,2021
LARSE/GEDI/GEDI04_A_002/GEDI04_A_2021067114102_O12667_03_T11282_02_002_02_V002,2281,2281,27292,27522,2281,2838,27292,2021
LARSE/GEDI/GEDI04_A_002/GEDI04_A_2021070105425_O12713_03_T06187_02_002_02_V002,0,0,0,0,0,0,0,2021
LARSE/GEDI/GEDI04_A_002/GEDI04_A_2021069035627_O12693_02_T09931_02_002_02_V002,0,0,0,0,0,0,0,2021
LARSE/GEDI/GEDI04_A_002/GEDI04_A_2021072013656_O12738_02_T09257_02_002_02_V002,0,0,0,0,0,0,0,2021
LARSE/GEDI/GEDI04_A_002/GEDI04_A_2021070030956_O12708_02_T10757_02_002_02_V002,174,174,17792,19818,174,180,17792,2021
LARSE/GEDI/GEDI04_A_002/GEDI04_A_2021073022328_O12754_02_T07085_02_002_02_V002,0,0,0,0,0,0,0,2021
LARSE/GEDI/GEDI04_A_002/GEDI04_A_2021067035633_O12662_02_T05738_02_002_02_V002,5863,5863,79316,81383,5863,6574,79316,2021
LARSE/GEDI/GEDI04_A_002/GEDI04_A_2021073083506_O12758_03_T11205_02_002_02_V002,0,0,0,0,0,0,0,2021
LARSE/GEDI/GEDI04_A_002/GEDI04_A_2021074092138_O12774_03_T10456_02_002_02_V002,0,0,0,0,0,0,0,2021
LARSE/GEDI/GEDI04_A_002/GEDI04_A_2021074013705_O12769_02_T06335_02_002_02_V002,74,74,11227,17869,74,99,11227,2021
LARSE/GEDI/GEDI04_A_002/GEDI04_A_2021071100755_O12728_03_T09706_02_002_02_V002,1672,1672,26588,26734,1672,2093,26588,2021
LARSE/GEDI/GEDI04_A_002/GEDI04_A_2021076000417_O12799_02_T10680_02_002_02_V002,0,0,0,0,0,0,0,2021
LARSE/GEDI/GEDI04_A_002/GEDI04_A_2021075083514_O12789_03_T11129_02_002_02_V002,0,0,96,23142,0,0,96,2021
LARSE/GEDI/GEDI04_A_002/GEDI04_A_2021072092129_O12743_03_T08956_02_002_02_V002,2334,2334,48484,54484,2334,2462,48484,2021
LARSE/GEDI/GEDI04_A_002/GEDI04_A_2021077070226_O12819_03_T06783_02_002_02_V002,0,0,0,0,0,0,0,2021
LARSE/GEDI/GEDI04_A_002/GEDI04_A_2021077005048_O12815_02_T09778_02_002_02_V002,0,0,0,0,0,0,0,2021
LARSE/GEDI/GEDI04_A_002/GEDI04_A_2021075005042_O12784_02_T09854_02_002_02_V002,538,538,27282,82911,538,541,27282,2021
LARSE/GEDI/GEDI04_A_002/GEDI04_A_2021071022325_O12723_02_T07161_02_002_02_V002,4616,4616,80408,81941,4616,4961,80408,2021
LARSE/GEDI/GEDI04_A_002/GEDI04_A_2021079223137_O12860_02_T07681_02_002_02_V002,0,0,0,0,0,0,0,2021
LARSE/GEDI/GEDI04_A_002/GEDI04_A_2021076074849_O12804_03_T07533_02_002_02_V002,0,0,247,55692,0,0,247,2021
LARSE/GEDI/GEDI04_A_002/GEDI04_A_2021079070233_O12850_03_T06707_02_002_02_V002,0,0,4342,19152,0,0,4342,2021
LARSE/GEDI/GEDI04_A_002/GEDI04_A_2021078000425_O12830_02_T10604_02_002_02_V002,0,0,1449,15907,0,0,1449,2021
LARSE/GEDI/GEDI04_A_002/GEDI04_A_2021078074857_O12835_03_T07304_02_002_02_V002,0,0,0,0,0,0,0,2021
LARSE/GEDI/GEDI04_A_002/GEDI04_A_2021081052945_O12880_03_T10899_02_002_02_V002,0,0,0,0,0,0,0,2021
LARSE/GEDI/GEDI04_A_002/GEDI04_A_2021082061617_O12896_03_T10150_02_002_02_V002,0,0,0,0,0,0,0,2021
LARSE/GEDI/GEDI04_A_002/GEDI04_A_2021080231808_O12876_02_T08202_02_002_02_V002,0,0,0,0,0,0,0,2021
LARSE/GEDI/GEDI04_A_002/GEDI04_A_2021081223144_O12891_02_T06029_02_002_02_V002,2,2,6876,10224,2,13,6876,2021
LARSE/GEDI/GEDI04_A_002/GEDI04_A_2021078231801_O12845_02_T11124_02_002_02_V002,598,598,22847,86428,598,641,22847,2021
LARSE/GEDI/GEDI04_A_002/GEDI04_A_2021083205853_O12921_02_T10374_02_002_02_V002,0,0,0,0,0,0,0,2021
LARSE/GEDI/GEDI04_A_002/GEDI04_A_2021080061609_O12865_03_T05804_02_002_02_V002,0,0,536,59036,0,13,536,2021
LARSE/GEDI/GEDI04_A_002/GEDI04_A_2021085035700_O12941_03_T07900_02_002_02_V002,0,0,0,0,0,0,0,2021
LARSE/GEDI/GEDI04_A_002/GEDI04_A_2021083052949_O12911_03_T10823_02_002_02_V002,0,0,18,12590,0,0,18,2021
LARSE/GEDI/GEDI04_A_002/GEDI04_A_2021084214522_O12937_02_T06626_02_002_02_V002,0,0,0,0,0,0,0,2021
LARSE/GEDI/GEDI04_A_002/GEDI04_A_2021086044329_O12957_03_T05728_02_002_02_V002,0,0,0,0,0,0,0,2021
LARSE/GEDI/GEDI04_A_002/GEDI04_A_2021084044324_O12926_03_T07227_02_002_02_V002,280,280,23402,59982,280,568,23402,2021
LARSE/GEDI/GEDI04_A_002/GEDI04_A_2021085205857_O12952_02_T10298_02_002_02_V002,10,10,7963,8278,10,10,7963,2021
LARSE/GEDI/GEDI04_A_002/GEDI04_A_2021082214521_O12906_02_T06702_02_002_02_V002,572,572,34546,87599,572,892,34546,2021
LARSE/GEDI/GEDI04_A_002/GEDI04_A_2021087192607_O12982_02_T08798_02_002_02_V002,0,0,0,0,0,0,0,2021
LARSE/GEDI/GEDI04_A_002/GEDI04_A_2021063052944_O12601_02_T08584_02_002_02_V002,3851,3851,79096,80906,3851,5910,79096,2021
LARSE/GEDI/GEDI04_A_002/GEDI04_A_2021089022409_O13002_03_T10746_02_002_02_V002,0,0,0,0,0,0,0,2021
LARSE/GEDI/GEDI04_A_002/GEDI04_A_2021090031038_O13018_03_T09844_02_002_02_V002,0,0,0,0,0,0,0,2021
LARSE/GEDI/GEDI04_A_002/GEDI04_A_2021088201236_O12998_02_T08049_02_002_02_V002,0,0,0,0,0,0,0,2021
LARSE/GEDI/GEDI04_A_002/GEDI04_A_2021087035704_O12972_03_T09247_02_002_02_V002,1732,1732,11196,11319,1732,1809,11196,2021
LARSE/GEDI/GEDI04_A_002/GEDI04_A_2021086201232_O12967_02_T08125_02_002_02_V002,156,156,42775,88067,156,186,42775,2021
LARSE/GEDI/GEDI04_A_002/GEDI04_A_2021089192606_O13013_02_T08722_02_002_02_V002,0,0,5961,7335,0,0,5961,2021
LARSE/GEDI/GEDI04_A_002/GEDI04_A_2021091175314_O13043_02_T07375_02_002_02_V002,0,0,0,0,0,0,0,2021
LARSE/GEDI/GEDI04_A_002/GEDI04_A_2021093005122_O13063_03_T07747_02_002_02_V002,0,0,0,0,0,0,0,2021
LARSE/GEDI/GEDI04_A_002/GEDI04_A_2021092183943_O13059_02_T06473_02_002_02_V002,0,0,0,0,0,0,0,2021
LARSE/GEDI/GEDI04_A_002/GEDI04_A_2021093175323_O13074_02_T07299_02_002_02_V002,0,0,5399,5436,0,57,5399,2021
LARSE/GEDI/GEDI04_A_002/GEDI04_A_2021094013756_O13079_03_T06998_02_002_02_V002,0,0,0,0,0,0,0,2021
LARSE/GEDI/GEDI04_A_002/GEDI04_A_2021091022412_O13033_03_T10670_02_002_02_V002,34,34,1301,5052,34,57,1301,2021
LARSE/GEDI/GEDI04_A_002/GEDI04_A_2021088031038_O12987_03_T09920_02_002_02_V002,114,114,23920,60709,114,234,23920,2021
LARSE/GEDI/GEDI04_A_002/GEDI04_A_2021095162043_O13104_02_T05799_02_002_02_V002,0,0,0,0,0,0,0,2021
LARSE/GEDI/GEDI04_A_002/GEDI04_A_2021092013745_O13048_03_T11343_02_002_02_V002,1774,1774,58271,62431,1774,2666,58271,2021
LARSE/GEDI/GEDI04_A_002/GEDI04_A_2021096170716_O13120_02_T10742_02_002_02_V002,0,0,0,0,0,0,0,2021
LARSE/GEDI/GEDI04_A_002/GEDI04_A_2021095005136_O13094_03_T06248_02_002_02_V002,16,16,963,1170,16,16,963,2021
LARSE/GEDI/GEDI04_A_002/GEDI04_A_2021096231854_O13124_03_T09017_02_002_02_V002,0,0,0,0,0,0,0,2021
LARSE/GEDI/GEDI04_A_002/GEDI04_A_2021099144811_O13165_02_T09915_02_002_02_V002,0,0,0,0,0,0,0,2021
LARSE/GEDI/GEDI04_A_002/GEDI04_A_2021090183940_O13028_02_T06549_02_002_02_V002,629,629,48345,89595,629,2883,48345,2021
LARSE/GEDI/GEDI04_A_002/GEDI04_A_2021097162054_O13135_02_T05723_02_002_02_V002,0,0,1199,2503,0,0,1199,2021
LARSE/GEDI/GEDI04_A_002/GEDI04_A_2021096000515_O13109_03_T09767_02_002_02_V002,1904,1904,60790,62895,1904,3349,60790,2021
LARSE/GEDI/GEDI04_A_002/GEDI04_A_2021094170703_O13089_02_T09242_02_002_02_V002,0,0,87978,89073,0,6360,87978,2021
LARSE/GEDI/GEDI04_A_002/GEDI04_A_2021098231906_O13155_03_T08941_02_002_02_V002,0,0,0,0,0,0,0,2021
LARSE/GEDI/GEDI04_A_002/GEDI04_A_2021100214622_O13185_03_T10440_02_002_02_V002,0,0,0,0,0,0,0,2021
LARSE/GEDI/GEDI04_A_002/GEDI04_A_2021103131539_O13226_02_T09762_02_002_02_V002,0,0,0,0,0,0,0,2021
LARSE/GEDI/GEDI04_A_002/GEDI04_A_2021101144822_O13196_02_T09839_02_002_02_V002,0,0,19,19,0,0,19,2021
LARSE/GEDI/GEDI04_A_002/GEDI04_A_2021104201350_O13246_03_T06018_02_002_02_V002,0,0,0,0,0,0,0,2021
LARSE/GEDI/GEDI04_A_002/GEDI04_A_2021099223244_O13170_03_T09614_02_002_02_V002,1,1,5475,65111,1,1,5475,2021
LARSE/GEDI/GEDI04_A_002/GEDI04_A_2021105131550_O13257_02_T11262_02_002_02_V002,0,0,0,0,0,0,0,2021
LARSE/GEDI/GEDI04_A_002/GEDI04_A_2021107114305_O13287_02_T08339_02_002_02_V002,0,0,0,0,0,0,0,2021
LARSE/GEDI/GEDI04_A_002/GEDI04_A_2021102214633_O13216_03_T10364_02_002_02_V002,0,0,0,0,0,0,0,2021
LARSE/GEDI/GEDI04_A_002/GEDI04_A_2021102140200_O13211_02_T06243_02_002_02_V002,5198,5198,87823,88431,5198,7115,87823,2021
LARSE/GEDI/GEDI04_A_002/GEDI04_A_2021098153433_O13150_02_T07819_02_002_02_V002,0,0,34350,89803,0,257,34350,2021
LARSE/GEDI/GEDI04_A_002/GEDI04_A_2021106201400_O13277_03_T05942_02_002_02_V002,0,0,0,0,0,0,0,2021
LARSE/GEDI/GEDI04_A_002/GEDI04_A_2021103210012_O13231_03_T06768_02_002_02_V002,3264,3264,52633,65840,3264,3316,52633,2021
LARSE/GEDI/GEDI04_A_002/GEDI04_A_2021109114314_O13318_02_T08263_02_002_02_V002,0,0,0,0,0,0,0,2021
LARSE/GEDI/GEDI04_A_002/GEDI04_A_2021108184115_O13307_03_T08711_02_002_02_V002,0,0,0,0,0,0,0,2021
LARSE/GEDI/GEDI04_A_002/GEDI04_A_2021107192737_O13292_03_T02346_02_002_02_V002,2074,2074,38405,70411,2074,2238,38405,2021
LARSE/GEDI/GEDI04_A_002/GEDI04_A_2021115083745_O13409_02_T09456_02_002_02_V002,0,0,0,0,0,0,0,2021
LARSE/GEDI/GEDI04_A_002/GEDI04_A_2021112170836_O13368_03_T10134_02_002_02_V002,0,0,0,0,0,0,0,2021
LARSE/GEDI/GEDI04_A_002/GEDI04_A_2021106122927_O13272_02_T10512_02_002_02_V002,1419,1419,53097,86473,1419,1527,53097,2021
LARSE/GEDI/GEDI04_A_002/GEDI04_A_2021114170841_O13399_03_T10058_02_002_02_V002,0,0,0,0,0,0,0,2021
LARSE/GEDI/GEDI04_A_002/GEDI04_A_2021117083749_O13440_02_T09380_02_002_02_V002,0,0,0,0,0,0,0,2021
LARSE/GEDI/GEDI04_A_002/GEDI04_A_2021110105652_O13333_02_T07513_02_002_02_V002,573,573,7415,84571,573,747,7415,2021
LARSE/GEDI/GEDI04_A_002/GEDI04_A_2021122140302_O13521_03_T11328_02_002_02_V002,0,0,0,0,0,0,0,2021
LARSE/GEDI/GEDI04_A_002/GEDI04_A_2021123053204_O13531_02_T09303_02_002_02_V002,0,0,0,0,0,0,0,2021
LARSE/GEDI/GEDI04_A_002/GEDI04_A_2021116153552_O13429_03_T07135_02_002_02_V002,0,0,0,0,0,0,0,2021
LARSE/GEDI/GEDI04_A_002/GEDI04_A_2021125053205_O13562_02_T09227_02_002_02_V002,0,0,0,0,0,0,0,2021
LARSE/GEDI/GEDI04_A_002/GEDI04_A_2021115162217_O13414_03_T07885_02_002_02_V002,0,0,43110,72046,0,2621,43110,2021
LARSE/GEDI/GEDI04_A_002/GEDI04_A_2021126123009_O13582_03_T06906_02_002_02_V002,0,0,0,0,0,0,0,2021
LARSE/GEDI/GEDI04_A_002/GEDI04_A_2021119144928_O13475_03_T06309_02_002_02_V002,0,0,24251,74584,0,812,24251,2021
LARSE/GEDI/GEDI04_A_002/GEDI04_A_2021127035911_O13592_02_T07880_02_002_02_V002,0,0,0,0,0,0,0,2021
LARSE/GEDI/GEDI04_A_002/GEDI04_A_2021124123009_O13551_03_T09675_02_002_02_V002,0,0,0,0,0,0,0,2021
LARSE/GEDI/GEDI04_A_002/GEDI04_A_2021129035911_O13623_02_T07804_02_002_02_V002,0,0,0,0,0,0,0,2021
LARSE/GEDI/GEDI04_A_002/GEDI04_A_2021123131635_O13536_03_T07732_02_002_02_V002,0,0,14270,75900,0,3333,14270,2021
LARSE/GEDI/GEDI04_A_002/GEDI04_A_2021126044538_O13577_02_T10053_02_002_02_V002,16581,16581,70796,77535,16581,22963,70796,2021
LARSE/GEDI/GEDI04_A_002/GEDI04_A_2021130105715_O13643_03_T11175_02_002_02_V002,0,0,0,0,0,0,0,2021
LARSE/GEDI/GEDI04_A_002/GEDI04_A_2021128105715_O13612_03_T11251_02_002_02_V002,0,0,0,0,0,0,0,2021
LARSE/GEDI/GEDI04_A_002/GEDI04_A_2021127114342_O13597_03_T09002_02_002_02_V002,19783,19783,73884,77176,19783,25028,73884,2021
LARSE/GEDI/GEDI04_A_002/GEDI04_A_2021133022614_O13684_02_T06381_02_002_02_V002,0,0,0,0,0,0,0,2021
LARSE/GEDI/GEDI04_A_002/GEDI04_A_2021131022615_O13653_02_T09150_02_002_02_V002,0,0,0,0,0,0,0,2021
LARSE/GEDI/GEDI04_A_002/GEDI04_A_2021134092416_O13704_03_T06753_02_002_02_V002,0,0,0,0,0,0,0,2021
LARSE/GEDI/GEDI04_A_002/GEDI04_A_2021135005317_O13714_02_T00459_02_002_02_V002,0,0,0,0,0,0,0,2021
LARSE/GEDI/GEDI04_A_002/GEDI04_A_2021131101046_O13658_03_T04580_02_002_02_V002,5232,5232,17731,79730,5232,5398,17731,2021
LARSE/GEDI/GEDI04_A_002/GEDI04_A_2021130031244_O13638_02_T07054_02_002_02_V002,764,764,9432,76189,764,1068,9432,2021
LARSE/GEDI/GEDI04_A_002/GEDI04_A_2021132092418_O13673_03_T03830_02_002_02_V002,0,0,0,0,0,0,0,2021
LARSE/GEDI/GEDI04_A_002/GEDI04_A_2021137005314_O13745_02_T06228_02_002_02_V002,0,0,0,0,0,0,0,2021
LARSE/GEDI/GEDI04_A_002/GEDI04_A_2021138075114_O13765_03_T08176_02_002_02_V002,0,0,0,0,0,0,0,2021
LARSE/GEDI/GEDI04_A_002/GEDI04_A_2021134013945_O13699_02_T08477_02_002_02_V002,31728,31728,75347,75792,31728,35987,75347,2021
LARSE/GEDI/GEDI04_A_002/GEDI04_A_2021138232015_O13775_02_T00459_02_002_02_V002,0,0,0,0,0,0,0,2021
LARSE/GEDI/GEDI04_A_002/GEDI04_A_2021142061819_O13826_03_T09446_02_002_02_V002,0,0,0,0,0,0,0,2021
LARSE/GEDI/GEDI04_A_002/GEDI04_A_2021139070445_O13780_03_T06003_02_002_02_V002,13264,13264,47684,80310,13264,15449,47684,2021
LARSE/GEDI/GEDI04_A_002/GEDI04_A_2021140232011_O13806_02_T07651_02_002_02_V002,0,0,0,0,0,0,0,2021
LARSE/GEDI/GEDI04_A_002/GEDI04_A_2021142214724_O13836_02_T06151_02_002_02_V002,0,0,0,0,0,0,0,2021
LARSE/GEDI/GEDI04_A_002/GEDI04_A_2021140061815_O13795_03_T09522_02_002_02_V002,0,0,0,0,0,0,0,2021
LARSE/GEDI/GEDI04_A_002/GEDI04_A_2021146044538_O13887_03_T02331_02_002_02_V002,0,0,0,0,0,0,0,2021
LARSE/GEDI/GEDI04_A_002/GEDI04_A_2021144214730_O13867_02_T03076_02_002_02_V002,0,0,0,0,0,0,0,2021
LARSE/GEDI/GEDI04_A_002/GEDI04_A_2021135083748_O13719_03_T08849_02_002_02_V002,33846,33846,73572,80380,33846,35038,73572,2021
LARSE/GEDI/GEDI04_A_002/GEDI04_A_2021141223347_O13821_02_T08324_02_002_02_V002,38068,38068,71568,73725,38068,40445,71568,2021
LARSE/GEDI/GEDI04_A_002/GEDI04_A_2021138000644_O13760_02_T09747_02_002_02_V002,8938,8938,30016,75547,8938,9345,30016,2021
LARSE/GEDI/GEDI04_A_002/GEDI04_A_2021146201441_O13897_02_T04728_02_002_02_V002,0,0,0,0,0,0,0,2021
LARSE/GEDI/GEDI04_A_002/GEDI04_A_2021148201446_O13928_02_T08768_02_002_02_V002,0,0,0,0,0,0,0,2021
LARSE/GEDI/GEDI04_A_002/GEDI04_A_2021144044531_O13856_03_T10945_02_002_02_V002,7113,7113,18478,19026,7113,7222,18478,2021
LARSE/GEDI/GEDI04_A_002/GEDI04_A_2021143053156_O13841_03_T10272_02_002_02_V002,13383,13383,58260,79461,13383,14987,58260,2021
LARSE/GEDI/GEDI04_A_002/GEDI04_A_2021147035913_O13902_03_T07273_02_002_02_V002,29500,29500,57568,77703,29500,29968,57568,2021
LARSE/GEDI/GEDI04_A_002/GEDI04_A_2021152184202_O13989_02_T00230_02_002_02_V002,0,0,0,0,0,0,0,2021
LARSE/GEDI/GEDI04_A_002/GEDI04_A_2021148031248_O13917_03_T07946_02_002_02_V002,6426,6426,19564,23169,6426,6426,19564,2021
LARSE/GEDI/GEDI04_A_002/GEDI04_A_2021150184157_O13958_02_T07421_02_002_02_V002,0,0,0,0,0,0,0,2021
LARSE/GEDI/GEDI04_A_002/GEDI04_A_2021154014008_O14009_03_T09140_02_002_02_V002,0,0,0,0,0,0,0,2021
LARSE/GEDI/GEDI04_A_002/GEDI04_A_2021145210106_O13882_02_T01056_02_002_02_V002,22381,22381,50547,69390,22381,27069,50547,2021
LARSE/GEDI/GEDI04_A_002/GEDI04_A_2021152014004_O13978_03_T02101_02_002_02_V002,4119,4119,25118,25945,4119,12734,25118,2021
LARSE/GEDI/GEDI04_A_002/GEDI04_A_2021158000720_O14070_03_T07717_02_002_02_V002,0,0,0,0,0,0,0,2021
LARSE/GEDI/GEDI04_A_002/GEDI04_A_2021156170914_O14050_02_T01653_02_002_02_V002,0,0,0,0,0,0,0,2021
LARSE/GEDI/GEDI04_A_002/GEDI04_A_2021149192822_O13943_02_T00903_02_002_02_V002,0,0,60835,63317,0,37676,60835,2021
LARSE/GEDI/GEDI04_A_002/GEDI04_A_2021154170911_O14019_02_T05845_02_002_02_V002,0,0,0,0,0,0,0,2021
LARSE/GEDI/GEDI04_A_002/GEDI04_A_2021155005343_O14024_03_T09966_02_002_02_V002,3027,3027,8297,75877,3027,3964,8297,2021
LARSE/GEDI/GEDI04_A_002/GEDI04_A_2021158153622_O14080_02_T10114_02_002_02_V002,0,0,0,0,0,0,0,2021
LARSE/GEDI/GEDI04_A_002/GEDI04_A_2021157162248_O14065_02_T09288_02_002_02_V002,0,0,16252,61367,0,4773,16252,2021
LARSE/GEDI/GEDI04_A_002/GEDI04_A_2021151022629_O13963_03_T05697_02_002_02_V002,27831,27831,67005,76751,27831,37321,67005,2021
LARSE/GEDI/GEDI04_A_002/GEDI04_A_2021160153623_O14111_02_T01653_02_002_02_V002,0,0,0,0,0,0,0,2021
LARSE/GEDI/GEDI04_A_002/GEDI04_A_2021161223427_O14131_03_T08987_02_002_02_V002,0,0,0,0,0,0,0,2021
LARSE/GEDI/GEDI04_A_002/GEDI04_A_2021153175537_O14004_02_T06595_02_002_02_V002,0,0,16078,63624,0,4231,16078,2021
LARSE/GEDI/GEDI04_A_002/GEDI04_A_2021164140329_O14172_02_T09885_02_002_02_V002,0,0,0,0,0,0,0,2021
LARSE/GEDI/GEDI04_A_002/GEDI04_A_2021159223427_O14100_03_T03371_02_002_02_V002,2130,2130,16934,26568,2130,3456,16934,2021
LARSE/GEDI/GEDI04_A_002/GEDI04_A_2021158232053_O14085_03_T02698_02_002_02_V002,3360,3360,9893,73260,3360,5169,9893,2021
LARSE/GEDI/GEDI04_A_002/GEDI04_A_2021162214800_O14146_03_T11236_02_002_02_V002,9641,9641,29186,73967,9641,11266,29186,2021
LARSE/GEDI/GEDI04_A_002/GEDI04_A_2021162140329_O14141_02_T07115_02_002_02_V002,0,0,0,0,0,0,0,2021
LARSE/GEDI/GEDI04_A_002/GEDI04_A_2021161144956_O14126_02_T07865_02_002_02_V002,0,0,18670,58966,0,6993,18670,2021
LARSE/GEDI/GEDI04_A_002/GEDI04_A_2021165210133_O14192_03_T07564_02_002_02_V002,0,0,0,0,0,0,0,2021
LARSE/GEDI/GEDI04_A_002/GEDI04_A_2021163210133_O14161_03_T07640_02_002_02_V002,335,335,1986,27544,335,337,1986,2021
LARSE/GEDI/GEDI04_A_002/GEDI04_A_2021169192836_O14253_03_T00296_02_002_02_V002,0,0,0,0,0,0,0,2021
LARSE/GEDI/GEDI04_A_002/GEDI04_A_2021165131702_O14187_02_T10711_02_002_02_V002,20352,20352,49421,58494,20352,22346,49421,2021
LARSE/GEDI/GEDI04_A_002/GEDI04_A_2021168123033_O14233_02_T08462_02_002_02_V002,0,0,0,0,0,0,0,2021
LARSE/GEDI/GEDI04_A_002/GEDI04_A_2021166123035_O14202_02_T04116_02_002_02_V002,2,2,122,1056,2,2,122,2021
LARSE/GEDI/GEDI04_A_002/GEDI04_A_2021170105737_O14263_02_T09808_02_002_02_V002,0,0,0,774,0,0,0,2021
LARSE/GEDI/GEDI04_A_002/GEDI04_A_2021167192837_O14222_03_T08910_02_002_02_V002,0,0,21291,28516,0,11114,21291,2021
LARSE/GEDI/GEDI04_A_002/GEDI04_A_2021172105734_O14294_02_T09732_02_002_02_V002,0,0,0,0,0,0,0,2021
LARSE/GEDI/GEDI04_A_002/GEDI04_A_2021169114405_O14248_02_T06289_02_002_02_V002,13830,13830,54398,57042,13830,33582,54398,2021
LARSE/GEDI/GEDI04_A_002/GEDI04_A_2021166201506_O14207_03_T02545_02_002_02_V002,0,0,58099,75455,0,30555,58099,2021
LARSE/GEDI/GEDI04_A_002/GEDI04_A_2021173175534_O14314_03_T02989_02_002_02_V002,0,0,0,0,0,0,0,2021
LARSE/GEDI/GEDI04_A_002/GEDI04_A_2021176092453_O14355_02_T08309_02_002_02_V002,0,0,0,0,0,0,0,2021
LARSE/GEDI/GEDI04_A_002/GEDI04_A_2021170184207_O14268_03_T00969_02_002_02_V002,0,0,24,75017,0,2,24,2021
LARSE/GEDI/GEDI04_A_002/GEDI04_A_2021177162315_O14375_03_T05835_02_002_02_V002,0,0,0,0,0,0,0,2021
LARSE/GEDI/GEDI04_A_002/GEDI04_A_2021171175539_O14283_03_T03218_02_002_02_V002,0,0,3912,35147,0,652,3912,2021
LARSE/GEDI/GEDI04_A_002/GEDI04_A_2021174170906_O14329_03_T09507_02_002_02_V002,0,0,42978,65298,0,24071,42978,2021
LARSE/GEDI/GEDI04_A_002/GEDI04_A_2021173101104_O14309_02_T10558_02_002_02_V002,0,0,0,54631,0,0,0,2021
LARSE/GEDI/GEDI04_A_002/GEDI04_A_2021177083840_O14370_02_T04713_02_002_02_V002,0,0,46922,53425,0,30888,46922,2021
LARSE/GEDI/GEDI04_A_002/GEDI04_A_2021184062047_O14477_02_T10849_02_002_02_V002,0,0,0,0,0,0,0,2021
LARSE/GEDI/GEDI04_A_002/GEDI04_A_2021175162247_O14344_03_T08757_02_002_02_V002,0,0,35955,38930,0,18882,35955,2021
LARSE/GEDI/GEDI04_A_002/GEDI04_A_2021178075227_O14385_02_T11078_02_002_02_V002,2243,2243,11325,14939,2243,5109,11325,2021
LARSE/GEDI/GEDI04_A_002/GEDI04_A_2021185131906_O14497_03_T02683_02_002_02_V002,0,0,0,0,0,0,0,2021
LARSE/GEDI/GEDI04_A_002/GEDI04_A_2021178153702_O14390_03_T06508_02_002_02_V002,0,0,39310,60836,0,16477,39310,2021
LARSE/GEDI/GEDI04_A_002/GEDI04_A_2021188044838_O14538_02_T07697_02_002_02_V002,0,0,0,0,0,0,0,2021
LARSE/GEDI/GEDI04_A_002/GEDI04_A_2021187114634_O14527_03_T11144_02_002_02_V002,11535,11535,35856,50365,11535,14364,35856,2021
LARSE/GEDI/GEDI04_A_002/GEDI04_A_2021186123251_O14512_03_T01933_02_002_02_V002,9670,9670,17906,48248,9670,9733,17906,2021
LARSE/GEDI/GEDI04_A_002/GEDI04_A_2021185053431_O14492_02_T10099_02_002_02_V002,19308,19308,39220,40549,19308,27020,39220,2021
LARSE/GEDI/GEDI04_A_002/GEDI04_A_2021189040222_O14553_02_T01255_02_002_02_V002,207,207,1102,33185,207,267,1102,2021
LARSE/GEDI/GEDI04_A_002/GEDI04_A_2021179145049_O14405_03_T05758_02_002_02_V002,0,0,25197,45107,0,12641,25197,2021
LARSE/GEDI/GEDI04_A_002/GEDI04_A_2021190031607_O14568_02_T00505_02_002_02_V002,1223,1223,5652,75725,1223,1223,5652,2021
LARSE/GEDI/GEDI04_A_002/GEDI04_A_2021190110041_O14573_03_T01780_02_002_02_V002,193,193,2175,40122,193,193,2175,2021
LARSE/GEDI/GEDI04_A_002/GEDI04_A_2021193101448_O14619_03_T09339_02_002_02_V002,0,0,0,0,0,0,0,2021
LARSE/GEDI/GEDI04_A_002/GEDI04_A_2021186044816_O14507_02_T03504_02_002_02_V002,14800,14800,45320,73077,14800,18447,45320,2021
LARSE/GEDI/GEDI04_A_002/GEDI04_A_2021196014415_O14660_02_T07391_02_002_02_V002,0,0,0,0,0,0,0,2021
LARSE/GEDI/GEDI04_A_002/GEDI04_A_2021193023013_O14614_02_T02525_02_002_02_V002,7477,7477,13295,27368,7477,8042,13295,2021
LARSE/GEDI/GEDI04_A_002/GEDI04_A_2021196075554_O14664_03_T10088_02_002_02_V002,0,0,0,0,0,0,0,2021
LARSE/GEDI/GEDI04_A_002/GEDI04_A_2021197084231_O14680_03_T10762_02_002_02_V002,0,0,0,0,0,0,0,2021
LARSE/GEDI/GEDI04_A_002/GEDI04_A_2021195084211_O14649_03_T09262_02_002_02_V002,20852,20852,39825,52931,20852,22813,39825,2021
LARSE/GEDI/GEDI04_A_002/GEDI04_A_2021191101425_O14588_03_T09415_02_002_02_V002,22199,22199,38077,52132,22199,23720,38077,2021
LARSE/GEDI/GEDI04_A_002/GEDI04_A_2021194014355_O14629_02_T07467_02_002_02_V002,21212,21212,42744,77939,21212,21867,42744,2021
LARSE/GEDI/GEDI04_A_002/GEDI04_A_2021194092829_O14634_03_T10165_02_002_02_V002,17378,17378,32665,34572,17378,17816,32665,2021
LARSE/GEDI/GEDI04_A_002/GEDI04_A_2021197005757_O14675_02_T06641_02_002_02_V002,19699,19699,24851,25851,19699,19699,24851,2021
LARSE/GEDI/GEDI04_A_002/GEDI04_A_2021198232521_O14705_02_T06411_02_002_02_V002,0,0,0,0,0,0,0,2021
LARSE/GEDI/GEDI04_A_002/GEDI04_A_2021200001158_O14721_02_T05815_02_002_02_V002,0,0,0,0,0,0,0,2021
LARSE/GEDI/GEDI04_A_002/GEDI04_A_2021200062337_O14725_03_T09629_02_002_02_V002,0,0,0,0,0,0,0,2021
LARSE/GEDI/GEDI04_A_002/GEDI04_A_2021201071012_O14741_03_T07610_02_002_02_V002,0,0,0,0,0,0,0,2021
LARSE/GEDI/GEDI04_A_002/GEDI04_A_2021203223936_O14782_02_T11354_02_002_02_V002,0,0,0,0,0,0,0,2021
LARSE/GEDI/GEDI04_A_002/GEDI04_A_2021207210710_O14843_02_T11201_02_002_02_V002,0,0,0,0,0,0,0,2021
LARSE/GEDI/GEDI04_A_002/GEDI04_A_2021208031845_O14847_03_T09476_02_002_02_V002,0,0,0,0,0,0,0,2021
LARSE/GEDI/GEDI04_A_002/GEDI04_A_2021198075613_O14695_03_T09859_02_002_02_V002,16685,16685,30245,30433,16685,17233,30245,2021
LARSE/GEDI/GEDI04_A_002/GEDI04_A_2021199070955_O14710_03_T06110_02_002_02_V002,16561,16561,33080,55230,16561,17818,33080,2021
LARSE/GEDI/GEDI04_A_002/GEDI04_A_2021209040520_O14863_03_T05881_02_002_02_V002,0,0,0,0,0,0,0,2021
LARSE/GEDI/GEDI04_A_002/GEDI04_A_2021200232540_O14736_02_T09181_02_002_02_V002,0,0,4,18916,0,0,4,2021
LARSE/GEDI/GEDI04_A_002/GEDI04_A_2021212014618_O14908_03_T09323_02_002_02_V002,0,0,0,0,0,0,0,2021
LARSE/GEDI/GEDI04_A_002/GEDI04_A_2021212184819_O14919_02_T07452_02_002_02_V002,564,564,3633,4042,564,2259,3633,2021
LARSE/GEDI/GEDI04_A_002/GEDI04_A_2021213023252_O14924_03_T08574_02_002_02_V002,0,0,0,0,0,0,0,2021
LARSE/GEDI/GEDI04_A_002/GEDI04_A_2021214171536_O14949_02_T05952_02_002_02_V002,0,0,0,0,0,0,0,2021
LARSE/GEDI/GEDI04_A_002/GEDI04_A_2021208202045_O14858_02_T07605_02_002_02_V002,3909,3909,9101,13264,3909,5837,9101,2021
LARSE/GEDI/GEDI04_A_002/GEDI04_A_2021198001139_O14690_02_T10160_02_002_02_V002,12621,12621,28137,80433,12621,12761,28137,2021
LARSE/GEDI/GEDI04_A_002/GEDI04_A_2021214014631_O14939_03_T09247_02_002_02_V002,1678,1678,9451,11293,1678,2273,9451,2021
LARSE/GEDI/GEDI04_A_002/GEDI04_A_2021217010022_O14985_03_T09844_02_002_02_V002,0,0,0,0,0,0,0,2021
LARSE/GEDI/GEDI04_A_002/GEDI04_A_2021216001349_O14969_03_T10746_02_002_02_V002,0,0,0,0,0,0,0,2021
LARSE/GEDI/GEDI04_A_002/GEDI04_A_2021215180209_O14965_02_T00934_02_002_02_V002,0,0,0,0,0,0,0,2021
LARSE/GEDI/GEDI04_A_002/GEDI04_A_2021218154306_O15010_02_T08645_02_002_02_V002,0,0,0,0,0,0,0,2021
LARSE/GEDI/GEDI04_A_002/GEDI04_A_2021209193426_O14873_02_T08278_02_002_02_V002,7864,7864,41419,85658,7864,18682,41419,2021
LARSE/GEDI/GEDI04_A_002/GEDI04_A_2021216171549_O14980_02_T05876_02_002_02_V002,0,0,2173,5073,0,1184,2173,2021
LARSE/GEDI/GEDI04_A_002/GEDI04_A_2021219162939_O15026_02_T06473_02_002_02_V002,0,0,0,0,0,0,0,2021
LARSE/GEDI/GEDI04_A_002/GEDI04_A_2021218232739_O15015_03_T11343_02_002_02_V002,6088,6088,14235,62533,6088,6526,14235,2021
LARSE/GEDI/GEDI04_A_002/GEDI04_A_2021219224117_O15030_03_T07747_02_002_02_V002,0,0,0,0,0,0,0,2021
LARSE/GEDI/GEDI04_A_002/GEDI04_A_2021218001400_O15000_03_T02132_02_002_02_V002,1518,1518,3258,3902,1518,1518,3258,2021
LARSE/GEDI/GEDI04_A_002/GEDI04_A_2021213180158_O14934_02_T06702_02_002_02_V002,0,0,60643,88140,0,28662,60643,2021
LARSE/GEDI/GEDI04_A_002/GEDI04_A_2021220232749_O15046_03_T11267_02_002_02_V002,0,0,0,0,0,0,0,2021
LARSE/GEDI/GEDI04_A_002/GEDI04_A_2021220154317_O15041_02_T04300_02_002_02_V002,0,0,250,325,0,203,250,2021
LARSE/GEDI/GEDI04_A_002/GEDI04_A_2021215010009_O14954_03_T10073_02_002_02_V002,0,0,0,60585,0,0,0,2021
LARSE/GEDI/GEDI04_A_002/GEDI04_A_2021217162928_O14995_02_T06549_02_002_02_V002,0,0,11544,87792,0,3419,11544,2021
LARSE/GEDI/GEDI04_A_002/GEDI04_A_2021222141033_O15071_02_T08492_02_002_02_V002,0,0,0,0,0,0,0,2021
LARSE/GEDI/GEDI04_A_002/GEDI04_A_2021226123758_O15132_02_T06916_02_002_02_V002,0,0,0,0,0,0,0,2021
LARSE/GEDI/GEDI04_A_002/GEDI04_A_2021221224127_O15061_03_T10517_02_002_02_V002,0,0,0,0,0,0,0,2021
LARSE/GEDI/GEDI04_A_002/GEDI04_A_2021225210853_O15122_03_T08788_02_002_02_V002,0,0,0,0,0,0,0,2021
LARSE/GEDI/GEDI04_A_002/GEDI04_A_2021221145655_O15056_02_T09242_02_002_02_V002,0,0,61230,90137,0,11017,61230,2021
LARSE/GEDI/GEDI04_A_002/GEDI04_A_2021227193607_O15152_03_T10287_02_002_02_V002,0,0,0,0,0,0,0,2021
LARSE/GEDI/GEDI04_A_002/GEDI04_A_2021222215506_O15076_03_T11037_02_002_02_V002,17255,17255,31619,67434,17255,18683,31619,2021
LARSE/GEDI/GEDI04_A_002/GEDI04_A_2021228123807_O15163_02_T09686_02_002_02_V002,0,0,0,0,0,0,0,2021
LARSE/GEDI/GEDI04_A_002/GEDI04_A_2021226202230_O15137_03_T00923_02_002_02_V002,7954,7954,16139,69087,7954,8995,16139,2021
LARSE/GEDI/GEDI04_A_002/GEDI04_A_2021230110518_O15193_02_T11185_02_002_02_V002,0,0,0,0,0,0,0,2021
LARSE/GEDI/GEDI04_A_002/GEDI04_A_2021229193615_O15183_03_T07365_02_002_02_V002,0,0,0,0,0,0,0,2021
LARSE/GEDI/GEDI04_A_002/GEDI04_A_2021225132420_O15117_02_T07666_02_002_02_V002,43763,43763,86594,87467,43763,53609,86594,2021
LARSE/GEDI/GEDI04_A_002/GEDI04_A_2021232110553_O15224_02_T11109_02_002_02_V002,0,0,0,0,0,0,0,2021
LARSE/GEDI/GEDI04_A_002/GEDI04_A_2021231180339_O15213_03_T05865_02_002_02_V002,0,0,0,0,0,0,0,2021
LARSE/GEDI/GEDI04_A_002/GEDI04_A_2021233180347_O15244_03_T05789_02_002_02_V002,0,0,0,0,0,0,0,2021
LARSE/GEDI/GEDI04_A_002/GEDI04_A_2021234093306_O15254_02_T08186_02_002_02_V002,0,0,0,0,0,0,0,2021
LARSE/GEDI/GEDI04_A_002/GEDI04_A_2021230184951_O15198_03_T00923_02_002_02_V002,18539,18539,51884,69122,18539,30506,51884,2021
LARSE/GEDI/GEDI04_A_002/GEDI04_A_2021236093358_O15285_02_T10803_02_002_02_V002,0,0,0,0,0,0,0,2021
LARSE/GEDI/GEDI04_A_002/GEDI04_A_2021235163144_O15274_03_T05712_02_002_02_V002,0,0,0,0,0,0,0,2021
LARSE/GEDI/GEDI04_A_002/GEDI04_A_2021237163236_O15305_03_T09752_02_002_02_V002,0,0,0,0,0,0,0,2021
LARSE/GEDI/GEDI04_A_002/GEDI04_A_2021233101907_O15239_02_T06090_02_002_02_V002,0,0,46130,84977,0,24821,46130,2021
LARSE/GEDI/GEDI04_A_002/GEDI04_A_2021238080155_O15315_02_T10726_02_002_02_V002,0,0,0,0,0,0,0,2021
LARSE/GEDI/GEDI04_A_002/GEDI04_A_2021229115142_O15178_02_T08936_02_002_02_V002,2002,2002,14423,85626,2002,6273,14423,2021
LARSE/GEDI/GEDI04_A_002/GEDI04_A_2021240080246_O15346_02_T04805_02_002_02_V002,0,0,0,0,0,0,0,2021
LARSE/GEDI/GEDI04_A_002/GEDI04_A_2021234171746_O15259_03_T00923_02_002_02_V002,0,0,17562,70172,0,7899,17562,2021
LARSE/GEDI/GEDI04_A_002/GEDI04_A_2021241150122_O15366_03_T06600_02_002_02_V002,0,0,0,0,0,0,0,2021
LARSE/GEDI/GEDI04_A_002/GEDI04_A_2021239150031_O15335_03_T08252_02_002_02_V002,0,0,0,0,0,0,0,2021
LARSE/GEDI/GEDI04_A_002/GEDI04_A_2021244063123_O15407_02_T03076_02_002_02_V002,0,0,0,0,0,0,0,2021
LARSE/GEDI/GEDI04_A_002/GEDI04_A_2021245132956_O15427_03_T06294_02_002_02_V002,0,0,0,0,0,0,0,2021
LARSE/GEDI/GEDI04_A_002/GEDI04_A_2021243132914_O15396_03_T10792_02_002_02_V002,2734,2734,18301,23560,2734,4315,18301,2021
LARSE/GEDI/GEDI04_A_002/GEDI04_A_2021246045912_O15437_02_T07268_02_002_02_V002,0,0,0,0,0,0,0,2021
LARSE/GEDI/GEDI04_A_002/GEDI04_A_2021238154634_O15320_03_T07579_02_002_02_V002,0,0,48363,78608,0,17289,48363,2021
LARSE/GEDI/GEDI04_A_002/GEDI04_A_2021248045956_O15468_02_T07039_02_002_02_V002,0,0,0,0,0,0,0,2021
LARSE/GEDI/GEDI04_A_002/GEDI04_A_2021245054518_O15422_02_T08018_02_002_02_V002,13543,13543,55263,63203,13543,34715,55263,2021
LARSE/GEDI/GEDI04_A_002/GEDI04_A_2021247115744_O15457_03_T06217_02_002_02_V002,10684,10684,26075,26906,10684,16563,26075,2021
LARSE/GEDI/GEDI04_A_002/GEDI04_A_2021237084757_O15300_02_T07207_02_002_02_V002,45154,45154,77079,78188,45154,52087,77079,2021
LARSE/GEDI/GEDI04_A_002/GEDI04_A_2021246124350_O15442_03_T06967_02_002_02_V002,0,0,69433,75224,0,38023,69433,2021
LARSE/GEDI/GEDI04_A_002/GEDI04_A_2021241071643_O15361_02_T11170_02_002_02_V002,12946,12946,48485,73563,12946,31010,48485,2021
LARSE/GEDI/GEDI04_A_002/GEDI04_A_2021249115827_O15488_03_T08834_02_002_02_V002,0,0,0,0,0,0,0,2021
LARSE/GEDI/GEDI04_A_002/GEDI04_A_2021252032823_O15529_02_T09579_02_002_02_V002,0,0,0,0,0,0,0,2021
LARSE/GEDI/GEDI04_A_002/GEDI04_A_2021253102652_O15549_03_T10104_02_002_02_V002,0,0,0,0,0,0,0,2021
LARSE/GEDI/GEDI04_A_002/GEDI04_A_2021251102612_O15518_03_T02912_02_002_02_V002,5736,5736,16676,44618,5736,6192,16676,2021
LARSE/GEDI/GEDI04_A_002/GEDI04_A_2021249041349_O15483_02_T07712_02_002_02_V002,10813,10813,45772,56221,10813,23966,45772,2021
LARSE/GEDI/GEDI04_A_002/GEDI04_A_2021250111219_O15503_03_T06661_02_002_02_V002,18867,18867,46239,63620,18867,25312,46239,2021
LARSE/GEDI/GEDI04_A_002/GEDI04_A_2021250032741_O15498_02_T08385_02_002_02_V002,0,0,449,3080,0,14,449,2021
LARSE/GEDI/GEDI04_A_002/GEDI04_A_2021256015705_O15590_02_T06580_02_002_02_V002,0,0,0,0,0,0,0,2021
LARSE/GEDI/GEDI04_A_002/GEDI04_A_2021257085552_O15610_03_T03953_02_002_02_V002,0,0,0,0,0,0,0,2021
LARSE/GEDI/GEDI04_A_002/GEDI04_A_2021260002619_O15651_02_T08814_02_002_02_V002,0,0,0,0,0,0,0,2021
LARSE/GEDI/GEDI04_A_002/GEDI04_A_2021254094045_O15564_03_T10777_02_002_02_V002,27048,27048,54198,61310,27048,27133,54198,2021
LARSE/GEDI/GEDI04_A_002/GEDI04_A_2021253024215_O15544_02_T05983_02_002_02_V002,26860,26860,49553,50044,26860,28429,49553,2021
LARSE/GEDI/GEDI04_A_002/GEDI04_A_2021257011110_O15605_02_T01408_02_002_02_V002,17524,17524,34340,37283,17524,20571,34340,2021
LARSE/GEDI/GEDI04_A_002/GEDI04_A_2021258080955_O15625_03_T07472_02_002_02_V002,2508,2508,8511,43826,2508,2582,8511,2021
LARSE/GEDI/GEDI04_A_002/GEDI04_A_2021260063804_O15655_03_T05819_02_002_02_V002,0,0,0,0,0,0,0,2021
LARSE/GEDI/GEDI04_A_002/GEDI04_A_2021262220829_O15696_02_T07987_02_002_02_V002,0,0,0,0,0,0,0,2021
LARSE/GEDI/GEDI04_A_002/GEDI04_A_2021261072503_O15671_03_T10915_02_002_02_V002,0,0,0,0,0,0,0,2021
LARSE/GEDI/GEDI04_A_002/GEDI04_A_2021259072400_O15640_03_T10991_02_002_02_V002,180,180,3875,51963,180,293,3875,2021
LARSE/GEDI/GEDI04_A_002/GEDI04_A_2021260234023_O15666_02_T11063_02_002_02_V002,1596,1596,5095,27139,1596,1634,5095,2021
LARSE/GEDI/GEDI04_A_002/GEDI04_A_2021264050715_O15716_03_T11052_02_002_02_V002,0,0,0,0,0,0,0,2021
LARSE/GEDI/GEDI04_A_002/GEDI04_A_2021263225527_O15712_02_T08508_02_002_02_V002,0,0,0,0,0,0,0,2021
LARSE/GEDI/GEDI04_A_002/GEDI04_A_2021258002514_O15620_02_T04927_02_002_02_V002,0,0,62821,74754,0,28708,62821,2021
LARSE/GEDI/GEDI04_A_002/GEDI04_A_2021265055414_O15732_03_T08880_02_002_02_V002,0,0,0,0,0,0,0,2021
LARSE/GEDI/GEDI04_A_002/GEDI04_A_2021261225426_O15681_02_T05891_02_002_02_V002,21380,21380,50412,79381,21380,23899,50412,2021
LARSE/GEDI/GEDI04_A_002/GEDI04_A_2021264220934_O15727_02_T05065_02_002_02_V002,6822,6822,15360,20290,6822,7864,15360,2021
LARSE/GEDI/GEDI04_A_002/GEDI04_A_2021266050817_O15747_03_T08130_02_002_02_V002,7884,7884,17886,17931,7884,8244,17886,2021
LARSE/GEDI/GEDI04_A_002/GEDI04_A_2021266203739_O15757_02_T08951_02_002_02_V002,0,0,0,0,0,0,0,2021
LARSE/GEDI/GEDI04_A_002/GEDI04_A_2021268033610_O15777_03_T10899_02_002_02_V002,0,0,0,0,0,0,0,2021
LARSE/GEDI/GEDI04_A_002/GEDI04_A_2021267212432_O15773_02_T06779_02_002_02_V002,0,0,0,0,0,0,0,2021
LARSE/GEDI/GEDI04_A_002/GEDI04_A_2021265212336_O15742_02_T11277_02_002_02_V002,12504,12504,37176,84470,12504,12718,37176,2021
LARSE/GEDI/GEDI04_A_002/GEDI04_A_2021269042246_O15793_03_T05728_02_002_02_V002,0,0,0,0,0,0,0,2021
LARSE/GEDI/GEDI04_A_002/GEDI04_A_2021270190533_O15818_02_T08798_02_002_02_V002,0,0,0,0,0,0,0,2021
LARSE/GEDI/GEDI04_A_002/GEDI04_A_2021268203812_O15788_02_T06029_02_002_02_V002,4782,4782,10320,10391,4782,4782,10320,2021
LARSE/GEDI/GEDI04_A_002/GEDI04_A_2021271195203_O15834_02_T06626_02_002_02_V002,0,0,0,0,0,0,0,2021
LARSE/GEDI/GEDI04_A_002/GEDI04_A_2021270033626_O15808_03_T10823_02_002_02_V002,3441,3441,11301,12390,3441,4387,11301,2021
LARSE/GEDI/GEDI04_A_002/GEDI04_A_2021267042220_O15762_03_T03111_02_002_02_V002,21839,21839,55242,56445,21839,26582,55242,2021
LARSE/GEDI/GEDI04_A_002/GEDI04_A_2021262063907_O15686_03_T09859_02_002_02_V002,2,2,63,30667,2,2,63,2021
LARSE/GEDI/GEDI04_A_002/GEDI04_A_2021272190541_O15849_02_T03030_02_002_02_V002,312,312,6084,6811,312,1869,6084,2021
LARSE/GEDI/GEDI04_A_002/GEDI04_A_2021254015607_O15559_02_T09502_02_002_02_V002,1513,1513,7069,16503,1513,1513,7069,2021
LARSE/GEDI/GEDI04_A_002/GEDI04_A_2021274020354_O15869_03_T10670_02_002_02_V002,352,352,3436,5054,352,834,3436,2021
LARSE/GEDI/GEDI04_A_002/GEDI04_A_2021269195153_O15803_02_T08125_02_002_02_V002,31776,31776,84413,87953,31776,33194,84413,2021
LARSE/GEDI/GEDI04_A_002/GEDI04_A_2021274173259_O15879_02_T01683_02_002_02_V002,0,0,0,0,0,0,0,2021
LARSE/GEDI/GEDI04_A_002/GEDI04_A_2021275181931_O15895_02_T09319_02_002_02_V002,0,0,0,0,0,0,0,2021
LARSE/GEDI/GEDI04_A_002/GEDI04_A_2021276003109_O15899_03_T06324_02_002_02_V002,0,0,0,0,0,0,0,2021
LARSE/GEDI/GEDI04_A_002/GEDI04_A_2021277011740_O15915_03_T08421_02_002_02_V002,0,0,0,0,0,0,0,2021
LARSE/GEDI/GEDI04_A_002/GEDI04_A_2021278160018_O15940_02_T10068_02_002_02_V002,0,0,0,0,0,0,0,2021
LARSE/GEDI/GEDI04_A_002/GEDI04_A_2021279164647_O15956_02_T02204_02_002_02_V002,0,0,0,0,0,0,0,2021
LARSE/GEDI/GEDI04_A_002/GEDI04_A_2021275011732_O15884_03_T08497_02_002_02_V002,4150,4150,49057,61829,4150,16479,49057,2021
LARSE/GEDI/GEDI04_A_002/GEDI04_A_2021279225825_O15960_03_T03325_02_002_02_V002,0,0,0,0,0,0,0,2021
LARSE/GEDI/GEDI04_A_002/GEDI04_A_2021273181921_O15864_02_T09395_02_002_02_V002,0,0,1,89876,0,0,1,2021
LARSE/GEDI/GEDI04_A_002/GEDI04_A_2021276173308_O15910_02_T08569_02_002_02_V002,136,136,1669,7173,136,179,1669,2021
LARSE/GEDI/GEDI04_A_002/GEDI04_A_2021280160022_O15971_02_T09992_02_002_02_V002,0,0,486,554,0,117,486,2021
LARSE/GEDI/GEDI04_A_002/GEDI04_A_2021282142731_O16001_02_T07069_02_002_02_V002,0,0,0,0,0,0,0,2021
LARSE/GEDI/GEDI04_A_002/GEDI04_A_2021277164645_O15925_02_T02280_02_002_02_V002,1299,1299,14892,90215,1299,2006,14892,2021
LARSE/GEDI/GEDI04_A_002/GEDI04_A_2021278234450_O15945_03_T06921_02_002_02_V002,13,13,253,63279,13,13,253,2021
LARSE/GEDI/GEDI04_A_002/GEDI04_A_2021281225828_O15991_03_T03249_02_002_02_V002,0,0,0,0,0,0,0,2021
LARSE/GEDI/GEDI04_A_002/GEDI04_A_2021284142733_O16032_02_T06840_02_002_02_V002,0,0,0,0,0,0,0,2021
LARSE/GEDI/GEDI04_A_002/GEDI04_A_2021286125459_O16062_02_T09609_02_002_02_V002,0,0,0,0,0,0,0,2021
LARSE/GEDI/GEDI04_A_002/GEDI04_A_2021281151357_O15986_02_T07819_02_002_02_V002,2368,2368,17898,89951,2368,3086,17898,2021
LARSE/GEDI/GEDI04_A_002/GEDI04_A_2021283212536_O16021_03_T04748_02_002_02_V002,0,0,0,0,0,0,0,2021
LARSE/GEDI/GEDI04_A_002/GEDI04_A_2021285212547_O16052_03_T10211_02_002_02_V002,0,0,0,0,0,0,0,2021
LARSE/GEDI/GEDI04_A_002/GEDI04_A_2021287195325_O16082_03_T07288_02_002_02_V002,0,0,0,0,0,0,0,2021
LARSE/GEDI/GEDI04_A_002/GEDI04_A_2021289195357_O16113_03_T07212_02_002_02_V002,0,0,0,0,0,0,0,2021
LARSE/GEDI/GEDI04_A_002/GEDI04_A_2021285134110_O16047_02_T03397_02_002_02_V002,8570,8570,63993,88827,8570,9308,63993,2021
LARSE/GEDI/GEDI04_A_002/GEDI04_A_2021291182132_O16143_03_T08558_02_002_02_V002,0,0,0,0,0,0,0,2021
LARSE/GEDI/GEDI04_A_002/GEDI04_A_2021282221202_O16006_03_T09461_02_002_02_V002,13688,13688,62000,68038,13688,14346,62000,2021
LARSE/GEDI/GEDI04_A_002/GEDI04_A_2021288125533_O16093_02_T09533_02_002_02_V002,0,0,0,0,0,0,0,2021
LARSE/GEDI/GEDI04_A_002/GEDI04_A_2021289120921_O16108_02_T10359_02_002_02_V002,5626,5626,54422,83033,5626,5898,54422,2021
LARSE/GEDI/GEDI04_A_002/GEDI04_A_2021293182155_O16174_03_T08482_02_002_02_V002,0,0,0,0,0,0,0,2021
LARSE/GEDI/GEDI04_A_002/GEDI04_A_2021292112336_O16154_02_T10956_02_002_02_V002,0,0,0,0,0,0,0,2021
LARSE/GEDI/GEDI04_A_002/GEDI04_A_2021286203936_O16067_03_T06615_02_002_02_V002,8732,8732,59415,68682,8732,9081,59415,2021
LARSE/GEDI/GEDI04_A_002/GEDI04_A_2021296095130_O16215_02_T10650_02_002_02_V002,0,0,0,0,0,0,0,2021
LARSE/GEDI/GEDI04_A_002/GEDI04_A_2021297164948_O16235_03_T09599_02_002_02_V002,0,0,0,0,0,0,0,2021
LARSE/GEDI/GEDI04_A_002/GEDI04_A_2021295164925_O16204_03_T08405_02_002_02_V002,0,0,0,0,0,0,0,2021
LARSE/GEDI/GEDI04_A_002/GEDI04_A_2021290190744_O16128_03_T06462_02_002_02_V002,5791,5791,65728,71267,5791,6424,65728,2021
LARSE/GEDI/GEDI04_A_002/GEDI04_A_2021298081857_O16245_02_T06304_02_002_02_V002,0,0,0,0,0,0,0,2021
LARSE/GEDI/GEDI04_A_002/GEDI04_A_2021293103720_O16169_02_T08630_02_002_02_V002,8261,8261,77042,78925,8261,8462,77042,2021
LARSE/GEDI/GEDI04_A_002/GEDI04_A_2021304064655_O16337_02_T06075_02_002_02_V002,0,0,0,0,0,0,0,2021
LARSE/GEDI/GEDI04_A_002/GEDI04_A_2021299151713_O16265_03_T06829_02_002_02_V002,0,0,0,0,0,0,0,2021
LARSE/GEDI/GEDI04_A_002/GEDI04_A_2021305134508_O16357_03_T09293_02_002_02_V002,0,0,0,0,0,0,0,2021
LARSE/GEDI/GEDI04_A_002/GEDI04_A_2021306051412_O16367_02_T08844_02_002_02_V002,0,0,0,0,0,0,0,2021
LARSE/GEDI/GEDI04_A_002/GEDI04_A_2021297090514_O16230_02_T09900_02_002_02_V002,5102,5102,74925,76624,5102,5529,74925,2021
LARSE/GEDI/GEDI04_A_002/GEDI04_A_2021309121226_O16418_03_T07870_02_002_02_V002,0,0,0,0,0,0,0,2021
LARSE/GEDI/GEDI04_A_002/GEDI04_A_2021306125844_O16372_03_T10119_02_002_02_V002,1181,1181,50305,76820,1181,3568,50305,2021
LARSE/GEDI/GEDI04_A_002/GEDI04_A_2021308051419_O16398_02_T04499_02_002_02_V002,0,0,0,0,0,0,0,2021
LARSE/GEDI/GEDI04_A_002/GEDI04_A_2021298160332_O16250_03_T10425_02_002_02_V002,62,62,16092,79503,62,737,16092,2021
LARSE/GEDI/GEDI04_A_002/GEDI04_A_2021307121220_O16387_03_T06523_02_002_02_V002,393,393,13379,22836,393,604,13379,2021
LARSE/GEDI/GEDI04_A_002/GEDI04_A_2021305060035_O16352_02_T06748_02_002_02_V002,380,380,60995,70084,380,995,60995,2021
LARSE/GEDI/GEDI04_A_002/GEDI04_A_2021310034130_O16428_02_T10267_02_002_02_V002,0,0,0,0,0,0,0,2021
LARSE/GEDI/GEDI04_A_002/GEDI04_A_2021314020837_O16489_02_T08691_02_002_02_V002,0,0,0,0,0,0,0,2021
LARSE/GEDI/GEDI04_A_002/GEDI04_A_2021312034132_O16459_02_T10191_02_002_02_V002,0,0,0,0,0,0,0,2021
LARSE/GEDI/GEDI04_A_002/GEDI04_A_2021317090739_O16540_03_T10410_02_002_02_V002,0,0,0,0,0,0,0,2021
LARSE/GEDI/GEDI04_A_002/GEDI04_A_2021309042755_O16413_02_T09441_02_002_02_V002,43,43,21415,64239,43,47,21415,2021
LARSE/GEDI/GEDI04_A_002/GEDI04_A_2021320003738_O16581_02_T11155_02_002_02_V002,0,0,0,0,0,0,0,2021
LARSE/GEDI/GEDI04_A_002/GEDI04_A_2021318003656_O16550_02_T11384_02_002_02_V002,0,0,0,87,0,0,0,2021
LARSE/GEDI/GEDI04_A_002/GEDI04_A_2021319073529_O16570_03_T10333_02_002_02_V002,1184,1184,25348,38332,1184,1516,25348,2021
LARSE/GEDI/GEDI04_A_002/GEDI04_A_2021321073612_O16601_03_T07258_02_002_02_V002,0,0,0,0,0,0,0,2021
LARSE/GEDI/GEDI04_A_002/GEDI04_A_2021317012301_O16535_02_T09135_02_002_02_V002,710,710,56832,57900,710,1398,56832,2021
LARSE/GEDI/GEDI04_A_002/GEDI04_A_2021314095307_O16494_03_T09813_02_002_02_V002,2583,2583,35928,75308,2583,2769,35928,2021
LARSE/GEDI/GEDI04_A_002/GEDI04_A_2021321230528_O16611_02_T08232_02_002_02_V002,0,0,8615,12717,0,3472,8615,2021
LARSE/GEDI/GEDI04_A_002/GEDI04_A_2021325060441_O16662_03_T06952_02_002_02_V002,0,0,0,0,0,0,0,2021
LARSE/GEDI/GEDI04_A_002/GEDI04_A_2021322065006_O16616_03_T07931_02_002_02_V002,5153,5153,56336,60966,5153,7640,56336,2021
LARSE/GEDI/GEDI04_A_002/GEDI04_A_2021323060359_O16631_03_T08604_02_002_02_V002,868,868,31884,43734,868,1089,31884,2021
LARSE/GEDI/GEDI04_A_002/GEDI04_A_2021318082134_O16555_03_T11083_02_002_02_V002,5549,5549,67165,67544,5549,6017,67165,2021
LARSE/GEDI/GEDI04_A_002/GEDI04_A_2021331200256_O16764_02_T03275_02_002_02_V002,0,0,0,0,0,0,0,2021
LARSE/GEDI/GEDI04_A_002/GEDI04_A_2021324222004_O16657_02_T07253_02_002_02_V002,1582,1582,39036,42219,1582,2419,39036,2021
LARSE/GEDI/GEDI04_A_002/GEDI04_A_2021333030123_O16784_03_T08069_02_002_02_V002,0,0,0,0,0,0,0,2021
LARSE/GEDI/GEDI04_A_002/GEDI04_A_2021332191647_O16779_02_T01102_02_002_02_V002,0,0,8574,32276,0,132,8574,2021
LARSE/GEDI/GEDI04_A_002/GEDI04_A_2021335183059_O16825_02_T05815_02_002_02_V002,0,0,0,0,0,0,0,2021
LARSE/GEDI/GEDI04_A_002/GEDI04_A_2021325213357_O16672_02_T05080_02_002_02_V002,10753,10753,48479,71818,10753,12637,48479,2021
LARSE/GEDI/GEDI04_A_002/GEDI04_A_2021326051834_O16677_03_T00510_02_002_02_V002,0,0,28976,50750,0,3199,28976,2021
LARSE/GEDI/GEDI04_A_002/GEDI04_A_2021336004239_O16829_03_T08512_02_002_02_V002,0,0,0,0,0,0,0,2021
LARSE/GEDI/GEDI04_A_002/GEDI04_A_2021327043228_O16692_03_T08298_02_002_02_V002,503,503,24918,50154,503,509,24918,2021
LARSE/GEDI/GEDI04_A_002/GEDI04_A_2021334021506_O16799_03_T07319_02_002_02_V002,3116,3116,35834,36301,3116,4125,35834,2021
LARSE/GEDI/GEDI04_A_002/GEDI04_A_2021333183037_O16794_02_T08890_02_002_02_V002,0,0,75884,76993,0,11130,75884,2021
LARSE/GEDI/GEDI04_A_002/GEDI04_A_2021339231010_O16890_03_T01244_02_002_02_V002,0,0,0,0,0,0,0,2021
LARSE/GEDI/GEDI04_A_002/GEDI04_A_2021339165833_O16886_02_T06932_02_002_02_V002,0,0,0,0,0,0,0,2021
LARSE/GEDI/GEDI04_A_002/GEDI04_A_2021338161203_O16870_02_T09104_02_002_02_V002,0,0,0,0,0,0,0,2021
LARSE/GEDI/GEDI04_A_002/GEDI04_A_2021338235635_O16875_03_T04840_02_002_02_V002,1098,1098,46034,56615,1098,1098,46034,2021
LARSE/GEDI/GEDI04_A_002/GEDI04_A_2021340235639_O16906_03_T07457_02_002_02_V002,0,0,0,0,0,0,0,2021
LARSE/GEDI/GEDI04_A_002/GEDI04_A_2021338004259_O16860_03_T08283_02_002_02_V002,113,113,14380,24511,113,113,14380,2021
LARSE/GEDI/GEDI04_A_002/GEDI04_A_2021336174445_O16840_02_T06488_02_002_02_V002,0,0,21623,21728,0,50,21623,2021
LARSE/GEDI/GEDI04_A_002/GEDI04_A_2021335012852_O16814_03_T07839_02_002_02_V002,467,467,48223,53781,467,1312,48223,2021
LARSE/GEDI/GEDI04_A_002/GEDI04_A_2021343152546_O16947_02_T08355_02_002_02_V002,0,0,0,0,0,0,0,2021
LARSE/GEDI/GEDI04_A_002/GEDI04_A_2021343213723_O16951_03_T09629_02_002_02_V002,0,0,0,0,0,0,0,2021
LARSE/GEDI/GEDI04_A_002/GEDI04_A_2021344222352_O16967_03_T10303_02_002_02_V002,0,0,0,0,0,0,0,2021
LARSE/GEDI/GEDI04_A_002/GEDI04_A_2021342222349_O16936_03_T08803_02_002_02_V002,0,0,19683,56133,0,25,19683,2021
LARSE/GEDI/GEDI04_A_002/GEDI04_A_2021344143921_O16962_02_T06182_02_002_02_V002,0,0,355,14078,0,0,355,2021
LARSE/GEDI/GEDI04_A_002/GEDI04_A_2021346130629_O16992_02_T03412_02_002_02_V002,0,0,0,0,0,0,0,2021
LARSE/GEDI/GEDI04_A_002/GEDI04_A_2021347135257_O17008_02_T09625_02_002_02_V002,0,0,0,0,0,0,0,2021
LARSE/GEDI/GEDI04_A_002/GEDI04_A_2021347200434_O17012_03_T06630_02_002_02_V002,0,0,0,0,0,0,0,2021
LARSE/GEDI/GEDI04_A_002/GEDI04_A_2021345213726_O16982_03_T10976_02_002_02_V002,67,67,7552,17032,67,67,7552,2021
LARSE/GEDI/GEDI04_A_002/GEDI04_A_2021348130630_O17023_02_T10451_02_002_02_V002,62,62,12073,12115,62,62,12073,2021
LARSE/GEDI/GEDI04_A_002/GEDI04_A_2021341152542_O16916_02_T09701_02_002_02_V002,0,0,11685,85016,0,420,11685,2021
LARSE/GEDI/GEDI04_A_002/GEDI04_A_2021348205101_O17028_03_T08727_02_002_02_V002,0,0,0,0,0,0,0,2021
LARSE/GEDI/GEDI04_A_002/GEDI04_A_2021350113338_O17053_02_T07528_02_002_02_V002,0,0,0,0,0,0,0,2021
LARSE/GEDI/GEDI04_A_002/GEDI04_A_2021346205100_O16997_03_T07380_02_002_02_V002,1936,1936,55367,57364,1936,1936,55367,2021
LARSE/GEDI/GEDI04_A_002/GEDI04_A_2021351122005_O17069_02_T11048_02_002_02_V002,0,0,0,0,0,0,0,2021
LARSE/GEDI/GEDI04_A_002/GEDI04_A_2021349200435_O17043_03_T06554_02_002_02_V002,1426,1426,11186,14788,1426,1426,11186,2021
LARSE/GEDI/GEDI04_A_002/GEDI04_A_2021352191808_O17089_03_T07304_02_002_02_V002,0,0,0,0,0,0,0,2021
LARSE/GEDI/GEDI04_A_002/GEDI04_A_2021351183141_O17073_03_T08053_02_002_02_V002,0,0,0,0,0,0,0,2021
LARSE/GEDI/GEDI04_A_002/GEDI04_A_2021345135255_O16977_02_T06855_02_002_02_V002,137,137,11871,85619,137,137,11871,2021
LARSE/GEDI/GEDI04_A_002/GEDI04_A_2021350191809_O17058_03_T10226_02_002_02_V002,3,3,9958,57944,3,3,9958,2021
LARSE/GEDI/GEDI04_A_002/GEDI04_A_2021352113337_O17084_02_T08875_02_002_02_V002,0,0,17,11182,0,0,17,2021
LARSE/GEDI/GEDI04_A_002/GEDI04_A_2021349122004_O17038_02_T11124_02_002_02_V002,5754,5754,79166,86628,5754,5754,79166,2021
LARSE/GEDI/GEDI04_A_002/GEDI04_A_2021355104706_O17130_02_T09472_02_002_02_V002,0,0,0,0,0,0,0,2021
LARSE/GEDI/GEDI04_A_002/GEDI04_A_2021340161208_O16901_02_T07758_02_002_02_V002,0,0,0,16605,0,0,0,2021
LARSE/GEDI/GEDI04_A_002/GEDI04_A_2021353183141_O17104_03_T07977_02_002_02_V002,0,0,138,13578,0,0,138,2021
LARSE/GEDI/GEDI04_A_002/GEDI04_A_2021355165843_O17134_03_T06477_02_002_02_V002,0,0,0,0,0,0,0,2021
LARSE/GEDI/GEDI04_A_002/GEDI04_A_2021354174513_O17119_03_T05804_02_002_02_V002,14,14,13382,59167,14,14,13382,2021
LARSE/GEDI/GEDI04_A_002/GEDI04_A_2021359091306_O17191_02_T08355_02_002_02_V002,0,0,0,0,0,0,0,2021
LARSE/GEDI/GEDI04_A_002/GEDI04_A_2021359152432_O17195_03_T05360_02_002_02_V002,0,0,0,0,0,0,0,2021
LARSE/GEDI/GEDI04_A_002/GEDI04_A_2021360161015_O17211_03_T08880_02_002_02_V002,0,0,0,0,0,0,0,2021
LARSE/GEDI/GEDI04_A_002/GEDI04_A_2021353104710_O17099_02_T09548_02_002_02_V002,0,0,50,87160,0,0,50,2021
LARSE/GEDI/GEDI04_A_002/GEDI04_A_2021357165834_O17165_03_T06401_02_002_02_V002,2295,2295,8560,8739,2295,2295,8560,2021
LARSE/GEDI/GEDI04_A_002/GEDI04_A_2021360082558_O17206_02_T04912_02_002_02_V002,45,45,12193,16423,45,45,12193,2021
LARSE/GEDI/GEDI04_A_002/GEDI04_A_2021363134843_O17256_03_T07089_02_002_02_V002,0,0,0,0,0,0,0,2021
LARSE/GEDI/GEDI04_A_002/GEDI04_A_2021363073718_O17252_02_T02969_02_002_02_V002,0,0,0,0,0,0,0,2021
LARSE/GEDI/GEDI04_A_002/GEDI04_A_2021358161138_O17180_03_T07227_02_002_02_V002,720,720,35079,56195,720,720,35079,2021
LARSE/GEDI/GEDI04_A_002/GEDI04_A_2021364143423_O17272_03_T05070_02_002_02_V002,0,0,0,0,0,0,0,2021
LARSE/GEDI/GEDI04_A_002/GEDI04_A_2021362065132_O17236_02_T10833_02_002_02_V002,0,0,0,0,0,0,0,2021
LARSE/GEDI/GEDI04_A_002/GEDI04_A_2021361073850_O17221_02_T10007_02_002_02_V002,4042,4042,77681,82319,4042,4042,77681,2021
LARSE/GEDI/GEDI04_A_002/GEDI04_A_2021361152307_O17226_03_T04014_02_002_02_V002,6,6,6548,26357,6,6,6548,2021
LARSE/GEDI/GEDI04_A_002/GEDI04_A_2021362143548_O17241_03_T09109_02_002_02_V002,2,2,7339,54201,2,2,7339,2021
LARSE/GEDI/GEDI04_A_002/GEDI04_A_2021364065007_O17267_02_T06794_02_002_02_V002,0,0,1,25491,0,0,1,2021
LARSE/GEDI/GEDI04_A_002/GEDI04_A_2021365134710_O17287_03_T04626_02_002_02_V002,406,406,10960,42380,406,406,10960,2021
LARSE/GEDI/GEDI04_A_002/GEDI04_A_2021365060254_O17282_02_T00352_02_002_02_V002,1205,1205,30278,77570,1205,1205,30278,2021
LARSE/GEDI/GEDI04_A_002/GEDI04_A_2022002060119_O17313_02_T10543_02_002_02_V002,0,0,0,0,0,0,0,2022
LARSE/GEDI/GEDI04_A_002/GEDI04_A_2022003125820_O17333_03_T09645_02_002_02_V002,0,0,0,0,0,0,0,2022
LARSE/GEDI/GEDI04_A_002/GEDI04_A_2022006042512_O17374_02_T08156_02_002_02_V002,0,0,0,0,0,0,0,2022
LARSE/GEDI/GEDI04_A_002/GEDI04_A_2022007112213_O17394_03_T08681_02_002_02_V002,0,0,0,0,0,0,0,2022
LARSE/GEDI/GEDI04_A_002/GEDI04_A_2022005112352_O17363_03_T04182_02_002_02_V002,92,92,8145,47210,92,92,8145,2022
LARSE/GEDI/GEDI04_A_002/GEDI04_A_2022003051405_O17328_02_T11369_02_002_02_V002,0,0,478,35653,0,0,478,2022
LARSE/GEDI/GEDI04_A_002/GEDI04_A_2022004121107_O17348_03_T03356_02_002_02_V002,7830,7830,53590,53974,7830,7830,53590,2022
LARSE/GEDI/GEDI04_A_002/GEDI04_A_2022011020145_O17450_02_T06442_02_002_02_V002,866,866,58382,58772,866,866,58382,2022
LARSE/GEDI/GEDI04_A_002/GEDI04_A_2022001125957_O17302_03_T08145_02_002_02_V002,194,194,16126,51679,194,194,16126,2022
LARSE/GEDI/GEDI04_A_002/GEDI04_A_2022007033758_O17389_02_T08829_02_002_02_V002,364,364,36040,50977,364,364,36040,2022
LARSE/GEDI/GEDI04_A_002/GEDI04_A_2022011094600_O17455_03_T10563_02_002_02_V002,0,0,0,0,0,0,0,2022
LARSE/GEDI/GEDI04_A_002/GEDI04_A_2022014011316_O17496_02_T05922_02_002_02_V002,0,0,0,0,0,0,0,2022
LARSE/GEDI/GEDI04_A_002/GEDI04_A_2022015081043_O17516_03_T10869_02_002_02_V002,0,0,0,0,0,0,0,2022
LARSE/GEDI/GEDI04_A_002/GEDI04_A_2022004042652_O17343_02_T10772_02_002_02_V002,13708,13708,59468,72216,13708,13708,59468,2022
LARSE/GEDI/GEDI04_A_002/GEDI04_A_2022012011428_O17465_02_T09961_02_002_02_V002,0,0,0,0,0,0,0,2022
LARSE/GEDI/GEDI04_A_002/GEDI04_A_2022017233829_O17557_02_T10497_02_002_02_V002,0,0,0,0,0,0,0,2022
LARSE/GEDI/GEDI04_A_002/GEDI04_A_2022015233927_O17526_02_T07574_02_002_02_V002,0,0,0,0,0,0,0,2022
LARSE/GEDI/GEDI04_A_002/GEDI04_A_2022015002622_O17511_02_T08171_02_002_02_V002,502,502,58530,68732,502,502,58530,2022
LARSE/GEDI/GEDI04_A_002/GEDI04_A_2022019063549_O17577_03_T08329_02_002_02_V002,0,0,0,0,0,0,0,2022
LARSE/GEDI/GEDI04_A_002/GEDI04_A_2022013081140_O17485_03_T09216_02_002_02_V002,1047,1047,22896,24048,1047,1047,22896,2022
LARSE/GEDI/GEDI04_A_002/GEDI04_A_2022016072349_O17531_03_T07426_02_002_02_V002,0,0,106,80020,0,0,106,2022
LARSE/GEDI/GEDI04_A_002/GEDI04_A_2022017063654_O17546_03_T08099_02_002_02_V002,0,0,1329,5246,0,0,1329,2022
LARSE/GEDI/GEDI04_A_002/GEDI04_A_2022019220430_O17587_02_T07727_02_002_02_V002,0,0,0,0,0,0,0,2022
LARSE/GEDI/GEDI04_A_002/GEDI04_A_2022012085843_O17470_03_T08543_02_002_02_V002,7023,7023,67515,76785,7023,7023,67515,2022
LARSE/GEDI/GEDI04_A_002/GEDI04_A_2022021220325_O17618_02_T07957_02_003_01_V002,0,0,0,0,0,0,0,2022
LARSE/GEDI/GEDI04_A_002/GEDI04_A_2022021050152_O17607_03_T06982_02_003_01_V002,0,0,0,0,0,0,0,2022
LARSE/GEDI/GEDI04_A_002/GEDI04_A_2022023202924_O17648_02_T06610_02_003_01_V002,0,0,0,0,0,0,0,2022
LARSE/GEDI/GEDI04_A_002/GEDI04_A_2022023050044_O17638_03_T09905_02_003_01_V002,0,0,0,0,0,0,0,2022
LARSE/GEDI/GEDI04_A_002/GEDI04_A_2022020054851_O17592_03_T06156_02_003_01_V002,572,572,28085,77799,572,1068,28085,2022
LARSE/GEDI/GEDI04_A_002/GEDI04_A_2022025202812_O17679_02_T08110_02_003_01_V002,0,0,0,0,0,0,0,2022
LARSE/GEDI/GEDI04_A_002/GEDI04_A_2022018225132_O17572_02_T11323_02_002_02_V002,766,766,29187,74476,766,766,29187,2022
LARSE/GEDI/GEDI04_A_002/GEDI04_A_2022022211625_O17633_02_T07360_02_003_01_V002,2638,2638,60649,80549,2638,2638,60649,2022
LARSE/GEDI/GEDI04_A_002/GEDI04_A_2022027185405_O17709_02_T05493_02_003_01_V002,0,0,0,0,0,0,0,2022
LARSE/GEDI/GEDI04_A_002/GEDI04_A_2022029015118_O17729_03_T06018_02_003_01_V002,0,0,0,0,0,0,0,2022
LARSE/GEDI/GEDI04_A_002/GEDI04_A_2022027032528_O17699_03_T01673_02_003_01_V002,0,0,0,0,0,0,0,2022
LARSE/GEDI/GEDI04_A_002/GEDI04_A_2022025032642_O17668_03_T09981_02_003_01_V002,0,0,0,0,0,0,0,2022
LARSE/GEDI/GEDI04_A_002/GEDI04_A_2022029185246_O17740_02_T06993_02_003_01_V002,0,0,0,0,0,0,0,2022
LARSE/GEDI/GEDI04_A_002/GEDI04_A_2022028023823_O17714_03_T08038_02_003_01_V002,696,696,47336,69327,696,696,47336,2022
LARSE/GEDI/GEDI04_A_002/GEDI04_A_2022026194109_O17694_02_T08783_02_003_01_V002,5342,5342,78310,82041,5342,5342,78310,2022
LARSE/GEDI/GEDI04_A_002/GEDI04_A_2022031171834_O17770_02_T07222_02_003_01_V002,0,0,0,0,0,0,0,2022
LARSE/GEDI/GEDI04_A_002/GEDI04_A_2022033001543_O17790_03_T03478_02_003_01_V002,0,0,0,0,0,0,0,2022
LARSE/GEDI/GEDI04_A_002/GEDI04_A_2022031014958_O17760_03_T08941_02_003_01_V002,0,0,0,0,0,0,0,2022
LARSE/GEDI/GEDI04_A_002/GEDI04_A_2022024041343_O17653_03_T09155_02_003_01_V002,3836,3836,70753,73378,3836,3836,70753,2022
LARSE/GEDI/GEDI04_A_002/GEDI04_A_2022035154252_O17831_02_T07375_02_003_01_V002,0,0,0,0,0,0,0,2022
LARSE/GEDI/GEDI04_A_002/GEDI04_A_2022033171709_O17801_02_T01760_02_003_01_V002,0,0,0,7786,0,0,0,2022
LARSE/GEDI/GEDI04_A_002/GEDI04_A_2022034010126_O17806_03_T07151_02_003_01_V002,0,0,0,0,0,0,0,2022
LARSE/GEDI/GEDI04_A_002/GEDI04_A_2022035001418_O17821_03_T07824_02_003_01_V002,0,0,479,6934,0,0,479,2022
LARSE/GEDI/GEDI04_A_002/GEDI04_A_2022036162834_O17847_02_T11201_02_003_01_V002,0,0,0,0,0,0,0,2022
LARSE/GEDI/GEDI04_A_002/GEDI04_A_2022036224000_O17851_03_T11052_02_003_01_V002,0,0,0,0,0,0,0,2022
LARSE/GEDI/GEDI04_A_002/GEDI04_A_2022034163000_O17816_02_T00857_02_003_01_V002,1565,1565,40295,89711,1565,1565,40295,2022
LARSE/GEDI/GEDI04_A_002/GEDI04_A_2022030180540_O17755_02_T06396_02_003_01_V002,8224,8224,89373,89924,8224,8224,89373,2022
LARSE/GEDI/GEDI04_A_002/GEDI04_A_2022037232546_O17867_03_T06034_02_003_01_V002,0,0,0,0,0,0,0,2022
LARSE/GEDI/GEDI04_A_002/GEDI04_A_2022039140659_O17892_02_T02295_02_003_01_V002,0,0,0,0,0,0,0,2022
LARSE/GEDI/GEDI04_A_002/GEDI04_A_2022037154127_O17862_02_T02066_02_003_01_V002,173,173,13210,13305,173,173,13210,2022
LARSE/GEDI/GEDI04_A_002/GEDI04_A_2022038223843_O17882_03_T08283_02_003_01_V002,0,0,172,24538,0,0,172,2022
LARSE/GEDI/GEDI04_A_002/GEDI04_A_2022040145247_O17908_02_T07238_02_003_01_V002,0,0,0,0,0,0,0,2022
LARSE/GEDI/GEDI04_A_002/GEDI04_A_2022035232709_O17836_03_T10226_02_003_01_V002,0,0,31,56019,0,0,31,2022
LARSE/GEDI/GEDI04_A_002/GEDI04_A_2022040210413_O17912_03_T01397_02_003_01_V002,0,0,0,0,0,0,0,2022
LARSE/GEDI/GEDI04_A_002/GEDI04_A_2022041215000_O17928_03_T09186_02_003_01_V002,0,0,0,0,0,0,0,2022
LARSE/GEDI/GEDI04_A_002/GEDI04_A_2022039215118_O17897_03_T00571_02_003_01_V002,1087,1087,45845,54494,1087,1087,45845,2022
LARSE/GEDI/GEDI04_A_002/GEDI04_A_2022044131713_O17969_02_T08967_02_003_01_V002,0,0,0,0,0,0,0,2022
LARSE/GEDI/GEDI04_A_002/GEDI04_A_2022038145424_O17877_02_T09854_02_003_01_V002,0,0,273,82906,0,0,273,2022
LARSE/GEDI/GEDI04_A_002/GEDI04_A_2022041140542_O17923_02_T08064_02_003_01_V002,55,55,24386,24646,55,55,24386,2022
LARSE/GEDI/GEDI04_A_002/GEDI04_A_2022043201547_O17958_03_T01030_02_003_01_V002,564,564,28038,51532,564,564,28038,2022
LARSE/GEDI/GEDI04_A_002/GEDI04_A_2022049183823_O18050_03_T09951_02_003_02_V002,0,0,0,0,0,0,0,2022
LARSE/GEDI/GEDI04_A_002/GEDI04_A_2022042210253_O17943_03_T02897_02_003_01_V002,1515,1515,23714,33694,1515,1515,23714,2022
LARSE/GEDI/GEDI04_A_002/GEDI04_A_2022045123005_O17984_02_T08370_02_003_01_V002,357,357,32487,32682,357,357,32487,2022
LARSE/GEDI/GEDI04_A_002/GEDI04_A_2022050100653_O18060_02_T06809_02_003_02_V002,514,514,2018,8397,514,514,2018,2022
LARSE/GEDI/GEDI04_A_002/GEDI04_A_2022053170212_O18111_03_T06141_02_003_02_V002,0,0,0,0,0,0,0,2022
LARSE/GEDI/GEDI04_A_002/GEDI04_A_2022032180417_O17786_02_T10895_02_003_01_V002,0,0,0,0,0,0,0,2022
LARSE/GEDI/GEDI04_A_002/GEDI04_A_2022042131836_O17938_02_T10313_02_003_01_V002,8104,8104,68055,78339,8104,8104,68055,2022
LARSE/GEDI/GEDI04_A_002/GEDI04_A_2022051170353_O18080_03_T05911_02_003_02_V002,2097,2097,39252,40270,2097,2097,39252,2022
LARSE/GEDI/GEDI04_A_002/GEDI04_A_2022056082855_O18152_02_T07345_02_003_01_V002,0,0,0,0,0,0,0,2022
LARSE/GEDI/GEDI04_A_002/GEDI04_A_2022053091758_O18106_02_T08982_02_003_02_V002,0,0,4861,54476,0,0,4861,2022
LARSE/GEDI/GEDI04_A_002/GEDI04_A_2022049105408_O18045_02_T01714_02_003_02_V002,7,7,16791,46213,7,7,16791,2022
LARSE/GEDI/GEDI04_A_002/GEDI04_A_2022050175108_O18065_03_T09354_02_003_02_V002,9394,9394,60753,61113,9394,9394,60753,2022
LARSE/GEDI/GEDI04_A_002/GEDI04_A_2022054083041_O18121_02_T08538_02_003_02_V002,0,0,0,0,0,0,0,2022
LARSE/GEDI/GEDI04_A_002/GEDI04_A_2022057152605_O18172_03_T08023_02_003_02_V002,0,0,0,0,0,0,0,2022
LARSE/GEDI/GEDI04_A_002/GEDI04_A_2022055152738_O18141_03_T09063_02_003_01_V002,617,617,21155,26216,617,617,21155,2022
LARSE/GEDI/GEDI04_A_002/GEDI04_A_2022058065449_O18182_02_T05998_02_003_01_V002,0,0,0,0,0,0,0,2022
LARSE/GEDI/GEDI04_A_002/GEDI04_A_2022061135115_O18233_03_T08176_02_003_01_V002,0,0,0,0,0,0,0,2022
LARSE/GEDI/GEDI04_A_002/GEDI04_A_2022060065351_O18213_02_T08921_02_003_01_V002,0,0,0,0,0,0,0,2022
LARSE/GEDI/GEDI04_A_002/GEDI04_A_2022062051957_O18243_02_T10573_02_003_01_V002,0,0,0,0,0,0,0,2022
LARSE/GEDI/GEDI04_A_002/GEDI04_A_2022059135216_O18202_03_T06676_02_003_01_V002,0,0,0,0,0,0,0,2022
LARSE/GEDI/GEDI04_A_002/GEDI04_A_2022054161455_O18126_03_T08390_02_003_02_V002,4366,4366,48491,75080,4366,4370,48491,2022
LARSE/GEDI/GEDI04_A_002/GEDI04_A_2022063121719_O18263_03_T09675_02_003_01_V002,0,0,0,0,0,0,0,2022
LARSE/GEDI/GEDI04_A_002/GEDI04_A_2022058143911_O18187_03_T05850_02_003_01_V002,789,789,6041,77918,789,789,6041,2022
LARSE/GEDI/GEDI04_A_002/GEDI04_A_2022064051852_O18274_02_T06534_02_003_01_V002,0,0,0,0,0,0,0,2022
LARSE/GEDI/GEDI04_A_002/GEDI04_A_2022065121613_O18294_03_T02790_02_003_02_V002,0,0,0,0,0,0,0,2022
LARSE/GEDI/GEDI04_A_002/GEDI04_A_2022057074143_O18167_02_T11017_02_003_01_V002,382,382,40399,66938,382,382,40399,2022
LARSE/GEDI/GEDI04_A_002/GEDI04_A_2022066034453_O18304_02_T06457_02_003_01_V002,0,0,0,0,0,0,0,2022
LARSE/GEDI/GEDI04_A_002/GEDI04_A_2022061060654_O18228_02_T09594_02_003_01_V002,1295,1295,71002,72058,1295,1295,71002,2022
LARSE/GEDI/GEDI04_A_002/GEDI04_A_2022068034341_O18335_02_T00995_02_003_01_V002,0,0,0,0,0,0,0,2022
LARSE/GEDI/GEDI04_A_002/GEDI04_A_2022071090659_O18385_03_T04595_02_003_01_V002,0,0,0,0,0,0,0,2022
LARSE/GEDI/GEDI04_A_002/GEDI04_A_2022065043153_O18289_02_T07207_02_003_01_V002,5269,5269,76778,78134,5269,5269,76778,2022
LARSE/GEDI/GEDI04_A_002/GEDI04_A_2022066112913_O18309_03_T10731_02_003_01_V002,3691,3691,51117,72528,3691,3691,51117,2022
LARSE/GEDI/GEDI04_A_002/GEDI04_A_2022069104057_O18355_03_T08635_02_003_02_V002,0,0,0,0,0,0,0,2022
LARSE/GEDI/GEDI04_A_002/GEDI04_A_2022072020840_O18396_02_T02724_02_003_02_V002,0,0,0,0,0,0,0,2022
LARSE/GEDI/GEDI04_A_002/GEDI04_A_2022062130418_O18248_03_T10425_02_003_01_V002,6020,6020,77683,79492,6020,6020,77683,2022
LARSE/GEDI/GEDI04_A_002/GEDI04_A_2022074003500_O18426_02_T05646_02_003_01_V002,0,0,0,0,0,0,0,2022
LARSE/GEDI/GEDI04_A_002/GEDI04_A_2022069025638_O18350_02_T04667_02_003_01_V002,0,0,266,83515,0,0,266,2022
LARSE/GEDI/GEDI04_A_002/GEDI04_A_2022075073231_O18446_03_T07594_02_003_01_V002,0,0,0,0,0,0,0,2022
LARSE/GEDI/GEDI04_A_002/GEDI04_A_2022073090616_O18416_03_T10364_02_003_01_V002,0,0,0,0,0,0,0,2022
LARSE/GEDI/GEDI04_A_002/GEDI04_A_2022079055752_O18507_03_T09170_02_003_01_V002,0,0,0,0,0,0,0,2022
LARSE/GEDI/GEDI04_A_002/GEDI04_A_2022073012152_O18411_02_T06243_02_003_01_V002,7279,7279,87952,88370,7279,7383,87952,2022
LARSE/GEDI/GEDI04_A_002/GEDI04_A_2022080064349_O18523_03_T04305_02_003_01_V002,0,0,0,0,0,0,0,2022
LARSE/GEDI/GEDI04_A_002/GEDI04_A_2022074081923_O18431_03_T06768_02_003_01_V002,2146,2146,51259,65871,2146,2146,51259,2022
LARSE/GEDI/GEDI04_A_002/GEDI04_A_2022079225928_O18518_02_T08722_02_003_01_V002,0,0,7263,7297,0,0,7263,2022
LARSE/GEDI/GEDI04_A_002/GEDI04_A_2022078234622_O18503_02_T07896_02_003_01_V002,0,0,0,0,0,0,0,2022
LARSE/GEDI/GEDI04_A_002/GEDI04_A_2022081212540_O18548_02_T04529_02_003_01_V002,0,0,0,0,0,0,0,2022
LARSE/GEDI/GEDI04_A_002/GEDI04_A_2022076003410_O18457_02_T09839_02_003_01_V002,0,0,18,18,0,0,18,2022
LARSE/GEDI/GEDI04_A_002/GEDI04_A_2022082221137_O18564_02_T08049_02_003_01_V002,0,0,0,0,0,0,0,2022
LARSE/GEDI/GEDI04_A_002/GEDI04_A_2022081055657_O18538_03_T09094_02_003_01_V002,0,0,885,2938,0,0,885,2022
LARSE/GEDI/GEDI04_A_002/GEDI04_A_2022083042306_O18568_03_T07900_02_003_01_V002,0,0,0,0,0,0,0,2022
LARSE/GEDI/GEDI04_A_002/GEDI04_A_2022084050901_O18584_03_T07304_02_003_01_V002,0,0,0,0,0,0,0,2022
LARSE/GEDI/GEDI04_A_002/GEDI04_A_2022085195044_O18609_02_T10527_02_003_01_V002,0,0,0,0,0,0,0,2022
LARSE/GEDI/GEDI04_A_002/GEDI04_A_2022083212440_O18579_02_T03183_02_003_01_V002,0,0,11011,11268,0,0,11011,2022
LARSE/GEDI/GEDI04_A_002/GEDI04_A_2022086203637_O18625_02_T06932_02_003_01_V002,0,0,0,0,0,0,0,2022
LARSE/GEDI/GEDI04_A_002/GEDI04_A_2022087024804_O18629_03_T01091_02_003_01_V002,0,0,0,0,0,0,0,2022
LARSE/GEDI/GEDI04_A_002/GEDI04_A_2022080221232_O18533_02_T07972_02_003_01_V002,5194,5194,87532,90063,5194,5194,87532,2022
LARSE/GEDI/GEDI04_A_002/GEDI04_A_2022082051002_O18553_03_T04228_02_003_01_V002,10,10,2361,60922,10,10,2361,2022
LARSE/GEDI/GEDI04_A_002/GEDI04_A_2022085042203_O18599_03_T02438_02_003_01_V002,2441,2441,16183,16349,2441,2441,16183,2022
LARSE/GEDI/GEDI04_A_002/GEDI04_A_2022087194936_O18640_02_T07758_02_003_01_V002,8,8,13264,16899,8,8,13264,2022
LARSE/GEDI/GEDI04_A_002/GEDI04_A_2022084203743_O18594_02_T08278_02_003_01_V002,4193,4193,63759,85973,4193,4193,63759,2022
LARSE/GEDI/GEDI04_A_002/GEDI04_A_2022088033355_O18645_03_T01918_02_003_01_V002,0,0,0,0,0,0,0,2022
LARSE/GEDI/GEDI04_A_002/GEDI04_A_2022091011241_O18690_03_T04243_02_003_02_V002,0,0,0,0,0,0,0,2022
LARSE/GEDI/GEDI04_A_002/GEDI04_A_2022092015822_O18706_03_T10762_02_003_02_V002,0,0,0,0,0,0,0,2022
LARSE/GEDI/GEDI04_A_002/GEDI04_A_2022086033504_O18614_03_T08803_02_003_01_V002,1912,1912,49849,56849,1912,1926,49849,2022
LARSE/GEDI/GEDI04_A_002/GEDI04_A_2022090190115_O18686_02_T08661_02_003_01_V002,0,0,0,0,0,0,0,2022
LARSE/GEDI/GEDI04_A_002/GEDI04_A_2022089181531_O18670_02_T09257_02_003_01_V002,0,0,0,0,0,0,0,2022
LARSE/GEDI/GEDI04_A_002/GEDI04_A_2022088190234_O18655_02_T04315_02_003_01_V002,2930,2930,77005,81906,2930,2930,77005,2022
LARSE/GEDI/GEDI04_A_002/GEDI04_A_2022090015947_O18675_03_T07686_02_003_01_V002,683,683,35187,54649,683,683,35187,2022
LARSE/GEDI/GEDI04_A_002/GEDI04_A_2022091181407_O18701_02_T00949_02_003_01_V002,0,0,23792,24046,0,171,23792,2022
LARSE/GEDI/GEDI04_A_002/GEDI04_A_2022094172521_O18747_02_T02005_02_003_01_V002,0,0,0,0,0,0,0,2022
LARSE/GEDI/GEDI04_A_002/GEDI04_A_2022096002219_O18767_03_T06799_02_003_01_V002,0,0,0,0,0,0,0,2022
LARSE/GEDI/GEDI04_A_002/GEDI04_A_2022092172655_O18716_02_T07467_02_003_01_V002,0,0,21975,78042,0,364,21975,2022
LARSE/GEDI/GEDI04_A_002/GEDI04_A_2022094002359_O18736_03_T06722_02_003_01_V002,2578,2578,45622,51482,2578,2578,45622,2022
LARSE/GEDI/GEDI04_A_002/GEDI04_A_2022099224556_O18828_03_T10257_02_003_01_V002,0,0,0,0,0,0,0,2022
LARSE/GEDI/GEDI04_A_002/GEDI04_A_2022096233503_O18782_03_T06202_02_003_01_V002,10,10,2911,52618,10,10,2911,2022
LARSE/GEDI/GEDI04_A_002/GEDI04_A_2022093011111_O18721_03_T01627_02_003_01_V002,3040,3040,33888,34323,3040,3040,33888,2022
LARSE/GEDI/GEDI04_A_002/GEDI04_A_2022096155048_O18777_02_T02234_02_003_01_V002,0,0,13342,72747,0,1686,13342,2022
LARSE/GEDI/GEDI04_A_002/GEDI04_A_2022095163804_O18762_02_T11216_02_003_01_V002,0,0,0,35329,0,0,0,2022
LARSE/GEDI/GEDI04_A_002/GEDI04_A_2022102141227_O18869_02_T07192_02_003_02_V002,0,0,0,0,0,0,0,2022
LARSE/GEDI/GEDI04_A_002/GEDI04_A_2022099150143_O18823_02_T07559_02_003_01_V002,0,0,7110,52836,0,0,7110,2022
LARSE/GEDI/GEDI04_A_002/GEDI04_A_2022100141422_O18838_02_T11231_02_003_01_V002,943,943,3092,4983,943,943,3092,2022
LARSE/GEDI/GEDI04_A_002/GEDI04_A_2022101211113_O18858_03_T06064_02_003_01_V002,47,47,4074,34049,47,47,4074,2022
LARSE/GEDI/GEDI04_A_002/GEDI04_A_2022104123738_O18899_02_T04575_02_003_01_V002,0,0,0,0,0,0,0,2022
LARSE/GEDI/GEDI04_A_002/GEDI04_A_2022103210914_O18889_03_T09140_02_003_01_V002,0,0,0,0,0,0,0,2022
LARSE/GEDI/GEDI04_A_002/GEDI04_A_2022100215835_O18843_03_T10930_02_003_01_V002,8347,8347,61260,61749,8347,8347,61260,2022
LARSE/GEDI/GEDI04_A_002/GEDI04_A_2022097224744_O18797_03_T09874_02_003_01_V002,2728,2728,43381,46902,2728,2728,43381,2022
LARSE/GEDI/GEDI04_A_002/GEDI04_A_2022103132503_O18884_02_T10864_02_003_01_V002,11,11,1692,61646,11,11,1692,2022
LARSE/GEDI/GEDI04_A_002/GEDI04_A_2022106123536_O18930_02_T07498_02_003_01_V002,0,0,0,0,0,0,0,2022
LARSE/GEDI/GEDI04_A_002/GEDI04_A_2022107193219_O18950_03_T05483_02_003_01_V002,0,0,0,0,0,0,0,2022
LARSE/GEDI/GEDI04_A_002/GEDI04_A_2022108110039_O18960_02_T09303_02_003_01_V002,0,0,0,0,0,0,0,2022
LARSE/GEDI/GEDI04_A_002/GEDI04_A_2022105193424_O18919_03_T02407_02_003_01_V002,1923,1923,21252,22302,1923,1923,21252,2022
LARSE/GEDI/GEDI04_A_002/GEDI04_A_2022104202150_O18904_03_T01581_02_003_01_V002,1744,1744,31805,76604,1744,1744,31805,2022
LARSE/GEDI/GEDI04_A_002/GEDI04_A_2022110105831_O18991_02_T02571_02_003_01_V002,0,0,0,0,0,0,0,2022
LARSE/GEDI/GEDI04_A_002/GEDI04_A_2022109175720_O18980_03_T02866_02_003_01_V002,0,0,0,0,0,0,0,2022
LARSE/GEDI/GEDI04_A_002/GEDI04_A_2022112092327_O19021_02_T08492_02_003_01_V002,0,0,0,0,0,0,0,2022
LARSE/GEDI/GEDI04_A_002/GEDI04_A_2022111175508_O19011_03_T01826_02_003_01_V002,0,0,0,0,0,0,0,2022
LARSE/GEDI/GEDI04_A_002/GEDI04_A_2022113100843_O19037_02_T10742_02_003_01_V002,0,0,0,0,0,0,0,2022
LARSE/GEDI/GEDI04_A_002/GEDI04_A_2022113162002_O19041_03_T10593_02_003_01_V002,0,0,0,0,0,0,0,2022
LARSE/GEDI/GEDI04_A_002/GEDI04_A_2022107114808_O18945_02_T01362_02_003_01_V002,1352,1352,31831,75867,1352,1352,31831,2022
LARSE/GEDI/GEDI04_A_002/GEDI04_A_2022111101059_O19006_02_T04820_02_003_01_V002,3021,3021,52754,86690,3021,3021,52754,2022
LARSE/GEDI/GEDI04_A_002/GEDI04_A_2022108184450_O18965_03_T00617_02_003_01_V002,2291,2291,26417,74828,2291,2291,26417,2022
LARSE/GEDI/GEDI04_A_002/GEDI04_A_2022114170517_O19057_03_T06998_02_003_01_V002,0,0,0,0,0,0,0,2022
LARSE/GEDI/GEDI04_A_002/GEDI04_A_2022116074727_O19082_02_T10221_02_003_01_V002,0,0,0,0,0,0,0,2022
LARSE/GEDI/GEDI04_A_002/GEDI04_A_2022114092109_O19052_02_T07299_02_003_01_V002,79,79,5076,5331,79,79,5076,2022
LARSE/GEDI/GEDI04_A_002/GEDI04_A_2022118153019_O19118_03_T10303_02_003_01_V002,0,0,0,0,0,0,0,2022
LARSE/GEDI/GEDI04_A_002/GEDI04_A_2022120061138_O19143_02_T07834_02_003_01_V002,0,0,0,0,0,0,0,2022
LARSE/GEDI/GEDI04_A_002/GEDI04_A_2022121065714_O19159_02_T10084_02_003_01_V002,0,0,0,0,0,0,0,2022
LARSE/GEDI/GEDI04_A_002/GEDI04_A_2022116153145_O19087_03_T07074_02_003_01_V002,0,0,33118,60765,0,3638,33118,2022
LARSE/GEDI/GEDI04_A_002/GEDI04_A_2022112170736_O19026_03_T05498_02_003_01_V002,0,0,58682,63827,0,5626,58682,2022
LARSE/GEDI/GEDI04_A_002/GEDI04_A_2022120135553_O19148_03_T01994_02_003_01_V002,250,250,39893,54549,250,4416,39893,2022
LARSE/GEDI/GEDI04_A_002/GEDI04_A_2022122135412_O19179_03_T03494_02_003_01_V002,0,0,0,0,0,0,0,2022
LARSE/GEDI/GEDI04_A_002/GEDI04_A_2022119065851_O19128_02_T08431_02_003_01_V002,14837,14837,82840,83791,14837,14837,82840,2022
LARSE/GEDI/GEDI04_A_002/GEDI04_A_2022121130838_O19163_03_T02820_02_003_01_V002,0,0,0,0,0,0,0,2022
LARSE/GEDI/GEDI04_A_002/GEDI04_A_2022122060958_O19174_02_T09334_02_003_01_V002,977,977,12685,22712,977,977,12685,2022
LARSE/GEDI/GEDI04_A_002/GEDI04_A_2022126121750_O19240_03_T01107_02_003_01_V002,0,0,0,0,0,0,0,2022
LARSE/GEDI/GEDI04_A_002/GEDI04_A_2022119144308_O19133_03_T02591_02_003_01_V002,0,0,11372,22144,0,323,11372,2022
LARSE/GEDI/GEDI04_A_002/GEDI04_A_2022129034426_O19281_02_T02464_02_003_01_V002,0,0,0,0,0,0,0,2022
LARSE/GEDI/GEDI04_A_002/GEDI04_A_2022124121938_O19209_03_T09568_02_003_01_V002,3272,3272,23036,50738,3272,3272,23036,2022
LARSE/GEDI/GEDI04_A_002/GEDI04_A_2022123130656_O19194_03_T08589_02_003_01_V002,6932,6932,33067,34039,6932,6932,33067,2022
LARSE/GEDI/GEDI04_A_002/GEDI04_A_2022128104310_O19270_03_T01489_02_003_01_V002,122,122,5469,46433,122,122,5469,2022
LARSE/GEDI/GEDI04_A_002/GEDI04_A_2022123052241_O19189_02_T04621_02_003_01_V002,5374,5374,50080,77933,5374,5374,50080,2022
LARSE/GEDI/GEDI04_A_002/GEDI04_A_2022130104114_O19301_03_T07411_02_003_01_V002,0,0,0,0,0,0,0,2022
LARSE/GEDI/GEDI04_A_002/GEDI04_A_2022127034617_O19250_02_T09196_02_003_01_V002,20211,20211,61147,72698,20211,20211,61147,2022
LARSE/GEDI/GEDI04_A_002/GEDI04_A_2022133020741_O19342_02_T05769_02_003_01_V002,0,0,0,0,0,0,0,2022
LARSE/GEDI/GEDI04_A_002/GEDI04_A_2022127113030_O19255_03_T09048_02_003_02_V002,17942,17942,54695,55237,17942,17942,54695,2022
LARSE/GEDI/GEDI04_A_002/GEDI04_A_2022132090627_O19331_03_T10486_02_003_01_V002,2617,2617,10106,28265,2617,2617,10106,2022
LARSE/GEDI/GEDI04_A_002/GEDI04_A_2022130025702_O19296_02_T06136_02_003_01_V002,25431,25431,52593,53631,25431,25431,52593,2022
LARSE/GEDI/GEDI04_A_002/GEDI04_A_2022134090427_O19362_03_T10716_02_003_02_V002,0,0,0,0,0,0,0,2022
LARSE/GEDI/GEDI04_A_002/GEDI04_A_2022135003259_O19372_02_T07421_02_003_01_V002,0,0,0,0,0,0,0,2022
LARSE/GEDI/GEDI04_A_002/GEDI04_A_2022131020939_O19311_02_T06962_02_003_01_V002,39,39,281,1486,39,39,281,2022
LARSE/GEDI/GEDI04_A_002/GEDI04_A_2022131095351_O19316_03_T08237_02_003_01_V002,30019,30019,68667,69344,30019,30019,68667,2022
LARSE/GEDI/GEDI04_A_002/GEDI04_A_2022138072933_O19423_03_T00908_02_003_01_V002,0,0,0,0,0,0,0,2022
LARSE/GEDI/GEDI04_A_002/GEDI04_A_2022138225817_O19433_02_T06151_02_003_01_V002,0,0,0,0,0,0,0,2022
LARSE/GEDI/GEDI04_A_002/GEDI04_A_2022137003205_O19403_02_T10344_02_003_01_V002,0,0,0,0,0,0,0,2022
LARSE/GEDI/GEDI04_A_002/GEDI04_A_2022142055433_O19484_03_T11175_02_003_01_V002,0,0,0,0,0,0,0,2022
LARSE/GEDI/GEDI04_A_002/GEDI04_A_2022136073030_O19392_03_T00831_02_003_01_V002,5656,5656,18816,22972,5656,5656,18816,2022
LARSE/GEDI/GEDI04_A_002/GEDI04_A_2022135081722_O19377_03_T08543_02_003_01_V002,11852,11852,31220,76680,11852,11852,31220,2022
LARSE/GEDI/GEDI04_A_002/GEDI04_A_2022137234511_O19418_02_T02632_02_003_01_V002,46647,46647,71860,73044,46647,46647,71860,2022
LARSE/GEDI/GEDI04_A_002/GEDI04_A_2022142212313_O19494_02_T05034_02_003_01_V002,0,0,0,0,0,0,0,2022
LARSE/GEDI/GEDI04_A_002/GEDI04_A_2022134012016_O19357_02_T08018_02_003_01_V002,24185,24185,42337,63036,24185,24185,42337,2022
LARSE/GEDI/GEDI04_A_002/GEDI04_A_2022144212159_O19525_02_T00842_02_003_01_V002,0,0,0,0,0,0,0,2022
LARSE/GEDI/GEDI04_A_002/GEDI04_A_2022144042030_O19514_03_T06982_02_003_01_V002,0,0,0,0,0,0,0,2022
LARSE/GEDI/GEDI04_A_002/GEDI04_A_2022146194749_O19555_02_T05340_02_003_01_V002,0,0,0,0,0,0,0,2022
LARSE/GEDI/GEDI04_A_002/GEDI04_A_2022141221014_O19479_02_T07054_02_003_01_V002,280,280,4542,76221,280,280,4542,2022
LARSE/GEDI/GEDI04_A_002/GEDI04_A_2022139064237_O19438_03_T04580_02_003_01_V002,43345,43345,76691,79566,43345,43345,76691,2022
LARSE/GEDI/GEDI04_A_002/GEDI04_A_2022148194626_O19586_02_T06840_02_003_01_V002,0,0,0,0,0,0,0,2022
LARSE/GEDI/GEDI04_A_002/GEDI04_A_2022148024500_O19575_03_T05865_02_003_01_V002,0,0,0,0,0,0,0,2022
LARSE/GEDI/GEDI04_A_002/GEDI04_A_2022143050733_O19499_03_T09002_02_003_01_V002,332,332,2527,77010,332,332,2527,2022
LARSE/GEDI/GEDI04_A_002/GEDI04_A_2022146041913_O19545_03_T09905_02_003_01_V002,0,0,0,0,0,0,0,2022
LARSE/GEDI/GEDI04_A_002/GEDI04_A_2022150024333_O19606_03_T04672_02_003_01_V002,0,0,0,0,0,0,0,2022
LARSE/GEDI/GEDI04_A_002/GEDI04_A_2022153015451_O19652_03_T01306_02_003_01_V002,0,0,0,0,0,0,0,2022
LARSE/GEDI/GEDI04_A_002/GEDI04_A_2022150181206_O19616_02_T04223_02_003_01_V002,0,0,0,0,0,0,0,2022
LARSE/GEDI/GEDI04_A_002/GEDI04_A_2022154163608_O19677_02_T01836_02_003_01_V002,0,0,0,0,0,0,0,2022
LARSE/GEDI/GEDI04_A_002/GEDI04_A_2022152181035_O19647_02_T10145_02_003_01_V002,0,0,5519,6570,0,3580,5519,2022
LARSE/GEDI/GEDI04_A_002/GEDI04_A_2022147033207_O19560_03_T09308_02_003_01_V002,294,294,1660,70498,294,294,1660,2022
LARSE/GEDI/GEDI04_A_002/GEDI04_A_2022151015622_O19621_03_T11190_02_003_01_V002,23882,23882,44323,65809,23882,23971,44323,2022
LARSE/GEDI/GEDI04_A_002/GEDI04_A_2022158145957_O19738_02_T03565_02_003_01_V002,0,0,0,0,0,0,0,2022
LARSE/GEDI/GEDI04_A_002/GEDI04_A_2022149185917_O19601_02_T00551_02_003_01_V002,0,0,61767,87976,0,25610,61767,2022
LARSE/GEDI/GEDI04_A_002/GEDI04_A_2022159154531_O19754_02_T04392_02_003_01_V002,0,0,0,0,0,0,0,2022
LARSE/GEDI/GEDI04_A_002/GEDI04_A_2022157001845_O19713_03_T07457_02_003_01_V002,0,0,0,0,0,0,0,2022
LARSE/GEDI/GEDI04_A_002/GEDI04_A_2022159215654_O19758_03_T11358_02_003_01_V002,0,0,0,0,0,0,0,2022
LARSE/GEDI/GEDI04_A_002/GEDI04_A_2022160224226_O19774_03_T07916_02_003_02_V002,0,0,0,0,0,0,0,2022
LARSE/GEDI/GEDI04_A_002/GEDI04_A_2022153172322_O19662_02_T10818_02_003_01_V002,0,0,69370,88096,0,28862,69370,2022
LARSE/GEDI/GEDI04_A_002/GEDI04_A_2022158224411_O19743_03_T10532_02_003_01_V002,0,0,27115,54743,0,14592,27115,2022
LARSE/GEDI/GEDI04_A_002/GEDI04_A_2022155002024_O19682_03_T01382_02_003_01_V002,0,0,16825,61386,0,9229,16825,2022
LARSE/GEDI/GEDI04_A_002/GEDI04_A_2022157233128_O19728_03_T11129_02_003_01_V002,0,0,7380,23095,0,2244,7380,2022
LARSE/GEDI/GEDI04_A_002/GEDI04_A_2022160145812_O19769_02_T06641_02_003_02_V002,0,0,4231,26529,0,1618,4231,2022
LARSE/GEDI/GEDI04_A_002/GEDI04_A_2022163140904_O19815_02_T09120_02_003_02_V002,0,0,0,0,0,0,0,2022
LARSE/GEDI/GEDI04_A_002/GEDI04_A_2022164210556_O19835_03_T05529_02_003_02_V002,0,0,0,0,0,0,0,2022
LARSE/GEDI/GEDI04_A_002/GEDI04_A_2022161141053_O19784_02_T06044_02_003_02_V002,0,0,73446,77449,0,39995,73446,2022
LARSE/GEDI/GEDI04_A_002/GEDI04_A_2022161215507_O19789_03_T04473_02_003_02_V002,122,122,2025,35191,122,122,2025,2022
LARSE/GEDI/GEDI04_A_002/GEDI04_A_2022167123226_O19876_02_T06733_02_003_02_V002,0,0,0,0,0,0,0,2022
LARSE/GEDI/GEDI04_A_002/GEDI04_A_2022168192914_O19896_03_T05988_02_003_02_V002,0,0,0,0,0,0,0,2022
LARSE/GEDI/GEDI04_A_002/GEDI04_A_2022162210747_O19804_03_T02606_02_003_02_V002,17998,17998,31026,50440,17998,17998,31026,2022
LARSE/GEDI/GEDI04_A_002/GEDI04_A_2022165201834_O19850_03_T07778_02_003_02_V002,4,4,122,60144,4,4,122,2022
LARSE/GEDI/GEDI04_A_002/GEDI04_A_2022172175343_O19957_03_T00602_02_003_02_V002,0,0,0,0,0,0,0,2022
LARSE/GEDI/GEDI04_A_002/GEDI04_A_2022171105643_O19937_02_T08615_02_003_02_V002,0,0,0,0,0,0,0,2022
LARSE/GEDI/GEDI04_A_002/GEDI04_A_2022164132143_O19830_02_T07100_02_003_02_V002,21440,21440,34951,37772,21440,21440,34951,2022
LARSE/GEDI/GEDI04_A_002/GEDI04_A_2022173092211_O19967_02_T08691_02_003_02_V002,0,0,0,0,0,0,0,2022
LARSE/GEDI/GEDI04_A_002/GEDI04_A_2022169105804_O19906_02_T01270_02_003_02_V002,0,0,0,2143,0,0,0,2022
LARSE/GEDI/GEDI04_A_002/GEDI04_A_2022166193111_O19865_03_T10180_02_003_02_V002,19210,19210,36028,42326,19210,19210,36028,2022
LARSE/GEDI/GEDI04_A_002/GEDI04_A_2022168114502_O19891_02_T03290_02_003_02_V002,28805,28805,44425,54168,28805,28805,44425,2022
LARSE/GEDI/GEDI04_A_002/GEDI04_A_2022165123422_O19845_02_T06503_02_003_02_V002,7431,7431,26498,55511,7431,7431,26498,2022
LARSE/GEDI/GEDI04_A_002/GEDI04_A_2022174161913_O19987_03_T06523_02_003_02_V002,0,0,6834,22949,0,2647,6834,2022
LARSE/GEDI/GEDI04_A_002/GEDI04_A_2022175092034_O19998_02_T06075_02_003_02_V002,0,0,0,0,0,0,0,2022
LARSE/GEDI/GEDI04_A_002/GEDI04_A_2022173170627_O19972_03_T00005_02_003_02_V002,0,0,72876,76422,0,38923,72876,2022
LARSE/GEDI/GEDI04_A_002/GEDI04_A_2022178144319_O20048_03_T02713_02_003_02_V002,0,0,0,0,0,0,0,2022
LARSE/GEDI/GEDI04_A_002/GEDI04_A_2022180144154_O20079_03_T10058_02_003_02_V002,0,0,0,0,0,0,0,2022
LARSE/GEDI/GEDI04_A_002/GEDI04_A_2022180065738_O20074_02_T02938_02_003_02_V002,2147,2147,9693,78487,2147,2147,9693,2022
LARSE/GEDI/GEDI04_A_002/GEDI04_A_2022181061028_O20089_02_T03764_02_003_02_V002,0,0,0,0,0,0,0,2022
LARSE/GEDI/GEDI04_A_002/GEDI04_A_2022182130735_O20109_03_T04442_02_003_02_V002,0,0,0,0,0,0,0,2022
LARSE/GEDI/GEDI04_A_002/GEDI04_A_2022183060859_O20120_02_T05417_02_003_02_V002,0,0,0,0,0,0,0,2022
LARSE/GEDI/GEDI04_A_002/GEDI04_A_2022177153027_O20033_03_T01887_02_003_02_V002,0,0,36264,79486,0,15260,36264,2022
LARSE/GEDI/GEDI04_A_002/GEDI04_A_2022185043435_O20150_02_T11338_02_003_02_V002,0,0,0,0,0,0,0,2022
LARSE/GEDI/GEDI04_A_002/GEDI04_A_2022176083319_O20013_02_T06901_02_003_02_V002,28057,28057,48152,74163,28057,28057,48152,2022
LARSE/GEDI/GEDI04_A_002/GEDI04_A_2022186113138_O20170_03_T06171_02_003_02_V002,0,0,0,0,0,0,0,2022
LARSE/GEDI/GEDI04_A_002/GEDI04_A_2022181135445_O20094_03_T07885_02_003_02_V002,0,0,31892,72015,0,15093,31892,2022
LARSE/GEDI/GEDI04_A_002/GEDI04_A_2022189025832_O20211_02_T05799_02_003_02_V002,0,0,0,0,0,0,0,2022
LARSE/GEDI/GEDI04_A_002/GEDI04_A_2022187043300_O20181_02_T05723_02_003_02_V002,2170,2170,2448,2459,2170,2170,2448,2022
LARSE/GEDI/GEDI04_A_002/GEDI04_A_2022184130603_O20140_03_T08788_02_003_02_V002,0,0,0,0,0,0,0,2022
LARSE/GEDI/GEDI04_A_002/GEDI04_A_2022184052147_O20135_02_T10512_02_003_02_V002,48142,48142,80345,86280,48142,48142,80345,2022
LARSE/GEDI/GEDI04_A_002/GEDI04_A_2022185121851_O20155_03_T09614_02_003_02_V002,33005,33005,50295,65142,33005,33005,50295,2022
LARSE/GEDI/GEDI04_A_002/GEDI04_A_2022191104107_O20247_03_T08727_02_003_02_V002,0,0,0,0,0,0,0,2022
LARSE/GEDI/GEDI04_A_002/GEDI04_A_2022190034408_O20227_02_T05203_02_003_02_V002,0,0,0,0,0,0,0,2022
LARSE/GEDI/GEDI04_A_002/GEDI04_A_2022193012219_O20272_02_T00719_02_003_02_V002,0,0,0,0,0,0,0,2022
LARSE/GEDI/GEDI04_A_002/GEDI04_A_2022190095532_O20231_03_T08053_02_003_02_V002,0,0,0,0,0,0,0,2022
LARSE/GEDI/GEDI04_A_002/GEDI04_A_2022188034546_O20196_02_T03703_02_003_02_V002,0,0,22,89352,0,0,22,2022
LARSE/GEDI/GEDI04_A_002/GEDI04_A_2022191025652_O20242_02_T04759_02_003_02_V002,0,0,0,12596,0,0,0,2022
LARSE/GEDI/GEDI04_A_002/GEDI04_A_2022194020752_O20288_02_T01546_02_003_02_V002,0,0,0,0,0,0,0,2022
LARSE/GEDI/GEDI04_A_002/GEDI04_A_2022194081915_O20292_03_T09782_02_003_02_V002,0,0,0,0,0,0,0,2022
LARSE/GEDI/GEDI04_A_002/GEDI04_A_2022192095350_O20262_03_T09553_02_003_02_V002,0,0,10857,21158,0,4376,10857,2022
LARSE/GEDI/GEDI04_A_002/GEDI04_A_2022195090447_O20308_03_T02224_02_003_02_V002,0,0,0,0,0,0,0,2022
LARSE/GEDI/GEDI04_A_002/GEDI04_A_2022189104247_O20216_03_T07227_02_003_02_V002,0,0,28999,60119,0,16985,28999,2022
LARSE/GEDI/GEDI04_A_002/GEDI04_A_2022192020936_O20257_02_T01316_02_003_02_V002,0,0,13683,83660,0,4413,13683,2022
LARSE/GEDI/GEDI04_A_002/GEDI04_A_2022198003124_O20349_02_T02158_02_003_02_V002,0,0,0,0,0,0,0,2022
LARSE/GEDI/GEDI04_A_002/GEDI04_A_2022195012033_O20303_02_T05218_02_003_02_V002,0,0,274,24312,0,21,274,2022
LARSE/GEDI/GEDI04_A_002/GEDI04_A_2022199072815_O20369_03_T11221_02_003_02_V002,0,0,0,0,0,0,0,2022
LARSE/GEDI/GEDI04_A_002/GEDI04_A_2022196081727_O20323_03_T10165_02_003_02_V002,0,0,5112,34586,0,2506,5112,2022
LARSE/GEDI/GEDI04_A_002/GEDI04_A_2022198234402_O20364_02_T08523_02_003_02_V002,0,0,30802,36625,0,21884,30802,2022
LARSE/GEDI/GEDI04_A_002/GEDI04_A_2022196003314_O20318_02_T03198_02_003_02_V002,0,0,6095,76988,0,720,6095,2022
LARSE/GEDI/GEDI04_A_002/GEDI04_A_2022203055126_O20430_03_T07411_02_003_02_V002,0,0,0,0,0,0,0,2022
LARSE/GEDI/GEDI04_A_002/GEDI04_A_2022199225640_O20379_02_T00811_02_003_02_V002,0,0,20850,62229,0,5769,20850,2022
LARSE/GEDI/GEDI04_A_002/GEDI04_A_2022200064051_O20384_03_T10624_02_003_02_V002,24843,24843,42843,58379,24843,24843,42843,2022
LARSE/GEDI/GEDI04_A_002/GEDI04_A_2022201225441_O20410_02_T01041_02_003_02_V002,0,0,0,0,0,0,0,2022
LARSE/GEDI/GEDI04_A_002/GEDI04_A_2022205211744_O20471_02_T08615_02_003_02_V002,0,0,0,0,0,0,0,2022
LARSE/GEDI/GEDI04_A_002/GEDI04_A_2022204050400_O20445_03_T09660_02_003_02_V002,0,0,43187,72311,0,20175,43187,2022
LARSE/GEDI/GEDI04_A_002/GEDI04_A_2022207041426_O20491_03_T09293_02_003_02_V002,0,0,0,0,0,0,0,2022
LARSE/GEDI/GEDI04_A_002/GEDI04_A_2022201055327_O20399_03_T07334_02_003_02_V002,24308,24308,35830,41440,24308,24308,35830,2022
LARSE/GEDI/GEDI04_A_002/GEDI04_A_2022193090633_O20277_03_T08956_02_003_02_V002,0,0,14786,54653,0,5177,14786,2022
LARSE/GEDI/GEDI04_A_002/GEDI04_A_2022205041633_O20460_03_T03371_02_003_02_V002,0,0,24808,26544,0,16312,24808,2022
LARSE/GEDI/GEDI04_A_002/GEDI04_A_2022207194246_O20501_02_T07574_02_003_02_V002,0,0,0,0,0,0,0,2022
LARSE/GEDI/GEDI04_A_002/GEDI04_A_2022202220715_O20425_02_T06136_02_003_02_V002,10069,10069,18937,53648,10069,10069,18937,2022
LARSE/GEDI/GEDI04_A_002/GEDI04_A_2022203211948_O20440_02_T09808_02_003_02_V002,0,0,8,761,0,0,8,2022
LARSE/GEDI/GEDI04_A_002/GEDI04_A_2022209194036_O20532_02_T06381_02_003_02_V002,0,0,0,0,0,0,0,2022
LARSE/GEDI/GEDI04_A_002/GEDI04_A_2022211180534_O20562_02_T11032_02_003_02_V002,0,0,0,0,0,0,0,2022
LARSE/GEDI/GEDI04_A_002/GEDI04_A_2022213010210_O20582_03_T10287_02_003_02_V002,0,0,0,0,0,0,0,2022
LARSE/GEDI/GEDI04_A_002/GEDI04_A_2022211023715_O20552_03_T07059_02_003_02_V002,0,0,0,0,0,0,0,2022
LARSE/GEDI/GEDI04_A_002/GEDI04_A_2022209023927_O20521_03_T08252_02_003_02_V002,0,0,0,0,0,0,0,2022
LARSE/GEDI/GEDI04_A_002/GEDI04_A_2022215162811_O20623_02_T09915_02_003_02_V002,0,0,0,0,0,0,0,2022
LARSE/GEDI/GEDI04_A_002/GEDI04_A_2022213180318_O20593_02_T08416_02_003_02_V002,0,0,0,0,0,0,0,2022
LARSE/GEDI/GEDI04_A_002/GEDI04_A_2022212014943_O20567_03_T03616_02_003_02_V002,4963,4963,26613,70828,4963,4963,26613,2022
LARSE/GEDI/GEDI04_A_002/GEDI04_A_2022208032656_O20506_03_T10272_02_003_02_V002,42275,42275,72095,79350,42275,42275,72095,2022
LARSE/GEDI/GEDI04_A_002/GEDI04_A_2022215005954_O20613_03_T06095_02_003_02_V002,0,0,0,0,0,0,0,2022
LARSE/GEDI/GEDI04_A_002/GEDI04_A_2022216232445_O20643_03_T02361_02_003_01_V002,0,0,0,0,0,0,0,2022
LARSE/GEDI/GEDI04_A_002/GEDI04_A_2022216171327_O20639_02_T02510_02_003_01_V002,0,0,0,0,0,0,0,2022
LARSE/GEDI/GEDI04_A_002/GEDI04_A_2022210185305_O20547_02_T08630_02_003_02_V002,0,0,51471,78673,0,26514,51471,2022
LARSE/GEDI/GEDI04_A_002/GEDI04_A_2022218001000_O20659_03_T00342_02_003_01_V002,0,0,0,0,0,0,0,2022
LARSE/GEDI/GEDI04_A_002/GEDI04_A_2022206203014_O20486_02_T11017_02_003_02_V002,0,0,14528,66671,0,6376,14528,2022
LARSE/GEDI/GEDI04_A_002/GEDI04_A_2022217162552_O20654_02_T10451_02_003_01_V002,0,0,12048,15169,0,7364,12048,2022
LARSE/GEDI/GEDI04_A_002/GEDI04_A_2022216001220_O20628_03_T01229_02_003_01_V002,0,0,12809,63297,0,3872,12809,2022
LARSE/GEDI/GEDI04_A_002/GEDI04_A_2022218232224_O20674_03_T06860_02_003_01_V002,0,0,5,25788,0,0,5,2022
LARSE/GEDI/GEDI04_A_002/GEDI04_A_2022220153553_O20700_02_T10237_02_003_01_V002,0,0,0,0,0,0,0,2022
LARSE/GEDI/GEDI04_A_002/GEDI04_A_2022220214711_O20704_03_T10088_02_003_01_V002,0,0,0,0,0,0,0,2022
LARSE/GEDI/GEDI04_A_002/GEDI04_A_2022219145040_O20684_02_T06411_02_003_01_V002,0,0,0,0,0,0,0,2022
LARSE/GEDI/GEDI04_A_002/GEDI04_A_2022219223448_O20689_03_T02147_02_003_01_V002,7690,7690,15870,54000,7690,7744,15870,2022
LARSE/GEDI/GEDI04_A_002/GEDI04_A_2022221223224_O20720_03_T06646_02_003_01_V002,0,0,0,0,0,0,0,2022
LARSE/GEDI/GEDI04_A_002/GEDI04_A_2022214171545_O20608_02_T10665_02_003_02_V002,0,0,62306,87697,0,29432,62306,2022
LARSE/GEDI/GEDI04_A_002/GEDI04_A_2022225205509_O20781_03_T01566_02_003_01_V002,0,0,0,0,0,0,0,2022
LARSE/GEDI/GEDI04_A_002/GEDI04_A_2022224135830_O20761_02_T09273_02_003_01_V002,0,0,0,0,0,0,0,2022
LARSE/GEDI/GEDI04_A_002/GEDI04_A_2022223205720_O20750_03_T04029_02_003_01_V002,800,800,1947,49777,800,800,1947,2022
LARSE/GEDI/GEDI04_A_002/GEDI04_A_2022221144816_O20715_02_T03948_02_003_01_V002,11156,11156,18232,31676,11156,11156,18232,2022
LARSE/GEDI/GEDI04_A_002/GEDI04_A_2022222214450_O20735_03_T00357_02_003_01_V002,9,9,206,44715,9,9,206,2022
LARSE/GEDI/GEDI04_A_002/GEDI04_A_2022222140040_O20730_02_T03351_02_003_01_V002,15394,15394,42206,75023,15394,15394,42206,2022
LARSE/GEDI/GEDI04_A_002/GEDI04_A_2022218153816_O20669_02_T07008_02_003_01_V002,0,0,56416,83429,0,24541,56416,2022
LARSE/GEDI/GEDI04_A_002/GEDI04_A_2022228122113_O20822_02_T04193_02_003_01_V002,0,0,0,0,0,0,0,2022
LARSE/GEDI/GEDI04_A_002/GEDI04_A_2022225131059_O20776_02_T04560_02_003_01_V002,10760,10760,22382,47823,10760,10760,22382,2022
LARSE/GEDI/GEDI04_A_002/GEDI04_A_2022229191748_O20842_03_T03448_02_003_01_V002,0,0,0,0,0,0,0,2022
LARSE/GEDI/GEDI04_A_002/GEDI04_A_2022230104606_O20852_02_T00306_02_003_01_V002,0,0,0,0,0,0,0,2022
LARSE/GEDI/GEDI04_A_002/GEDI04_A_2022227192005_O20811_03_T00372_02_003_01_V002,6634,6634,15267,35208,6634,6634,15267,2022
LARSE/GEDI/GEDI04_A_002/GEDI04_A_2022232104345_O20883_02_T06228_02_003_01_V002,0,0,0,0,0,0,0,2022
LARSE/GEDI/GEDI04_A_002/GEDI04_A_2022226122328_O20791_02_T01117_02_003_01_V002,2767,2767,7139,10714,2767,2767,7139,2022
LARSE/GEDI/GEDI04_A_002/GEDI04_A_2022231174239_O20872_03_T08099_02_003_01_V002,0,0,0,4444,0,0,0,2022
LARSE/GEDI/GEDI04_A_002/GEDI04_A_2022226200737_O20796_03_T05238_02_003_01_V002,28721,28721,47040,62083,28721,28721,47040,2022
LARSE/GEDI/GEDI04_A_002/GEDI04_A_2022233174015_O20903_03_T09752_02_003_01_V002,0,0,0,0,0,0,0,2022
LARSE/GEDI/GEDI04_A_002/GEDI04_A_2022235160459_O20933_03_T00173_02_003_01_V002,0,0,0,0,0,0,0,2022
LARSE/GEDI/GEDI04_A_002/GEDI04_A_2022236090605_O20944_02_T09686_02_003_01_V002,0,0,0,0,0,0,0,2022
LARSE/GEDI/GEDI04_A_002/GEDI04_A_2022230183014_O20857_03_T10119_02_003_01_V002,0,0,8016,76782,0,1905,8016,2022
LARSE/GEDI/GEDI04_A_002/GEDI04_A_2022238073114_O20974_02_T02800_02_003_01_V002,0,0,0,0,0,0,0,2022
LARSE/GEDI/GEDI04_A_002/GEDI04_A_2022229113339_O20837_02_T02326_02_003_01_V002,0,0,4695,61109,0,116,4695,2022
LARSE/GEDI/GEDI04_A_002/GEDI04_A_2022237160246_O20964_03_T00403_02_003_01_V002,0,0,0,0,0,0,0,2022
LARSE/GEDI/GEDI04_A_002/GEDI04_A_2022239142810_O20994_03_T09170_02_003_01_V002,0,0,0,0,0,0,0,2022
LARSE/GEDI/GEDI04_A_002/GEDI04_A_2022240151342_O21010_03_T02882_02_003_01_V002,0,0,0,0,0,0,0,2022
LARSE/GEDI/GEDI04_A_002/GEDI04_A_2022239081647_O20990_02_T02357_02_003_01_V002,0,0,0,0,0,0,0,2022
LARSE/GEDI/GEDI04_A_002/GEDI04_A_2022240072928_O21005_02_T10298_02_003_01_V002,6743,6743,8231,8270,6743,6743,8231,2022
LARSE/GEDI/GEDI04_A_002/GEDI04_A_2022233095608_O20898_02_T01515_02_003_01_V002,621,621,2619,77090,621,621,2619,2022
LARSE/GEDI/GEDI04_A_002/GEDI04_A_2022238151529_O20979_03_T08344_02_003_01_V002,0,0,17582,63582,0,10820,17582,2022
LARSE/GEDI/GEDI04_A_002/GEDI04_A_2022243064017_O21051_02_T02816_02_003_01_V002,0,0,0,0,0,0,0,2022
LARSE/GEDI/GEDI04_A_002/GEDI04_A_2022237081832_O20959_02_T02127_02_003_01_V002,0,0,0,89456,0,0,0,2022
LARSE/GEDI/GEDI04_A_002/GEDI04_A_2022243125140_O21055_03_T02667_02_003_01_V002,0,0,0,0,0,0,0,2022
LARSE/GEDI/GEDI04_A_002/GEDI04_A_2022244133708_O21071_03_T09033_02_003_01_V002,0,0,0,0,0,0,0,2022
LARSE/GEDI/GEDI04_A_002/GEDI04_A_2022242055448_O21035_02_T07681_02_003_01_V002,0,0,0,0,0,0,0,2022
LARSE/GEDI/GEDI04_A_002/GEDI04_A_2022241142622_O21025_03_T03708_02_003_01_V002,0,0,6167,15117,0,2521,6167,2022
LARSE/GEDI/GEDI04_A_002/GEDI04_A_2022244055255_O21066_02_T10757_02_003_01_V002,15135,15135,19657,19811,15135,15135,19657,2022
LARSE/GEDI/GEDI04_A_002/GEDI04_A_2022245124945_O21086_03_T01474_02_003_01_V002,0,0,10656,31202,0,5137,10656,2022
LARSE/GEDI/GEDI04_A_002/GEDI04_A_2022241064209_O21020_02_T02586_02_003_01_V002,0,0,47462,86772,0,25111,47462,2022
LARSE/GEDI/GEDI04_A_002/GEDI04_A_2022247050338_O21112_02_T10390_02_003_01_V002,0,0,0,0,0,0,0,2022
LARSE/GEDI/GEDI04_A_002/GEDI04_A_2022248041614_O21127_02_T05524_02_003_01_V002,0,0,1,32185,0,0,1,2022
LARSE/GEDI/GEDI04_A_002/GEDI04_A_2022248120026_O21132_03_T05376_02_003_01_V002,0,0,0,0,0,0,0,2022
LARSE/GEDI/GEDI04_A_002/GEDI04_A_2022242133901_O21040_03_T01841_02_003_01_V002,10016,10016,18754,56215,10016,10016,18754,2022
LARSE/GEDI/GEDI04_A_002/GEDI04_A_2022251032645_O21173_02_T00888_02_003_01_V002,0,0,0,0,0,0,0,2022
LARSE/GEDI/GEDI04_A_002/GEDI04_A_2022252102328_O21193_03_T00143_02_003_01_V002,0,0,0,0,0,0,0,2022
LARSE/GEDI/GEDI04_A_002/GEDI04_A_2022245050533_O21081_02_T04468_02_003_01_V002,20249,20249,38536,80161,20249,20249,38536,2022
LARSE/GEDI/GEDI04_A_002/GEDI04_A_2022246120223_O21101_03_T02300_02_003_01_V002,13840,13840,33147,52722,13840,13840,33147,2022
LARSE/GEDI/GEDI04_A_002/GEDI04_A_2022255014939_O21234_02_T00077_02_003_01_V002,0,0,0,0,0,0,0,2022
LARSE/GEDI/GEDI04_A_002/GEDI04_A_2022250102533_O21162_03_T08451_02_003_01_V002,14991,14991,27072,47859,14991,14991,27072,2022
LARSE/GEDI/GEDI04_A_002/GEDI04_A_2022249111259_O21147_03_T04779_02_003_01_V002,25847,25847,44992,49947,25847,25847,44992,2022
LARSE/GEDI/GEDI04_A_002/GEDI04_A_2022254084830_O21223_03_T04794_02_003_01_V002,3773,3773,7510,27930,3773,3773,7510,2022
LARSE/GEDI/GEDI04_A_002/GEDI04_A_2022252023918_O21188_02_T03137_02_003_01_V002,15684,15684,34912,50460,15684,15684,34912,2022
LARSE/GEDI/GEDI04_A_002/GEDI04_A_2022257001436_O21264_02_T05998_02_003_01_V002,0,0,0,0,0,0,0,2022
LARSE/GEDI/GEDI04_A_002/GEDI04_A_2022253015149_O21203_02_T02693_02_003_01_V002,0,0,5,5704,0,0,5,2022
LARSE/GEDI/GEDI04_A_002/GEDI04_A_2022249032848_O21142_02_T00658_02_003_01_V002,1674,1674,13549,73530,1674,1674,13549,2022
LARSE/GEDI/GEDI04_A_002/GEDI04_A_2022259001220_O21295_02_T04958_02_003_01_V002,0,0,0,0,0,0,0,2022
LARSE/GEDI/GEDI04_A_002/GEDI04_A_2022260070902_O21315_03_T11328_02_003_01_V002,0,0,0,0,0,0,0,2022
LARSE/GEDI/GEDI04_A_002/GEDI04_A_2022260223722_O21325_02_T00918_02_003_01_V002,0,0,0,0,0,0,0,2022
LARSE/GEDI/GEDI04_A_002/GEDI04_A_2022258071111_O21284_03_T03830_02_003_01_V002,0,0,0,0,0,0,0,2022
LARSE/GEDI/GEDI04_A_002/GEDI04_A_2022253093559_O21208_03_T03815_02_003_01_V002,967,967,3981,64499,967,967,3981,2022
LARSE/GEDI/GEDI04_A_002/GEDI04_A_2022262053401_O21345_03_T07288_02_003_01_V002,0,0,0,0,0,0,0,2022
LARSE/GEDI/GEDI04_A_002/GEDI04_A_2022264210006_O21386_02_T04376_02_003_01_V002,0,0,0,0,0,0,0,2022
LARSE/GEDI/GEDI04_A_002/GEDI04_A_2022262223509_O21356_02_T03994_02_003_01_V002,0,0,0,0,0,0,0,2022
LARSE/GEDI/GEDI04_A_002/GEDI04_A_2022265214522_O21402_02_T05203_02_003_01_V002,0,0,0,0,0,0,0,2022
LARSE/GEDI/GEDI04_A_002/GEDI04_A_2022257075845_O21269_03_T00158_02_003_01_V002,48645,48645,75086,77683,48645,48645,75086,2022
LARSE/GEDI/GEDI04_A_002/GEDI04_A_2022266035640_O21406_03_T05054_02_003_01_V002,0,0,0,0,0,0,0,2022
LARSE/GEDI/GEDI04_A_002/GEDI04_A_2022267044155_O21422_03_T04458_02_003_01_V002,0,0,0,0,0,0,0,2022
LARSE/GEDI/GEDI04_A_002/GEDI04_A_2022266205747_O21417_02_T06029_02_003_01_V002,5835,5835,10125,10210,5835,5835,10125,2022
LARSE/GEDI/GEDI04_A_002/GEDI04_A_2022259232452_O21310_02_T04361_02_003_01_V002,45562,45562,71793,77810,45562,45562,71793,2022
LARSE/GEDI/GEDI04_A_002/GEDI04_A_2022269200743_O21463_02_T09931_02_003_01_V002,0,0,0,0,0,0,0,2022
LARSE/GEDI/GEDI04_A_002/GEDI04_A_2022261062132_O21330_03_T10731_02_003_01_V002,42964,42964,68184,72384,42964,42964,68184,2022
LARSE/GEDI/GEDI04_A_002/GEDI04_A_2022268192233_O21447_02_T04988_02_003_01_V002,0,0,0,0,0,0,0,2022
LARSE/GEDI/GEDI04_A_002/GEDI04_A_2022271030412_O21483_03_T00801_02_003_01_V002,0,0,0,0,0,0,0,2022
LARSE/GEDI/GEDI04_A_002/GEDI04_A_2022270021903_O21467_03_T09935_02_003_01_V002,0,0,0,0,0,0,0,2022
LARSE/GEDI/GEDI04_A_002/GEDI04_A_2022273182945_O21524_02_T03581_02_003_01_V002,0,0,0,0,0,0,0,2022
LARSE/GEDI/GEDI04_A_002/GEDI04_A_2022269030640_O21452_03_T03264_02_003_01_V002,25930,25930,50961,54696,25930,25930,50961,2022
LARSE/GEDI/GEDI04_A_002/GEDI04_A_2022268035418_O21437_03_T06707_02_003_01_V002,9001,9001,19028,19147,9001,9001,19028,2022
LARSE/GEDI/GEDI04_A_002/GEDI04_A_2022273012846_O21513_03_T01183_02_003_01_V002,1435,1435,8448,50191,1435,1435,8448,2022
LARSE/GEDI/GEDI04_A_002/GEDI04_A_2022270192006_O21478_02_T03795_02_003_01_V002,15580,15580,27307,27633,15580,15580,27307,2022
LARSE/GEDI/GEDI04_A_002/GEDI04_A_2022274174211_O21539_02_T05830_02_003_01_V002,9530,9530,29867,43361,9530,9530,29867,2022
LARSE/GEDI/GEDI04_A_002/GEDI04_A_2022275012630_O21544_03_T04259_02_003_01_V002,0,0,0,0,0,0,0,2022
LARSE/GEDI/GEDI04_A_002/GEDI04_A_2022277165348_O21585_02_T08309_02_003_01_V002,0,0,0,0,0,0,0,2022
LARSE/GEDI/GEDI04_A_002/GEDI04_A_2022281151758_O21646_02_T05769_02_003_01_V002,0,0,0,0,0,0,0,2022
LARSE/GEDI/GEDI04_A_002/GEDI04_A_2022267201010_O21432_02_T09701_02_003_01_V002,43256,43256,83508,84920,43256,43256,83508,2022
LARSE/GEDI/GEDI04_A_002/GEDI04_A_2022271183225_O21493_02_T09043_02_003_01_V002,0,0,13,74820,0,0,13,2022
LARSE/GEDI/GEDI04_A_002/GEDI04_A_2022276003927_O21559_03_T00816_02_003_01_V002,15868,15868,49273,60756,15868,15868,49273,2022
LARSE/GEDI/GEDI04_A_002/GEDI04_A_2022282221458_O21666_03_T07870_02_003_01_V002,0,0,0,0,0,0,0,2022
LARSE/GEDI/GEDI04_A_002/GEDI04_A_2022275165508_O21554_02_T09502_02_003_01_V002,4741,4741,13073,17172,4741,5282,13073,2022
LARSE/GEDI/GEDI04_A_002/GEDI04_A_2022276235222_O21574_03_T07334_02_003_01_V002,12311,12311,36021,41360,12311,12311,36021,2022
LARSE/GEDI/GEDI04_A_002/GEDI04_A_2022280221636_O21635_03_T06217_02_003_01_V002,8674,8674,25457,26924,8674,8674,25457,2022
LARSE/GEDI/GEDI04_A_002/GEDI04_A_2022286203830_O21727_03_T08329_02_003_01_V002,0,0,0,0,0,0,0,2022
LARSE/GEDI/GEDI04_A_002/GEDI04_A_2022283134328_O21676_02_T03152_02_003_01_V002,0,0,0,0,0,0,0,2022
LARSE/GEDI/GEDI04_A_002/GEDI04_A_2022282143043_O21661_02_T06595_02_003_01_V002,2631,2631,21066,63639,2631,2631,21066,2022
LARSE/GEDI/GEDI04_A_002/GEDI04_A_2022288190341_O21757_03_T05712_02_003_01_V002,0,0,0,0,0,0,0,2022
LARSE/GEDI/GEDI04_A_002/GEDI04_A_2022284204022_O21696_03_T00984_02_003_01_V002,512,512,1263,1452,512,512,1263,2022
LARSE/GEDI/GEDI04_A_002/GEDI04_A_2022285134139_O21707_02_T07651_02_003_01_V002,0,0,0,0,0,0,0,2022
LARSE/GEDI/GEDI04_A_002/GEDI04_A_2022289120454_O21768_02_T09533_02_003_01_V002,0,0,0,0,0,0,0,2022
LARSE/GEDI/GEDI04_A_002/GEDI04_A_2022291102954_O21798_02_T09762_02_003_01_V002,0,0,0,0,0,0,0,2022
LARSE/GEDI/GEDI04_A_002/GEDI04_A_2022292172738_O21818_03_T10440_02_003_01_V002,0,0,0,0,0,0,0,2022
LARSE/GEDI/GEDI04_A_002/GEDI04_A_2022290190136_O21788_03_T03096_02_003_01_V002,0,0,0,0,0,0,0,2022
LARSE/GEDI/GEDI04_A_002/GEDI04_A_2022295085507_O21859_02_T05799_02_003_01_V002,0,0,0,0,0,0,0,2022
LARSE/GEDI/GEDI04_A_002/GEDI04_A_2022293102909_O21829_02_T07146_02_003_01_V002,38,38,1492,1492,38,38,1492,2022
LARSE/GEDI/GEDI04_A_002/GEDI04_A_2022291181404_O21803_03_T01076_02_003_01_V002,6000,6000,58171,66154,6000,6000,58171,2022
LARSE/GEDI/GEDI04_A_002/GEDI04_A_2022283212742_O21681_03_T07273_02_003_01_V002,18766,18766,75408,77691,18766,18766,75408,2022
LARSE/GEDI/GEDI04_A_002/GEDI04_A_2022294172627_O21849_03_T00556_02_003_01_V002,11,11,189,308,11,11,189,2022
LARSE/GEDI/GEDI04_A_002/GEDI04_A_2022294094208_O21844_02_T09242_02_003_01_V002,11171,11171,89853,89976,11171,11171,89853,2022
LARSE/GEDI/GEDI04_A_002/GEDI04_A_2022296155222_O21879_03_T02208_02_003_01_V002,0,0,0,0,0,0,0,2022
LARSE/GEDI/GEDI04_A_002/GEDI04_A_2022297163809_O21895_03_T05728_02_003_01_V002,0,0,0,0,0,0,0,2022
LARSE/GEDI/GEDI04_A_002/GEDI04_A_2022296094055_O21875_02_T10895_02_003_01_V002,0,0,0,0,0,0,0,2022
LARSE/GEDI/GEDI04_A_002/GEDI04_A_2022290111726_O21783_02_T01974_02_003_01_V002,0,0,13158,85929,0,901,13158,2022
LARSE/GEDI/GEDI04_A_002/GEDI04_A_2022298155102_O21910_03_T00862_02_003_01_V002,1678,1678,10106,14183,1678,1686,10106,2022
LARSE/GEDI/GEDI04_A_002/GEDI04_A_2022295163926_O21864_03_T05651_02_003_01_V002,5007,5007,58030,62108,5007,5007,58030,2022
LARSE/GEDI/GEDI04_A_002/GEDI04_A_2022303054513_O21981_02_T06258_02_003_01_V002,0,0,0,0,0,0,0,2022
LARSE/GEDI/GEDI04_A_002/GEDI04_A_2022304124235_O22001_03_T11205_02_003_01_V002,0,0,0,0,0,0,0,2022
LARSE/GEDI/GEDI04_A_002/GEDI04_A_2022302063210_O21966_02_T02739_02_003_01_V002,2545,2545,21970,84637,2545,2545,21970,2022
LARSE/GEDI/GEDI04_A_002/GEDI04_A_2022298080645_O21905_02_T09548_02_003_01_V002,9576,9576,81028,87013,9576,9576,81028,2022
LARSE/GEDI/GEDI04_A_002/GEDI04_A_2022304063107_O21997_02_T11354_02_003_01_V002,0,0,0,0,0,0,0,2022
LARSE/GEDI/GEDI04_A_002/GEDI04_A_2022305132823_O22017_03_T00495_02_003_01_V002,0,0,0,0,0,0,0,2022
LARSE/GEDI/GEDI04_A_002/GEDI04_A_2022302141631_O21971_03_T01015_02_003_01_V002,3,3,1182,18483,3,3,1182,2022
LARSE/GEDI/GEDI04_A_002/GEDI04_A_2022307040956_O22042_02_T06564_02_003_01_V002,0,0,0,0,0,0,0,2022
LARSE/GEDI/GEDI04_A_002/GEDI04_A_2022308045540_O22058_02_T01699_02_003_01_V002,0,0,0,0,0,0,0,2022
LARSE/GEDI/GEDI04_A_002/GEDI04_A_2022305054404_O22012_02_T09181_02_003_01_V002,460,460,16799,18785,460,460,16799,2022
LARSE/GEDI/GEDI04_A_002/GEDI04_A_2022309115248_O22078_03_T06493_02_003_01_V002,0,0,0,0,0,0,0,2022
LARSE/GEDI/GEDI04_A_002/GEDI04_A_2022303132934_O21986_03_T07533_02_003_01_V002,0,0,787,55667,0,0,787,2022
LARSE/GEDI/GEDI04_A_002/GEDI04_A_2022306124119_O22032_03_T08436_02_003_01_V002,2442,2442,25887,28462,2442,2442,25887,2022
LARSE/GEDI/GEDI04_A_002/GEDI04_A_2022308110706_O22062_03_T01550_02_003_01_V002,0,0,0,0,0,0,0,2022
LARSE/GEDI/GEDI04_A_002/GEDI04_A_2022307115413_O22047_03_T10685_02_003_01_V002,1955,1955,52397,53701,1955,1955,52397,2022
LARSE/GEDI/GEDI04_A_002/GEDI04_A_2022312031945_O22119_02_T10696_02_003_01_V002,0,0,0,0,0,0,0,2022
LARSE/GEDI/GEDI04_A_002/GEDI04_A_2022309040831_O22073_02_T02678_02_003_01_V002,51,51,16143,31073,51,51,16143,2022
LARSE/GEDI/GEDI04_A_002/GEDI04_A_2022316014330_O22180_02_T08156_02_003_01_V002,0,0,0,0,0,0,0,2022
LARSE/GEDI/GEDI04_A_002/GEDI04_A_2022310032120_O22088_02_T02081_02_003_01_V002,3251,3251,39734,74476,3251,3251,39734,2022
LARSE/GEDI/GEDI04_A_002/GEDI04_A_2022306045700_O22027_02_T05738_02_003_01_V002,3482,3482,63605,81204,3482,3482,63605,2022
LARSE/GEDI/GEDI04_A_002/GEDI04_A_2022311101823_O22108_03_T05452_02_003_01_V002,2257,2257,36628,50287,2257,2257,36628,2022
LARSE/GEDI/GEDI04_A_002/GEDI04_A_2022310110537_O22093_03_T03203_02_003_01_V002,1107,1107,9897,46464,1107,1107,9897,2022
LARSE/GEDI/GEDI04_A_002/GEDI04_A_2022320000654_O22241_02_T07192_02_003_01_V002,0,0,0,0,0,0,0,2022
LARSE/GEDI/GEDI04_A_002/GEDI04_A_2022314014516_O22149_02_T07926_02_003_01_V002,0,0,7,68726,0,0,7,2022
LARSE/GEDI/GEDI04_A_002/GEDI04_A_2022315084211_O22169_03_T04335_02_003_01_V002,15,15,5746,45799,15,15,5746,2022
LARSE/GEDI/GEDI04_A_002/GEDI04_A_2022321070341_O22261_03_T00755_02_003_01_V002,0,0,0,0,0,0,0,2022
LARSE/GEDI/GEDI04_A_002/GEDI04_A_2022321223204_O22271_02_T08844_02_003_01_V002,0,0,0,0,0,0,0,2022
LARSE/GEDI/GEDI04_A_002/GEDI04_A_2022314092930_O22154_03_T04932_02_003_01_V002,5,5,2041,59446,5,5,2041,2022
LARSE/GEDI/GEDI04_A_002/GEDI04_A_2022319070539_O22230_03_T07640_02_003_01_V002,210,210,5619,27659,210,210,5619,2022
LARSE/GEDI/GEDI04_A_002/GEDI04_A_2022323223002_O22302_02_T04958_02_003_01_V002,0,0,0,0,0,0,0,2022
LARSE/GEDI/GEDI04_A_002/GEDI04_A_2022323052850_O22291_03_T06676_02_003_01_V002,0,0,0,0,0,0,0,2022
LARSE/GEDI/GEDI04_A_002/GEDI04_A_2022318075301_O22215_03_T05391_02_003_01_V002,6239,6239,68050,68288,6239,6239,68050,2022
LARSE/GEDI/GEDI04_A_002/GEDI04_A_2022318000849_O22210_02_T06962_02_003_01_V002,39,39,317,1451,39,39,317,2022
LARSE/GEDI/GEDI04_A_002/GEDI04_A_2022320231929_O22256_02_T03749_02_003_01_V002,31,31,22411,63676,31,31,22411,2022
LARSE/GEDI/GEDI04_A_002/GEDI04_A_2022325052645_O22322_03_T04060_02_003_01_V002,0,0,0,0,0,0,0,2022
LARSE/GEDI/GEDI04_A_002/GEDI04_A_2022322061615_O22276_03_T03004_02_003_01_V002,4557,4557,76624,78194,4557,4557,76624,2022
LARSE/GEDI/GEDI04_A_002/GEDI04_A_2022325205506_O22332_02_T05187_02_003_01_V002,0,0,0,0,0,0,0,2022
LARSE/GEDI/GEDI04_A_002/GEDI04_A_2022327035145_O22352_03_T10134_02_003_01_V002,0,0,0,0,0,0,0,2022
LARSE/GEDI/GEDI04_A_002/GEDI04_A_2022329191750_O22393_02_T01530_02_003_01_V002,0,0,0,0,0,0,0,2022
LARSE/GEDI/GEDI04_A_002/GEDI04_A_2022324214235_O22317_02_T10053_02_003_01_V002,2,2,6625,77427,2,2,6625,2022
LARSE/GEDI/GEDI04_A_002/GEDI04_A_2022329034932_O22383_03_T05942_02_003_01_V002,0,0,0,0,0,0,0,2022
LARSE/GEDI/GEDI04_A_002/GEDI04_A_2022330200304_O22409_02_T09319_02_003_01_V002,0,0,0,0,0,0,0,2022
LARSE/GEDI/GEDI04_A_002/GEDI04_A_2022327205254_O22363_02_T01148_02_003_01_V002,0,0,0,0,0,0,0,2022
LARSE/GEDI/GEDI04_A_002/GEDI04_A_2022331021422_O22413_03_T10746_02_003_01_V002,0,0,0,0,0,0,0,2022
LARSE/GEDI/GEDI04_A_002/GEDI04_A_2022326043916_O22337_03_T02193_02_003_01_V002,771,771,42713,72764,771,771,42713,2022
LARSE/GEDI/GEDI04_A_002/GEDI04_A_2022332025934_O22429_03_T10150_02_003_01_V002,0,0,0,0,0,0,0,2022
LARSE/GEDI/GEDI04_A_002/GEDI04_A_2022333174010_O22454_02_T10680_02_003_01_V002,0,0,0,0,0,0,0,2022
LARSE/GEDI/GEDI04_A_002/GEDI04_A_2022328200523_O22378_02_T07666_02_003_01_V002,779,779,8393,87245,779,779,8393,2022
LARSE/GEDI/GEDI04_A_002/GEDI04_A_2022334182525_O22470_02_T04239_02_003_01_V002,0,0,0,0,0,0,0,2022
LARSE/GEDI/GEDI04_A_002/GEDI04_A_2022331191527_O22424_02_T00337_02_003_01_V002,0,0,2207,9708,0,0,2207,2022
LARSE/GEDI/GEDI04_A_002/GEDI04_A_2022333021156_O22444_03_T03861_02_003_01_V002,2671,2671,19779,19976,2671,2671,19779,2022
LARSE/GEDI/GEDI04_A_002/GEDI04_A_2022330030157_O22398_03_T04075_02_003_01_V002,308,308,36519,62911,308,308,36519,2022
LARSE/GEDI/GEDI04_A_002/GEDI04_A_2022335003653_O22474_03_T04090_02_003_01_V002,0,0,0,0,0,0,0,2022
LARSE/GEDI/GEDI04_A_002/GEDI04_A_2022336012241_O22490_03_T06340_02_003_01_V002,0,0,0,0,0,0,0,2022
LARSE/GEDI/GEDI04_A_002/GEDI04_A_2022332182749_O22439_02_T06855_02_003_01_V002,5352,5352,80191,85307,5352,5352,80191,2022
LARSE/GEDI/GEDI04_A_002/GEDI04_A_2022334012414_O22459_03_T06110_02_003_01_V002,719,719,14195,54955,719,719,14195,2022
LARSE/GEDI/GEDI04_A_002/GEDI04_A_2022335173823_O22485_02_T02372_02_003_01_V002,40,40,22670,23193,40,40,22670,2022
LARSE/GEDI/GEDI04_A_002/GEDI04_A_2022338164954_O22531_02_T04698_02_003_01_V002,0,0,0,0,0,0,0,2022
LARSE/GEDI/GEDI04_A_002/GEDI04_A_2022337003535_O22505_03_T00051_02_003_01_V002,0,0,27618,33118,0,31,27618,2022
LARSE/GEDI/GEDI04_A_002/GEDI04_A_2022339160244_O22546_02_T04101_02_003_01_V002,0,0,0,34101,0,0,0,2022
LARSE/GEDI/GEDI04_A_002/GEDI04_A_2022337234828_O22520_03_T07992_02_003_01_V002,209,209,11189,52585,209,209,11189,2022
LARSE/GEDI/GEDI04_A_002/GEDI04_A_2022336165118_O22500_02_T08737_02_003_01_V002,7912,7912,72923,78854,7912,7912,72923,2022
LARSE/GEDI/GEDI04_A_002/GEDI04_A_2022340151537_O22561_02_T10619_02_003_01_V002,4370,4370,23868,74290,4370,4370,23868,2022
LARSE/GEDI/GEDI04_A_002/GEDI04_A_2022342151406_O22592_02_T06427_02_003_01_V002,0,0,0,0,0,0,0,2022
LARSE/GEDI/GEDI04_A_002/GEDI04_A_2022340225953_O22566_03_T08895_02_003_01_V002,4805,4805,27002,47290,4805,4805,27002,2022
LARSE/GEDI/GEDI04_A_002/GEDI04_A_2022341221243_O22581_03_T06875_02_003_01_V002,1210,1210,18653,50089,1210,1210,18653,2022
LARSE/GEDI/GEDI04_A_002/GEDI04_A_2022343221109_O22612_03_T05682_02_003_01_V002,0,0,0,0,0,0,0,2022
LARSE/GEDI/GEDI04_A_002/GEDI04_A_2022347203454_O22673_03_T01872_02_003_01_V002,0,0,0,0,0,0,0,2022
LARSE/GEDI/GEDI04_A_002/GEDI04_A_2022346133756_O22653_02_T05463_02_003_01_V002,0,0,0,0,0,0,0,2022
LARSE/GEDI/GEDI04_A_002/GEDI04_A_2022343142653_O22607_02_T00138_02_003_01_V002,0,0,2872,42924,0,0,2872,2022
LARSE/GEDI/GEDI04_A_002/GEDI04_A_2022348194735_O22688_03_T11236_02_003_01_V002,1905,1905,13649,73960,1905,1905,13649,2022
LARSE/GEDI/GEDI04_A_002/GEDI04_A_2022344212353_O22627_03_T05085_02_003_01_V002,0,0,4771,61147,0,0,4771,2022
LARSE/GEDI/GEDI04_A_002/GEDI04_A_2022344133938_O22622_02_T06656_02_003_01_V002,0,0,1753,21662,0,0,1753,2022
LARSE/GEDI/GEDI04_A_002/GEDI04_A_2022351185822_O22734_03_T10869_02_003_01_V002,0,0,0,0,0,0,0,2022
LARSE/GEDI/GEDI04_A_002/GEDI04_A_2022352102646_O22744_02_T03305_02_003_01_V002,0,0,0,0,0,0,0,2022
LARSE/GEDI/GEDI04_A_002/GEDI04_A_2022339234700_O22551_03_T08222_02_003_01_V002,0,0,0,0,0,0,0,2022
LARSE/GEDI/GEDI04_A_002/GEDI04_A_2022351111409_O22729_02_T08171_02_003_01_V002,86,86,25355,68871,86,86,25355,2022
LARSE/GEDI/GEDI04_A_002/GEDI04_A_2022347125040_O22668_02_T07712_02_003_01_V002,29,29,17053,56149,29,29,17053,2022
LARSE/GEDI/GEDI04_A_002/GEDI04_A_2022354102446_O22775_02_T00689_02_003_01_V002,0,0,0,0,0,0,0,2022
LARSE/GEDI/GEDI04_A_002/GEDI04_A_2022353172333_O22764_03_T01137_02_003_01_V002,0,0,0,0,0,0,0,2022
LARSE/GEDI/GEDI04_A_002/GEDI04_A_2022356084948_O22805_02_T02494_02_003_01_V002,0,0,0,0,0,0,0,2022
LARSE/GEDI/GEDI04_A_002/GEDI04_A_2022355172128_O22795_03_T01367_02_003_01_V002,0,0,0,0,0,0,0,2022
LARSE/GEDI/GEDI04_A_002/GEDI04_A_2022357154739_O22825_03_T08558_02_003_01_V002,0,0,0,0,0,0,0,2022
LARSE/GEDI/GEDI04_A_002/GEDI04_A_2022352181058_O22749_03_T07426_02_003_01_V002,6193,6193,78092,79921,6193,6193,78092,2022
LARSE/GEDI/GEDI04_A_002/GEDI04_A_2022349190015_O22703_03_T10639_02_003_01_V002,232,232,3306,25676,232,232,3306,2022
LARSE/GEDI/GEDI04_A_002/GEDI04_A_2022360071509_O22866_02_T11185_02_003_01_V002,0,0,0,0,0,0,0,2022
LARSE/GEDI/GEDI04_A_002/GEDI04_A_2022358084911_O22836_02_T06687_02_003_01_V002,0,0,0,0,0,0,0,2022
LARSE/GEDI/GEDI04_A_002/GEDI04_A_2022359154631_O22856_03_T10211_02_003_01_V002,0,0,0,0,0,0,0,2022
LARSE/GEDI/GEDI04_A_002/GEDI04_A_2022355093718_O22790_02_T05784_02_003_01_V002,215,215,12895,78267,215,215,12895,2022
LARSE/GEDI/GEDI04_A_002/GEDI04_A_2022361141225_O22886_03_T00326_02_003_01_V002,0,0,0,0,0,0,0,2022
LARSE/GEDI/GEDI04_A_002/GEDI04_A_2022362071359_O22897_02_T01301_02_003_01_V002,0,0,0,0,0,0,0,2022
LARSE/GEDI/GEDI04_A_002/GEDI04_A_2022364053944_O22927_02_T10068_02_003_01_V002,0,0,0,0,0,0,0,2022
LARSE/GEDI/GEDI04_A_002/GEDI04_A_2022365062526_O22943_02_T03627_02_003_01_V002,0,0,0,0,0,0,0,2022
LARSE/GEDI/GEDI04_A_002/GEDI04_A_2022363141109_O22917_03_T01979_02_003_01_V002,0,0,0,0,0,0,0,2022
LARSE/GEDI/GEDI04_A_002/GEDI04_A_2022365123651_O22947_03_T03478_02_003_01_V002,0,0,0,0,0,0,0,2022
LARSE/GEDI/GEDI04_A_002/GEDI04_A_2022360145929_O22871_03_T03769_02_003_01_V002,1083,1083,44876,68270,1083,2548,44876,2022
LARSE/GEDI/GEDI04_A_002/GEDI04_A_2022359080211_O22851_02_T07513_02_003_01_V002,8587,8587,83426,83958,8587,8587,83426,2022
LARSE/GEDI/GEDI04_A_002/GEDI04_A_2022363062651_O22912_02_T07819_02_003_01_V002,5074,5074,78381,90043,5074,5074,78381,2022
LARSE/GEDI/GEDI04_A_002/GEDI04_A_2022356163358_O22810_03_T06462_02_003_01_V002,0,0,333,71135,0,0,333,2022
LARSE/GEDI/GEDI04_A_002/GEDI04_A_2022364132402_O22932_03_T09767_02_003_01_V002,546,546,10949,62743,546,546,10949,2022
LARSE/GEDI/GEDI04_A_002/GEDI04_A_2023004110045_O23008_03_T08206_02_003_01_V002,0,0,0,0,0,0,0,2023
LARSE/GEDI/GEDI04_A_002/GEDI04_A_2023004044921_O23004_02_T01240_02_003_01_V002,0,0,0,0,0,0,0,2023
LARSE/GEDI/GEDI04_A_002/GEDI04_A_2023001053815_O22958_02_T03030_02_003_01_V002,0,0,3945,6808,0,0,3945,2023
LARSE/GEDI/GEDI04_A_002/GEDI04_A_2023002123517_O22978_03_T07977_02_003_01_V002,1,1,1263,13507,1,1,1263,2023
LARSE/GEDI/GEDI04_A_002/GEDI04_A_2023001132231_O22963_03_T07151_02_003_01_V002,0,0,0,0,0,0,0,2023
LARSE/GEDI/GEDI04_A_002/GEDI04_A_2023003040347_O22988_02_T06105_02_003_01_V002,0,0,0,0,0,0,0,2023
LARSE/GEDI/GEDI04_A_002/GEDI04_A_2023002045102_O22973_02_T03856_02_003_01_V002,5083,5083,75344,87274,5083,5083,75344,2023
LARSE/GEDI/GEDI04_A_002/GEDI04_A_2023005114618_O23024_03_T10456_02_003_01_V002,0,0,0,0,0,0,0,2023
LARSE/GEDI/GEDI04_A_002/GEDI04_A_2023007022724_O23049_02_T03718_02_003_01_V002,0,0,0,0,0,0,0,2023
LARSE/GEDI/GEDI04_A_002/GEDI04_A_2023008031252_O23065_02_T00276_02_003_01_V002,0,0,0,0,0,0,0,2023
LARSE/GEDI/GEDI04_A_002/GEDI04_A_2023008092414_O23069_03_T07242_02_003_01_V002,0,0,0,0,0,0,0,2023
LARSE/GEDI/GEDI04_A_002/GEDI04_A_2023005040204_O23019_02_T00643_02_003_01_V002,0,0,11735,17391,0,0,11735,2023
LARSE/GEDI/GEDI04_A_002/GEDI04_A_2023003114802_O22993_03_T07380_02_003_01_V002,27,27,7441,57233,27,27,7441,2023
LARSE/GEDI/GEDI04_A_002/GEDI04_A_2023009100940_O23085_03_T05223_02_003_01_V002,0,0,0,0,0,0,0,2023
LARSE/GEDI/GEDI04_A_002/GEDI04_A_2023006105859_O23039_03_T11282_02_003_01_V002,1971,1971,25882,27495,1971,1971,25882,2023
LARSE/GEDI/GEDI04_A_002/GEDI04_A_2023009022528_O23080_02_T06794_02_003_01_V002,0,0,5515,29507,0,0,5515,2023
LARSE/GEDI/GEDI04_A_002/GEDI04_A_2023006031446_O23034_02_T00046_02_003_01_V002,275,275,79919,81579,275,5120,79919,2023
LARSE/GEDI/GEDI04_A_002/GEDI04_A_2023007101136_O23054_03_T04993_02_003_01_V002,1223,1223,33147,53720,1223,1223,33147,2023
LARSE/GEDI/GEDI04_A_002/GEDI04_A_2023012013558_O23126_02_T10849_02_003_01_V002,0,0,0,0,0,0,0,2023
LARSE/GEDI/GEDI04_A_002/GEDI04_A_2023013083238_O23146_03_T09951_02_003_01_V002,0,0,0,0,0,0,0,2023
LARSE/GEDI/GEDI04_A_002/GEDI04_A_2023010013803_O23095_02_T06350_02_003_01_V002,18567,18567,67758,73268,18567,18567,67758,2023
LARSE/GEDI/GEDI04_A_002/GEDI04_A_2023014000056_O23156_02_T08232_02_003_01_V002,8,8,2475,12758,8,8,2475,2023
LARSE/GEDI/GEDI04_A_002/GEDI04_A_2023015235838_O23187_02_T07039_02_003_01_V002,0,0,0,0,0,0,0,2023
LARSE/GEDI/GEDI04_A_002/GEDI04_A_2023011083447_O23115_03_T09721_02_003_01_V002,1288,1288,47145,49505,1288,1288,47145,2023
LARSE/GEDI/GEDI04_A_002/GEDI04_A_2023010092214_O23100_03_T07625_02_003_01_V002,805,805,31125,50726,805,805,31125,2023
LARSE/GEDI/GEDI04_A_002/GEDI04_A_2023017065509_O23207_03_T02178_02_003_01_V002,0,0,0,0,0,0,0,2023
LARSE/GEDI/GEDI04_A_002/GEDI04_A_2023014074505_O23161_03_T10930_02_003_01_V002,5395,5395,36631,61687,5395,5395,36631,2023
LARSE/GEDI/GEDI04_A_002/GEDI04_A_2023013004828_O23141_02_T10252_02_003_01_V002,801,801,22579,47030,801,801,22579,2023
LARSE/GEDI/GEDI04_A_002/GEDI04_A_2023015065731_O23176_03_T07487_02_003_01_V002,1876,1876,35216,36175,1876,1876,35216,2023
LARSE/GEDI/GEDI04_A_002/GEDI04_A_2023017222323_O23217_02_T10267_02_003_01_V002,0,0,0,0,0,0,0,2023
LARSE/GEDI/GEDI04_A_002/GEDI04_A_2023019222123_O23248_02_T00536_02_003_01_V002,0,0,0,0,0,0,0,2023
LARSE/GEDI/GEDI04_A_002/GEDI04_A_2023021204650_O23278_02_T00765_02_003_01_V002,0,0,0,0,0,0,0,2023
LARSE/GEDI/GEDI04_A_002/GEDI04_A_2023021051822_O23268_03_T02637_02_003_01_V002,0,0,0,0,0,0,0,2023
LARSE/GEDI/GEDI04_A_002/GEDI04_A_2023016231101_O23202_02_T05172_02_003_01_V002,0,0,423,62538,0,0,423,2023
LARSE/GEDI/GEDI04_A_002/GEDI04_A_2023023034343_O23298_03_T04289_02_003_01_V002,0,0,0,0,0,0,0,2023
LARSE/GEDI/GEDI04_A_002/GEDI04_A_2023019052001_O23237_03_T05253_02_003_01_V002,0,0,77,12847,0,0,77,2023
LARSE/GEDI/GEDI04_A_002/GEDI04_A_2023025191001_O23339_02_T06916_02_003_01_V002,0,0,0,0,0,0,0,2023
LARSE/GEDI/GEDI04_A_002/GEDI04_A_2023023204458_O23309_02_T08110_02_003_01_V002,0,0,0,0,0,0,0,2023
LARSE/GEDI/GEDI04_A_002/GEDI04_A_2023025034141_O23329_03_T07365_02_003_01_V002,0,0,0,0,0,0,0,2023
LARSE/GEDI/GEDI04_A_002/GEDI04_A_2023018060725_O23222_03_T04427_02_003_01_V002,817,817,8452,77356,817,817,8452,2023
LARSE/GEDI/GEDI04_A_002/GEDI04_A_2023020213408_O23263_02_T08477_02_003_01_V002,2256,2256,51744,75867,2256,2256,51744,2023
LARSE/GEDI/GEDI04_A_002/GEDI04_A_2023028025156_O23375_03_T09844_02_003_01_V002,0,0,0,0,0,0,0,2023
LARSE/GEDI/GEDI04_A_002/GEDI04_A_2023027190746_O23370_02_T00031_02_003_01_V002,0,0,1900,1998,0,0,1900,2023
LARSE/GEDI/GEDI04_A_002/GEDI04_A_2023022043103_O23283_03_T10578_02_003_01_V002,0,0,1217,76290,0,0,1217,2023
LARSE/GEDI/GEDI04_A_002/GEDI04_A_2023030181748_O23416_02_T09778_02_003_01_V002,0,0,0,0,0,0,0,2023
LARSE/GEDI/GEDI04_A_002/GEDI04_A_2023029173237_O23400_02_T08951_02_003_01_V002,0,0,0,0,0,0,0,2023
LARSE/GEDI/GEDI04_A_002/GEDI04_A_2023026025411_O23344_03_T08191_02_003_01_V002,639,639,24806,66634,639,639,24806,2023
LARSE/GEDI/GEDI04_A_002/GEDI04_A_2023031002907_O23420_03_T03937_02_003_01_V002,0,0,0,0,0,0,0,2023
LARSE/GEDI/GEDI04_A_002/GEDI04_A_2023032011418_O23436_03_T10609_02_003_01_V002,0,0,0,0,0,0,0,2023
LARSE/GEDI/GEDI04_A_002/GEDI04_A_2023024195730_O23324_02_T06090_02_003_01_V002,3797,3797,72396,84796,3797,3797,72396,2023
LARSE/GEDI/GEDI04_A_002/GEDI04_A_2023029020421_O23390_03_T05131_02_003_01_V002,2814,2814,12902,12999,2814,2814,12902,2023
LARSE/GEDI/GEDI04_A_002/GEDI04_A_2023031173011_O23431_02_T07911_02_003_01_V002,0,0,1,20761,0,0,1,2023
LARSE/GEDI/GEDI04_A_002/GEDI04_A_2023034164009_O23477_02_T02005_02_003_01_V002,0,0,0,0,0,0,0,2023
LARSE/GEDI/GEDI04_A_002/GEDI04_A_2023030011644_O23405_03_T05957_02_003_01_V002,0,0,28,55621,0,0,28,2023
LARSE/GEDI/GEDI04_A_002/GEDI04_A_2023028182013_O23385_02_T08125_02_003_01_V002,4288,4288,73270,88010,4288,4288,73270,2023
LARSE/GEDI/GEDI04_A_002/GEDI04_A_2023033002637_O23451_03_T07166_02_003_01_V002,1850,1850,29104,32803,1850,1850,29104,2023
LARSE/GEDI/GEDI04_A_002/GEDI04_A_2023033233856_O23466_03_T09415_02_003_01_V002,0,0,334,52246,0,0,334,2023
LARSE/GEDI/GEDI04_A_002/GEDI04_A_2023035233729_O23497_03_T01260_02_003_01_V002,0,0,0,0,0,0,0,2023
LARSE/GEDI/GEDI04_A_002/GEDI04_A_2023035155309_O23492_02_T09793_02_003_01_V002,556,556,33998,34731,556,556,33998,2023
LARSE/GEDI/GEDI04_A_002/GEDI04_A_2023039220207_O23558_03_T08528_02_003_01_V002,0,0,0,0,0,0,0,2023
LARSE/GEDI/GEDI04_A_002/GEDI04_A_2023038150454_O23538_02_T00735_02_003_01_V002,0,0,0,0,0,0,0,2023
LARSE/GEDI/GEDI04_A_002/GEDI04_A_2023032164243_O23446_02_T07314_02_003_01_V002,5186,5186,67260,79812,5186,5186,67260,2023
LARSE/GEDI/GEDI04_A_002/GEDI04_A_2023043202605_O23619_03_T03142_02_003_01_V002,0,0,0,0,0,0,0,2023
LARSE/GEDI/GEDI04_A_002/GEDI04_A_2023044115432_O23629_02_T05692_02_003_01_V002,0,0,0,0,0,0,0,2023
LARSE/GEDI/GEDI04_A_002/GEDI04_A_2023044193846_O23634_03_T09660_02_003_01_V002,6101,6101,72028,72483,6101,6101,72028,2023
LARSE/GEDI/GEDI04_A_002/GEDI04_A_2023036225027_O23512_03_T02086_02_003_01_V002,6029,6029,45607,56892,6029,6029,45607,2023
LARSE/GEDI/GEDI04_A_002/GEDI04_A_2023039141749_O23553_02_T02984_02_003_01_V002,4,4,4630,44207,4,4,4630,2023
LARSE/GEDI/GEDI04_A_002/GEDI04_A_2023043124151_O23614_02_T10558_02_003_01_V002,0,0,376,55365,0,0,376,2023
LARSE/GEDI/GEDI04_A_002/GEDI04_A_2023036150608_O23507_02_T00658_02_003_01_V002,2309,2309,29220,73621,2309,2309,29220,2023
LARSE/GEDI/GEDI04_A_002/GEDI04_A_2023046115237_O23660_02_T10191_02_003_01_V002,0,0,0,0,0,0,0,2023
LARSE/GEDI/GEDI04_A_002/GEDI04_A_2023047184921_O23680_03_T02331_02_003_01_V002,0,0,0,0,0,0,0,2023
LARSE/GEDI/GEDI04_A_002/GEDI04_A_2023048101742_O23690_02_T08997_02_003_01_V002,0,0,0,0,0,0,0,2023
LARSE/GEDI/GEDI04_A_002/GEDI04_A_2023052084125_O23751_02_T10879_02_003_01_V002,0,0,0,0,0,0,0,2023
LARSE/GEDI/GEDI04_A_002/GEDI04_A_2023051171232_O23741_03_T04366_02_003_01_V002,0,0,0,0,0,0,0,2023
LARSE/GEDI/GEDI04_A_002/GEDI04_A_2023054084102_O23782_02_T09380_02_003_01_V002,0,0,0,0,0,0,0,2023
LARSE/GEDI/GEDI04_A_002/GEDI04_A_2023053153915_O23771_03_T09981_02_003_01_V002,0,0,0,0,0,0,0,2023
LARSE/GEDI/GEDI04_A_002/GEDI04_A_2023045185122_O23649_03_T02101_02_003_01_V002,756,756,24752,26001,756,756,24752,2023
LARSE/GEDI/GEDI04_A_002/GEDI04_A_2023059140423_O23863_03_T02943_02_003_01_V002,0,0,0,0,0,0,0,2023
LARSE/GEDI/GEDI04_A_002/GEDI04_A_2023052162551_O23756_03_T09155_02_003_01_V002,94,94,23911,73501,94,100,23911,2023
LARSE/GEDI/GEDI04_A_002/GEDI04_A_2023047110511_O23675_02_T01056_02_003_01_V002,491,491,50272,69323,491,491,50272,2023
LARSE/GEDI/GEDI04_A_002/GEDI04_A_2023060053306_O23873_02_T09609_02_003_01_V002,0,0,0,0,0,0,0,2023
LARSE/GEDI/GEDI04_A_002/GEDI04_A_2023064035756_O23934_02_T01224_02_003_01_V002,0,0,0,0,0,0,0,2023
LARSE/GEDI/GEDI04_A_002/GEDI04_A_2023063122918_O23924_03_T00250_02_003_01_V002,0,0,0,0,0,0,0,2023
LARSE/GEDI/GEDI04_A_002/GEDI04_A_2023065044342_O23950_02_T10742_02_003_01_V002,0,0,0,0,0,0,0,2023
LARSE/GEDI/GEDI04_A_002/GEDI04_A_2023065105508_O23954_03_T02055_02_003_01_V002,0,0,0,0,0,0,0,2023
LARSE/GEDI/GEDI04_A_002/GEDI04_A_2023066114053_O23970_03_T06998_02_003_01_V002,0,0,0,0,0,0,0,2023
LARSE/GEDI/GEDI04_A_002/GEDI04_A_2023066035635_O23965_02_T01607_02_003_01_V002,0,0,3875,3887,0,0,3875,2023
LARSE/GEDI/GEDI04_A_002/GEDI04_A_2023064114214_O23939_03_T11037_02_003_01_V002,2006,2006,65776,67390,2006,2006,65776,2023
LARSE/GEDI/GEDI04_A_002/GEDI04_A_2023063044459_O23919_02_T08936_02_003_01_V002,835,835,35052,85382,835,835,35052,2023
LARSE/GEDI/GEDI04_A_002/GEDI04_A_2023069030933_O24011_02_T06473_02_003_01_V002,0,0,0,0,0,0,0,2023
LARSE/GEDI/GEDI04_A_002/GEDI04_A_2023060131726_O23878_03_T08038_02_003_01_V002,38,38,16968,69291,38,38,16968,2023
LARSE/GEDI/GEDI04_A_002/GEDI04_A_2023059062001_O23858_02_T10359_02_003_01_V002,5343,5343,77814,82745,5343,5362,77814,2023
LARSE/GEDI/GEDI04_A_002/GEDI04_A_2023072004939_O24056_02_T01683_02_003_01_V002,0,0,0,0,0,0,0,2023
LARSE/GEDI/GEDI04_A_002/GEDI04_A_2023069092108_O24015_03_T06324_02_003_01_V002,0,0,0,0,0,0,0,2023
LARSE/GEDI/GEDI04_A_002/GEDI04_A_2023067105422_O23985_03_T09094_02_003_01_V002,136,136,2327,2979,136,136,2327,2023
LARSE/GEDI/GEDI04_A_002/GEDI04_A_2023067030958_O23980_02_T07972_02_003_01_V002,6763,6763,89326,89936,6763,6763,89326,2023
LARSE/GEDI/GEDI04_A_002/GEDI04_A_2023073013551_O24072_02_T08049_02_003_01_V002,0,0,0,0,0,0,0,2023
LARSE/GEDI/GEDI04_A_002/GEDI04_A_2023073074723_O24076_03_T07900_02_003_01_V002,0,0,0,0,0,0,0,2023
LARSE/GEDI/GEDI04_A_002/GEDI04_A_2023074004906_O24087_02_T05876_02_003_01_V002,45,45,6319,6343,45,45,6319,2023
LARSE/GEDI/GEDI04_A_002/GEDI04_A_2023072083405_O24061_03_T01382_02_003_01_V002,13,13,8291,61322,13,13,8291,2023
LARSE/GEDI/GEDI04_A_002/GEDI04_A_2023068100742_O24000_03_T08497_02_003_01_V002,0,0,2748,61726,0,0,2748,2023
LARSE/GEDI/GEDI04_A_002/GEDI04_A_2023074083331_O24092_03_T09997_02_003_01_V002,0,0,0,0,0,0,0,2023
LARSE/GEDI/GEDI04_A_002/GEDI04_A_2024129101315_O30607_03_T00000_02_004_01_V002,0,0,0,0,0,0,0,2024
LARSE/GEDI/GEDI04_A_002/GEDI04_A_2024127023302_O30571_02_T00000_02_004_01_V002,0,0,0,0,0,0,0,2024
LARSE/GEDI/GEDI04_A_002/GEDI04_A_2024125040925_O30541_02_T00000_02_004_01_V002,0,0,0,0,0,0,0,2024
LARSE/GEDI/GEDI04_A_002/GEDI04_A_2024129022921_O30602_02_T00000_02_004_01_V002,710,710,3203,5697,710,710,3203,2024
LARSE/GEDI/GEDI04_A_002/GEDI04_A_2024126110510_O30561_03_T00000_02_004_01_V002,0,0,0,0,0,0,0,2024
LARSE/GEDI/GEDI04_A_002/GEDI04_A_2024131005245_O30632_02_T02295_02_004_01_V002,0,0,0,0,0,0,0,2024
LARSE/GEDI/GEDI04_A_002/GEDI04_A_2024130014104_O30617_02_T02739_02_004_01_V002,5855,5855,29687,31754,5855,5855,29687,2024
LARSE/GEDI/GEDI04_A_002/GEDI04_A_2024132013710_O30648_02_T08814_02_004_01_V002,0,0,0,0,0,0,0,2024
LARSE/GEDI/GEDI04_A_002/GEDI04_A_2024133083238_O30668_03_T02683_02_004_01_V002,0,0,0,0,0,0,0,2024
LARSE/GEDI/GEDI04_A_002/GEDI04_A_2024127101657_O30576_03_T00000_02_004_01_V002,2053,2053,11207,50768,2053,2053,11207,2024
LARSE/GEDI/GEDI04_A_002/GEDI04_A_2024133004847_O30663_02_T02831_02_004_01_V002,9216,9216,23219,26258,9216,9216,23219,2024
LARSE/GEDI/GEDI04_A_002/GEDI04_A_2024135235558_O30709_02_T00077_02_004_01_V002,0,0,0,0,0,0,0,2024
LARSE/GEDI/GEDI04_A_002/GEDI04_A_2024134074412_O30683_03_T10777_02_004_01_V002,349,349,4485,45960,349,349,4485,2024
LARSE/GEDI/GEDI04_A_002/GEDI04_A_2024126032114_O30556_02_T00000_02_004_01_V002,9531,9531,33517,60597,9531,9531,33517,2024
LARSE/GEDI/GEDI04_A_002/GEDI04_A_2024137065111_O30729_03_T09446_02_004_01_V002,0,0,0,0,0,0,0,2024
LARSE/GEDI/GEDI04_A_002/GEDI04_A_2024137221846_O30739_02_T10726_02_004_01_V002,0,0,0,0,0,0,0,2024
LARSE/GEDI/GEDI04_A_002/GEDI04_A_2024139051350_O30759_03_T05865_02_004_01_V002,0,0,0,0,0,0,0,2024
LARSE/GEDI/GEDI04_A_002/GEDI04_A_2024135065535_O30698_03_T10333_02_004_01_V002,7,7,41,28538,7,7,41,2024
LARSE/GEDI/GEDI04_A_002/GEDI04_A_2024141203629_O30800_02_T03412_02_004_01_V002,0,0,0,0,0,0,0,2024
LARSE/GEDI/GEDI04_A_002/GEDI04_A_2024136230723_O30724_02_T03902_02_004_01_V002,23233,23233,46460,53015,23233,23233,46460,2024
LARSE/GEDI/GEDI04_A_002/GEDI04_A_2024139221405_O30770_02_T06993_02_004_01_V002,0,0,0,0,0,0,0,2024
LARSE/GEDI/GEDI04_A_002/GEDI04_A_2024138060233_O30744_03_T04886_02_004_01_V002,8411,8411,25863,56772,8411,8411,25863,2024
LARSE/GEDI/GEDI04_A_002/GEDI04_A_2024142212021_O30816_02_T08661_02_004_01_V002,0,0,0,0,0,0,0,2024
LARSE/GEDI/GEDI04_A_002/GEDI04_A_2024143033117_O30820_03_T00127_02_004_01_V002,0,0,0,0,0,0,0,2024
LARSE/GEDI/GEDI04_A_002/GEDI04_A_2024134000021_O30678_02_T10925_02_004_01_V002,1524,1524,11971,29010,1524,1524,11971,2024
LARSE/GEDI/GEDI04_A_002/GEDI04_A_2024140212518_O30785_02_T05279_02_004_01_V002,3920,3920,18923,66214,3920,3920,18923,2024
LARSE/GEDI/GEDI04_A_002/GEDI04_A_2024150175955_O30938_02_T05264_02_004_01_V002,0,0,0,0,0,0,0,2024
LARSE/GEDI/GEDI04_A_002/GEDI04_A_2024142042012_O30805_03_T06110_02_004_01_V002,15968,15968,33910,41150,15968,15968,33910,2024
LARSE/GEDI/GEDI04_A_002/GEDI04_A_2024150005903_O30927_03_T09675_02_004_01_V002,0,0,0,0,0,0,0,2024
LARSE/GEDI/GEDI04_A_002/GEDI04_A_2024143203124_O30831_02_T08370_02_004_01_V002,3436,3436,10209,24363,3436,3436,10209,2024
LARSE/GEDI/GEDI04_A_002/GEDI04_A_2024162204539_O31126_03_T08987_02_004_01_V002,0,0,0,0,0,0,0,2024
LARSE/GEDI/GEDI04_A_002/GEDI04_A_2024158222446_O31065_03_T08222_02_004_01_V002,0,0,0,0,0,0,0,2024
LARSE/GEDI/GEDI04_A_002/GEDI04_A_2024163121351_O31136_02_T05845_02_004_01_V002,0,0,0,0,0,0,0,2024
LARSE/GEDI/GEDI04_A_002/GEDI04_A_2024144194225_O30846_02_T00964_02_004_01_V002,118,118,2649,18789,118,118,2649,2024
LARSE/GEDI/GEDI04_A_002/GEDI04_A_2024165121102_O31167_02_T07651_02_004_01_V002,0,0,0,0,0,0,0,2024
LARSE/GEDI/GEDI04_A_002/GEDI04_A_2024155153233_O31014_02_T02739_02_004_01_V002,0,0,61136,86362,0,19494,61136,2024
LARSE/GEDI/GEDI04_A_002/GEDI04_A_2024166190713_O31187_03_T09752_02_004_01_V002,0,0,0,0,0,0,0,2024
LARSE/GEDI/GEDI04_A_002/GEDI04_A_2024167103535_O31197_02_T05187_02_004_01_V002,0,0,0,0,0,0,0,2024
LARSE/GEDI/GEDI04_A_002/GEDI04_A_2024163195755_O31141_03_T07120_02_004_01_V002,29557,29557,60060,73989,29557,29558,60060,2024
LARSE/GEDI/GEDI04_A_002/GEDI04_A_2024164191006_O31156_03_T03677_02_004_01_V002,0,0,2478,2634,0,1627,2478,2024
LARSE/GEDI/GEDI04_A_002/GEDI04_A_2024169103448_O31228_02_T05264_02_004_01_V002,0,0,0,0,0,0,0,2024
LARSE/GEDI/GEDI04_A_002/GEDI04_A_2024166112311_O31182_02_T01515_02_004_01_V002,52228,52228,75692,77079,52228,52228,75692,2024
LARSE/GEDI/GEDI04_A_002/GEDI04_A_2024171090055_O31258_02_T01071_02_004_01_V002,0,0,0,0,0,0,0,2024
LARSE/GEDI/GEDI04_A_002/GEDI04_A_2024172155818_O31278_03_T03019_02_004_01_V002,0,0,0,0,0,0,0,2024
LARSE/GEDI/GEDI04_A_002/GEDI04_A_2024159135237_O31075_02_T07926_02_004_01_V002,552,552,32845,52867,552,11081,32845,2024
LARSE/GEDI/GEDI04_A_002/GEDI04_A_2024173085950_O31289_02_T06840_02_004_01_V002,0,0,0,0,0,0,0,2024
LARSE/GEDI/GEDI04_A_002/GEDI04_A_2024170173212_O31248_03_T07212_02_004_01_V002,0,0,0,0,0,0,0,2024
LARSE/GEDI/GEDI04_A_002/GEDI04_A_2024175072546_O31319_02_T05646_02_004_02_V002,0,0,0,0,0,0,0,2024
LARSE/GEDI/GEDI04_A_002/GEDI04_A_2024176142258_O31339_03_T03325_02_004_02_V002,0,0,0,0,0,0,0,2024
LARSE/GEDI/GEDI04_A_002/GEDI04_A_2024167181959_O31202_03_T09155_02_004_01_V002,0,0,58850,73549,0,30569,58850,2024
LARSE/GEDI/GEDI04_A_002/GEDI04_A_2024174155708_O31309_03_T01826_02_004_01_V002,0,0,0,0,0,0,0,2024
LARSE/GEDI/GEDI04_A_002/GEDI04_A_2024171164516_O31263_03_T10884_02_004_01_V002,0,0,26293,70315,0,8988,26293,2024
LARSE/GEDI/GEDI04_A_002/GEDI04_A_2024174081249_O31304_02_T00551_02_004_01_V002,31342,31342,59792,87838,31342,31342,59792,2024
LARSE/GEDI/GEDI04_A_002/GEDI04_A_2024177150842_O31355_03_T05575_02_004_02_V002,0,0,0,0,0,0,0,2024
LARSE/GEDI/GEDI04_A_002/GEDI04_A_2024177072425_O31350_02_T05723_02_004_02_V002,2169,2169,2452,2457,2169,2169,2452,2024
LARSE/GEDI/GEDI04_A_002/GEDI04_A_2024170094751_O31243_02_T08783_02_004_01_V002,34490,34490,68885,81966,34490,34490,68885,2024
LARSE/GEDI/GEDI04_A_002/GEDI04_A_2024175151004_O31324_03_T09614_02_004_02_V002,0,0,42251,65474,0,23231,42251,2024
LARSE/GEDI/GEDI04_A_002/GEDI04_A_2024180063545_O31396_02_T11048_02_004_02_V002,0,0,0,0,0,0,0,2024
LARSE/GEDI/GEDI04_A_002/GEDI04_A_2024179055006_O31380_02_T00260_02_004_02_V002,0,0,0,0,0,0,0,2024
LARSE/GEDI/GEDI04_A_002/GEDI04_A_2024181133245_O31416_03_T03035_02_004_02_V002,0,0,0,0,0,0,0,2024
LARSE/GEDI/GEDI04_A_002/GEDI04_A_2024178142133_O31370_03_T10670_02_004_02_V002,0,0,3594,4868,0,1094,3594,2024
LARSE/GEDI/GEDI04_A_002/GEDI04_A_2024180124710_O31400_03_T02361_02_004_02_V002,0,0,0,0,0,0,0,2024
LARSE/GEDI/GEDI04_A_002/GEDI04_A_2024179133422_O31385_03_T10073_02_004_02_V002,2293,2293,8851,60607,2293,2293,8851,2024
LARSE/GEDI/GEDI04_A_002/GEDI04_A_2024184050025_O31457_02_T02816_02_004_02_V002,0,0,0,0,0,0,0,2024
LARSE/GEDI/GEDI04_A_002/GEDI04_A_2024184111154_O31461_03_T09629_02_004_02_V002,0,0,0,0,0,0,0,2024
LARSE/GEDI/GEDI04_A_002/GEDI04_A_2024181054830_O31411_02_T10451_02_004_02_V002,9253,9253,11680,12083,9253,9253,11680,2024
LARSE/GEDI/GEDI04_A_002/GEDI04_A_2024178063716_O31365_02_T00857_02_004_02_V002,49309,49309,81182,89692,49309,49309,81182,2024
LARSE/GEDI/GEDI04_A_002/GEDI04_A_2024182124543_O31431_03_T01015_02_004_02_V002,1192,1192,3756,18514,1192,1192,3756,2024
LARSE/GEDI/GEDI04_A_002/GEDI04_A_2024185041328_O31472_02_T07758_02_004_02_V002,12750,12750,15646,16763,12750,12750,15646,2024
LARSE/GEDI/GEDI04_A_002/GEDI04_A_2024188032522_O31518_02_T05815_02_004_02_V002,0,0,0,0,0,0,0,2024
LARSE/GEDI/GEDI04_A_002/GEDI04_A_2024182050120_O31426_02_T02739_02_004_02_V002,26120,26120,48834,84723,26120,26120,48834,2024
LARSE/GEDI/GEDI04_A_002/GEDI04_A_2024185115749_O31477_03_T04764_02_004_02_V002,0,0,0,0,0,0,0,2024
LARSE/GEDI/GEDI04_A_002/GEDI04_A_2024188093650_O31522_03_T01397_02_004_02_V002,0,0,0,0,0,0,0,2024
LARSE/GEDI/GEDI04_A_002/GEDI04_A_2024183115848_O31446_03_T01841_02_004_02_V002,30377,30377,46349,55977,30377,30377,46349,2024
LARSE/GEDI/GEDI04_A_002/GEDI04_A_2024186111051_O31492_03_T02744_02_004_02_V002,3741,3741,9909,27151,3741,3741,9909,2024
LARSE/GEDI/GEDI04_A_002/GEDI04_A_2024189023820_O31533_02_T08064_02_004_02_V002,3107,3107,4943,24595,3107,3107,4943,2024
LARSE/GEDI/GEDI04_A_002/GEDI04_A_2024189102239_O31538_03_T02224_02_004_02_V002,0,0,0,0,0,0,0,2024
LARSE/GEDI/GEDI04_A_002/GEDI04_A_2024192014957_O31579_02_T00429_02_004_02_V002,0,0,0,0,0,0,0,2024
LARSE/GEDI/GEDI04_A_002/GEDI04_A_2024193084707_O31599_03_T02530_02_004_02_V002,0,0,0,0,0,0,0,2024
LARSE/GEDI/GEDI04_A_002/GEDI04_A_2024196001410_O31640_02_T09273_02_004_02_V002,0,0,0,0,0,0,0,2024
LARSE/GEDI/GEDI04_A_002/GEDI04_A_2024190015116_O31548_02_T10313_02_004_02_V002,3342,3342,13244,78243,3342,3342,13244,2024
LARSE/GEDI/GEDI04_A_002/GEDI04_A_2024190093535_O31553_03_T02897_02_004_02_V002,11980,11980,24723,33680,11980,11980,24723,2024
LARSE/GEDI/GEDI04_A_002/GEDI04_A_2024191084830_O31568_03_T06569_02_004_02_V002,16816,16816,30414,52445,16816,16816,30414,2024
LARSE/GEDI/GEDI04_A_002/GEDI04_A_2024197071112_O31660_03_T01413_02_004_02_V002,0,0,0,0,0,0,0,2024
LARSE/GEDI/GEDI04_A_002/GEDI04_A_2024186032630_O31487_02_T07161_02_004_02_V002,35641,35641,69405,81698,35641,35641,69405,2024
LARSE/GEDI/GEDI04_A_002/GEDI04_A_2024199223755_O31701_02_T01194_02_004_02_V002,0,0,0,0,0,0,0,2024
LARSE/GEDI/GEDI04_A_002/GEDI04_A_2024193010250_O31594_02_T08370_02_004_02_V002,26950,26950,32297,32602,26950,26950,32297,2024
LARSE/GEDI/GEDI04_A_002/GEDI04_A_2024201053444_O31721_03_T00449_02_004_02_V002,0,0,0,0,0,0,0,2024
LARSE/GEDI/GEDI04_A_002/GEDI04_A_2024196232657_O31655_02_T08676_02_004_02_V002,17541,17541,27094,45031,17541,17541,27094,2024
LARSE/GEDI/GEDI04_A_002/GEDI04_A_2024195071247_O31629_03_T09721_02_004_02_V002,19684,19684,28526,49507,19684,19684,28526,2024
LARSE/GEDI/GEDI04_A_002/GEDI04_A_2024200215032_O31716_02_T03443_02_004_02_V002,7937,7937,11744,50248,7937,7937,11744,2024
LARSE/GEDI/GEDI04_A_002/GEDI04_A_2024198062355_O31675_03_T00816_02_004_02_V002,20658,20658,41741,60676,20658,20658,41741,2024
LARSE/GEDI/GEDI04_A_002/GEDI04_A_2024199053637_O31690_03_T00219_02_004_02_V002,24556,24556,37135,40735,24556,24556,37135,2024
LARSE/GEDI/GEDI04_A_002/GEDI04_A_2024201210308_O31731_02_T09961_02_004_02_V002,0,0,0,0,0,0,0,2024
LARSE/GEDI/GEDI04_A_002/GEDI04_A_2024203210103_O31762_02_T08768_02_004_02_V002,0,0,0,0,0,0,0,2024
LARSE/GEDI/GEDI04_A_002/GEDI04_A_2024197223942_O31670_02_T09502_02_004_02_V002,0,0,0,16407,0,0,0,2024
LARSE/GEDI/GEDI04_A_002/GEDI04_A_2024203035952_O31751_03_T03524_02_004_02_V002,1376,1376,6301,24449,1376,1376,6301,2024
LARSE/GEDI/GEDI04_A_002/GEDI04_A_2024205192602_O31792_02_T00612_02_004_02_V002,0,0,0,0,0,0,0,2024
LARSE/GEDI/GEDI04_A_002/GEDI04_A_2024207192342_O31823_02_T09380_02_004_02_V002,0,0,0,0,0,0,0,2024
LARSE/GEDI/GEDI04_A_002/GEDI04_A_2024207022236_O31812_03_T01290_02_004_02_V002,0,0,0,0,0,0,0,2024
LARSE/GEDI/GEDI04_A_002/GEDI04_A_2024205035743_O31782_03_T02484_02_004_02_V002,0,0,0,0,0,0,0,2024
LARSE/GEDI/GEDI04_A_002/GEDI04_A_2024209022010_O31843_03_T01673_02_004_02_V002,0,0,0,0,0,0,0,2024
LARSE/GEDI/GEDI04_A_002/GEDI04_A_2024209174823_O31853_02_T06916_02_004_02_V002,0,0,0,0,0,0,0,2024
LARSE/GEDI/GEDI04_A_002/GEDI04_A_2024206031011_O31797_03_T04733_02_004_02_V002,2273,2273,8469,79442,2273,2273,8469,2024
LARSE/GEDI/GEDI04_A_002/GEDI04_A_2024204201333_O31777_02_T05478_02_004_02_V002,38374,38374,56804,73677,38374,38374,56804,2024
LARSE/GEDI/GEDI04_A_002/GEDI04_A_2024202044719_O31736_03_T06967_02_004_02_V002,3035,3035,11091,75215,3035,3035,11091,2024
LARSE/GEDI/GEDI04_A_002/GEDI04_A_2024211004447_O31873_03_T09017_02_004_02_V002,0,0,0,0,0,0,0,2024
LARSE/GEDI/GEDI04_A_002/GEDI04_A_2024208183603_O31838_02_T04667_02_004_02_V002,0,0,45298,83101,0,17271,45298,2024
LARSE/GEDI/GEDI04_A_002/GEDI04_A_2024211174547_O31884_02_T04453_02_004_02_V002,0,0,3130,4487,0,1772,3130,2024
LARSE/GEDI/GEDI04_A_002/GEDI04_A_2024213161018_O31914_02_T10527_02_004_02_V002,0,0,0,0,0,0,0,2024
LARSE/GEDI/GEDI04_A_002/GEDI04_A_2024214165616_O31930_02_T01240_02_004_02_V002,0,0,0,0,0,0,0,2024
LARSE/GEDI/GEDI04_A_002/GEDI04_A_2024212012952_O31889_03_T09997_02_004_02_V002,0,0,0,0,0,0,0,2024
LARSE/GEDI/GEDI04_A_002/GEDI04_A_2024214230745_O31934_03_T08206_02_004_02_V002,0,0,0,0,0,0,0,2024
LARSE/GEDI/GEDI04_A_002/GEDI04_A_2024213004157_O31904_03_T03708_02_004_02_V002,5491,5491,14933,15166,5491,5491,14933,2024
LARSE/GEDI/GEDI04_A_002/GEDI04_A_2024215235340_O31950_03_T03188_02_004_02_V002,0,0,0,0,0,0,0,2024
LARSE/GEDI/GEDI04_A_002/GEDI04_A_2024210013230_O31858_03_T08191_02_004_02_V002,2773,2773,11759,66867,2773,2918,11759,2024
LARSE/GEDI/GEDI04_A_002/GEDI04_A_2024215160919_O31945_02_T04912_02_004_02_V002,0,0,12925,14490,0,4874,12925,2024
LARSE/GEDI/GEDI04_A_002/GEDI04_A_2024217143517_O31975_02_T03565_02_004_02_V002,0,0,0,0,0,0,0,2024
LARSE/GEDI/GEDI04_A_002/GEDI04_A_2024218152105_O31991_02_T04392_02_004_02_V002,0,0,0,0,0,0,0,2024
LARSE/GEDI/GEDI04_A_002/GEDI04_A_2024216230639_O31965_03_T06860_02_004_02_V002,6723,6723,13162,25536,6723,6723,13162,2024
LARSE/GEDI/GEDI04_A_002/GEDI04_A_2024213235440_O31919_03_T03111_02_004_02_V002,25524,25524,38226,56867,25524,25524,38226,2024
LARSE/GEDI/GEDI04_A_002/GEDI04_A_2024219221820_O32011_03_T03494_02_004_02_V002,0,0,0,0,0,0,0,2024
LARSE/GEDI/GEDI04_A_002/GEDI04_A_2024212165801_O31899_02_T03856_02_004_02_V002,0,0,47112,87394,0,18184,47112,2024
LARSE/GEDI/GEDI04_A_002/GEDI04_A_2024217221936_O31980_03_T07686_02_004_02_V002,7071,7071,12727,54616,7071,7071,12727,2024
LARSE/GEDI/GEDI04_A_002/GEDI04_A_2024219143402_O32006_02_T10910_02_004_02_V002,10038,10038,17949,23716,10038,10038,17949,2024
LARSE/GEDI/GEDI04_A_002/GEDI04_A_2024223204226_O32072_03_T11068_02_004_02_V002,0,0,0,0,0,0,0,2024
LARSE/GEDI/GEDI04_A_002/GEDI04_A_2024220134655_O32021_02_T01775_02_004_02_V002,5583,5583,13020,78614,5583,5583,13020,2024
LARSE/GEDI/GEDI04_A_002/GEDI04_A_2024223125811_O32067_02_T08370_02_004_02_V002,21611,21611,28655,32618,21611,21611,28655,2024
LARSE/GEDI/GEDI04_A_002/GEDI04_A_2024221204402_O32041_03_T00877_02_004_02_V002,0,0,4861,52738,0,1821,4861,2024
LARSE/GEDI/GEDI04_A_002/GEDI04_A_2024227190550_O32133_03_T04412_02_004_02_V002,0,0,0,0,0,0,0,2024
LARSE/GEDI/GEDI04_A_002/GEDI04_A_2024220213112_O32026_03_T05743_02_004_02_V002,14702,14702,24902,33391,14702,14702,24902,2024
LARSE/GEDI/GEDI04_A_002/GEDI04_A_2024216152219_O31960_02_T01469_02_004_02_V002,0,0,71860,82740,0,28087,71860,2024
LARSE/GEDI/GEDI04_A_002/GEDI04_A_2024224195509_O32087_03_T10471_02_004_02_V002,24854,24854,40800,48417,24854,24854,40800,2024
LARSE/GEDI/GEDI04_A_002/GEDI04_A_2024225190750_O32102_03_T02759_02_004_02_V002,10990,10990,25239,48620,10990,10990,25239,2024
LARSE/GEDI/GEDI04_A_002/GEDI04_A_2024224121055_O32082_02_T00658_02_004_02_V002,18715,18715,48275,73635,18715,18715,48275,2024
LARSE/GEDI/GEDI04_A_002/GEDI04_A_2024227112139_O32128_02_T10252_02_004_02_V002,11123,11123,23367,46724,11123,11123,23367,2024
LARSE/GEDI/GEDI04_A_002/GEDI04_A_2024231172822_O32194_03_T05024_02_004_02_V002,0,0,0,0,0,0,0,2024
LARSE/GEDI/GEDI04_A_002/GEDI04_A_2024234085345_O32235_02_T03535_02_004_02_V002,0,0,0,0,0,0,0,2024
LARSE/GEDI/GEDI04_A_002/GEDI04_A_2024232085635_O32204_02_T08844_02_004_02_V002,0,0,0,0,0,0,0,2024
LARSE/GEDI/GEDI04_A_002/GEDI04_A_2024236071822_O32265_02_T01071_02_004_02_V002,0,0,0,0,0,0,0,2024
LARSE/GEDI/GEDI04_A_002/GEDI04_A_2024231094414_O32189_02_T00903_02_004_02_V002,36357,36357,53012,63541,36357,36357,53012,2024
LARSE/GEDI/GEDI04_A_002/GEDI04_A_2024233155249_O32224_03_T02560_02_004_02_V002,0,0,0,0,0,0,0,2024
LARSE/GEDI/GEDI04_A_002/GEDI04_A_2024237141515_O32285_03_T07441_02_004_02_V002,0,0,0,0,0,0,0,2024
LARSE/GEDI/GEDI04_A_002/GEDI04_A_2024238071630_O32296_02_T01301_02_004_02_V002,0,0,0,0,0,0,0,2024
LARSE/GEDI/GEDI04_A_002/GEDI04_A_2024232164042_O32209_03_T05850_02_004_02_V002,0,0,62286,77833,0,35246,62286,2024
LARSE/GEDI/GEDI04_A_002/GEDI04_A_2024242132504_O32362_03_T07151_02_004_02_V002,0,0,0,0,0,0,0,2024
LARSE/GEDI/GEDI04_A_002/GEDI04_A_2024242054035_O32357_02_T01760_02_004_02_V002,6184,6184,7896,7914,6184,6184,7896,2024
LARSE/GEDI/GEDI04_A_002/GEDI04_A_2024244040725_O32387_02_T05952_02_004_02_V002,0,0,0,0,0,0,0,2024
LARSE/GEDI/GEDI04_A_002/GEDI04_A_2024236150236_O32270_03_T05192_02_004_02_V002,0,0,4834,70678,0,3557,4834,2024
LARSE/GEDI/GEDI04_A_002/GEDI04_A_2024243123830_O32377_03_T03555_02_004_02_V002,0,0,9558,9681,0,4941,9558,2024
LARSE/GEDI/GEDI04_A_002/GEDI04_A_2024239141315_O32316_03_T00556_02_004_02_V002,0,0,0,0,0,0,0,2024
LARSE/GEDI/GEDI04_A_002/GEDI04_A_2024245045340_O32403_02_T03780_02_004_02_V002,0,0,0,0,0,0,0,2024
LARSE/GEDI/GEDI04_A_002/GEDI04_A_2024243045401_O32372_02_T05279_02_004_02_V002,0,0,81605,88368,0,54491,81605,2024
LARSE/GEDI/GEDI04_A_002/GEDI04_A_2024235080555_O32250_02_T04514_02_004_02_V002,41421,41421,62438,80409,41421,41421,62438,2024
LARSE/GEDI/GEDI04_A_002/GEDI04_A_2024245110513_O32407_03_T00785_02_004_02_V002,0,0,0,0,0,0,0,2024
LARSE/GEDI/GEDI04_A_002/GEDI04_A_2024239062905_O32311_02_T03550_02_004_02_V002,40706,40706,64014,90063,40706,40706,64014,2024
LARSE/GEDI/GEDI04_A_002/GEDI04_A_2024246115125_O32423_03_T00036_02_004_02_V002,0,0,0,0,0,0,0,2024
LARSE/GEDI/GEDI04_A_002/GEDI04_A_2024248023330_O32448_02_T10374_02_004_02_V002,0,0,0,0,0,0,0,2024
LARSE/GEDI/GEDI04_A_002/GEDI04_A_2024246040659_O32418_02_T01760_02_004_02_V002,3814,3814,6273,7770,3814,3814,6273,2024
LARSE/GEDI/GEDI04_A_002/GEDI04_A_2024249031934_O32464_02_T08202_02_004_01_V002,0,0,0,0,0,0,0,2024
LARSE/GEDI/GEDI04_A_002/GEDI04_A_2024244115152_O32392_03_T10073_02_004_02_V002,12655,12655,20841,60815,12655,12655,20841,2024
LARSE/GEDI/GEDI04_A_002/GEDI04_A_2024249093105_O32468_03_T05207_02_004_01_V002,0,0,0,0,0,0,0,2024
LARSE/GEDI/GEDI04_A_002/GEDI04_A_2024250101734_O32484_03_T01612_02_004_01_V002,0,0,0,0,0,0,0,2024
LARSE/GEDI/GEDI04_A_002/GEDI04_A_2024247110440_O32438_03_T10823_02_004_02_V002,2490,2490,5195,12234,2490,2490,5195,2024
LARSE/GEDI/GEDI04_A_002/GEDI04_A_2024247032015_O32433_02_T06702_02_004_02_V002,34003,34003,59082,87548,34003,34003,59082,2024
LARSE/GEDI/GEDI04_A_002/GEDI04_A_2024252010038_O32509_02_T05952_02_004_01_V002,0,0,0,0,0,0,0,2024
LARSE/GEDI/GEDI04_A_002/GEDI04_A_2024253075901_O32529_03_T09170_02_004_01_V002,0,0,0,0,0,0,0,2024
LARSE/GEDI/GEDI04_A_002/GEDI04_A_2024250023256_O32479_02_T03183_02_004_01_V002,7421,7421,10376,10776,7421,7421,10376,2024
LARSE/GEDI/GEDI04_A_002/GEDI04_A_2024254010100_O32540_02_T07299_02_004_01_V002,0,0,3092,3102,0,2253,3092,2024
LARSE/GEDI/GEDI04_A_002/GEDI04_A_2024253014720_O32525_02_T05203_02_004_01_V002,0,0,0,0,0,0,0,2024
LARSE/GEDI/GEDI04_A_002/GEDI04_A_2024254084534_O32545_03_T04152_02_004_01_V002,0,0,0,0,0,0,0,2024
LARSE/GEDI/GEDI04_A_002/GEDI04_A_2024256071247_O32575_03_T11343_02_004_01_V002,0,0,0,0,0,0,0,2024
LARSE/GEDI/GEDI04_A_002/GEDI04_A_2024257001443_O32586_02_T00781_02_004_01_V002,0,0,0,0,0,0,0,2024
LARSE/GEDI/GEDI04_A_002/GEDI04_A_2024257062619_O32590_03_T10593_02_004_01_V002,0,0,0,0,0,0,0,2024
LARSE/GEDI/GEDI04_A_002/GEDI04_A_2024257232812_O32601_02_T02877_02_004_01_V002,12,12,45,3029,12,12,45,2024
LARSE/GEDI/GEDI04_A_002/GEDI04_A_2024258071241_O32606_03_T11267_02_004_01_V002,0,0,0,0,0,0,0,2024
LARSE/GEDI/GEDI04_A_002/GEDI04_A_2024259215500_O32631_02_T07222_02_004_01_V002,0,0,0,0,0,0,0,2024
LARSE/GEDI/GEDI04_A_002/GEDI04_A_2024248101754_O32453_03_T05804_02_004_02_V002,18748,18748,33282,59890,18748,18748,33282,2024
LARSE/GEDI/GEDI04_A_002/GEDI04_A_2024261045250_O32651_03_T04901_02_004_01_V002,0,0,0,0,0,0,0,2024
LARSE/GEDI/GEDI04_A_002/GEDI04_A_2024260224113_O32647_02_T05050_02_004_01_V002,0,0,0,0,0,0,0,2024
LARSE/GEDI/GEDI04_A_002/GEDI04_A_2024262053901_O32667_03_T08421_02_004_01_V002,0,0,0,0,0,0,0,2024
LARSE/GEDI/GEDI04_A_002/GEDI04_A_2024260053927_O32636_03_T06921_02_004_01_V002,16192,16192,33097,63326,16192,16192,33097,2024
LARSE/GEDI/GEDI04_A_002/GEDI04_A_2024263202105_O32692_02_T02953_02_004_01_V002,0,0,0,0,0,0,0,2024
LARSE/GEDI/GEDI04_A_002/GEDI04_A_2024261215436_O32662_02_T10145_02_004_01_V002,9,9,23,4501,9,9,23,2024
LARSE/GEDI/GEDI04_A_002/GEDI04_A_2024259062605_O32621_03_T07671_02_004_01_V002,0,0,0,0,0,0,0,2024
LARSE/GEDI/GEDI04_A_002/GEDI04_A_2024252084514_O32514_03_T09920_02_004_01_V002,6694,6694,10731,61120,6694,6694,10731,2024
LARSE/GEDI/GEDI04_A_002/GEDI04_A_2024258224137_O32616_02_T02280_02_004_01_V002,10195,10195,24871,90030,10195,10195,24871,2024
LARSE/GEDI/GEDI04_A_002/GEDI04_A_2024265031840_O32712_03_T07747_02_004_01_V002,0,0,0,0,0,0,0,2024
LARSE/GEDI/GEDI04_A_002/GEDI04_A_2024264210709_O32708_02_T00934_02_004_01_V002,0,0,0,0,0,0,0,2024
LARSE/GEDI/GEDI04_A_002/GEDI04_A_2024263045216_O32682_03_T02132_02_004_01_V002,1174,1174,2527,3020,1174,1174,2527,2024
LARSE/GEDI/GEDI04_A_002/GEDI04_A_2024265202019_O32723_02_T00184_02_004_01_V002,1850,1850,4238,5700,1850,1850,4238,2024
LARSE/GEDI/GEDI04_A_002/GEDI04_A_2024266040441_O32728_03_T04305_02_004_01_V002,0,0,0,0,0,0,0,2024
LARSE/GEDI/GEDI04_A_002/GEDI04_A_2024267184629_O32753_02_T04682_02_004_01_V002,0,0,0,0,0,0,0,2024
LARSE/GEDI/GEDI04_A_002/GEDI04_A_2024268193226_O32769_02_T05356_02_004_01_V002,0,0,0,0,0,0,0,2024
LARSE/GEDI/GEDI04_A_002/GEDI04_A_2024269014354_O32773_03_T10899_02_004_01_V002,0,0,0,0,0,0,0,2024
LARSE/GEDI/GEDI04_A_002/GEDI04_A_2024270022944_O32789_03_T00189_02_004_01_V002,0,0,0,0,0,0,0,2024
LARSE/GEDI/GEDI04_A_002/GEDI04_A_2024264040529_O32697_03_T04228_02_004_01_V002,30466,30466,53764,60983,30466,30466,53764,2024
LARSE/GEDI/GEDI04_A_002/GEDI04_A_2024269184525_O32784_02_T09028_02_004_01_V002,0,0,151,7439,0,36,151,2024
LARSE/GEDI/GEDI04_A_002/GEDI04_A_2024262210752_O32677_02_T05126_02_004_01_V002,18558,18558,44794,89920,18558,18558,44794,2024
LARSE/GEDI/GEDI04_A_002/GEDI04_A_2024268023052_O32758_03_T00112_02_004_01_V002,15602,15602,36334,59584,15602,15602,36334,2024
LARSE/GEDI/GEDI04_A_002/GEDI04_A_2024271014232_O32804_03_T08130_02_004_01_V002,0,0,0,18039,0,0,0,2024
LARSE/GEDI/GEDI04_A_002/GEDI04_A_2024271171104_O32814_02_T02142_02_004_01_V002,0,0,0,0,0,0,0,2024
LARSE/GEDI/GEDI04_A_002/GEDI04_A_2024270175822_O32799_02_T11277_02_004_01_V002,0,0,0,84518,0,0,0,2024
LARSE/GEDI/GEDI04_A_002/GEDI04_A_2024276162014_O32891_02_T03275_02_004_01_V002,0,0,0,0,0,0,0,2024
LARSE/GEDI/GEDI04_A_002/GEDI04_A_2024266193325_O32738_02_T01010_02_004_01_V002,32507,32507,73123,87693,32507,32507,73123,2024
LARSE/GEDI/GEDI04_A_002/GEDI04_A_2024275231900_O32880_03_T09262_02_004_01_V002,13365,13365,43438,52402,13365,13365,43438,2024
LARSE/GEDI/GEDI04_A_002/GEDI04_A_2024275000622_O32865_03_T04320_02_004_01_V002,6501,6501,24633,32463,6501,6501,24633,2024
LARSE/GEDI/GEDI04_A_002/GEDI04_A_2024272005522_O32819_03_T00418_02_004_01_V002,14073,14073,39152,55243,14073,14073,39152,2024
LARSE/GEDI/GEDI04_A_002/GEDI04_A_2024280144454_O32952_02_T07850_02_004_01_V002,0,0,0,0,0,0,0,2024
LARSE/GEDI/GEDI04_A_002/GEDI04_A_2024277231656_O32911_03_T04106_02_004_01_V002,0,0,0,0,0,0,0,2024
LARSE/GEDI/GEDI04_A_002/GEDI04_A_2024274162214_O32860_02_T03045_02_004_01_V002,19157,19157,69867,78933,19157,25666,69867,2024
LARSE/GEDI/GEDI04_A_002/GEDI04_A_2024281214221_O32972_03_T09798_02_004_01_V002,0,0,0,0,0,0,0,2024
LARSE/GEDI/GEDI04_A_002/GEDI04_A_2024279214313_O32941_03_T05605_02_004_01_V002,8711,8711,36116,49790,8711,8711,36116,2024
LARSE/GEDI/GEDI04_A_002/GEDI04_A_2024278222959_O32926_03_T00663_02_004_01_V002,0,0,21,45638,0,0,21,2024
LARSE/GEDI/GEDI04_A_002/GEDI04_A_2024277153246_O32906_02_T05677_02_004_01_V002,6044,6044,25304,36237,6044,6044,25304,2024
LARSE/GEDI/GEDI04_A_002/GEDI04_A_2024278144531_O32921_02_T03657_02_004_01_V002,1663,1663,7532,46042,1663,1663,7532,2024
LARSE/GEDI/GEDI04_A_002/GEDI04_A_2024284131016_O33013_02_T03734_02_004_01_V002,0,0,0,0,0,0,0,2024
LARSE/GEDI/GEDI04_A_002/GEDI04_A_2024283200847_O33002_03_T01336_02_004_01_V002,334,334,4445,46376,334,334,4445,2024
LARSE/GEDI/GEDI04_A_002/GEDI04_A_2024285200730_O33033_03_T10104_02_004_01_V002,0,0,0,0,0,0,0,2024
LARSE/GEDI/GEDI04_A_002/GEDI04_A_2024282131101_O32982_02_T02387_02_004_01_V002,8036,8036,24205,39846,8036,8036,24205,2024
LARSE/GEDI/GEDI04_A_002/GEDI04_A_2024282205519_O32987_03_T06355_02_004_01_V002,14096,14096,54978,59790,14096,14096,54978,2024
LARSE/GEDI/GEDI04_A_002/GEDI04_A_2024281135800_O32967_02_T09946_02_004_01_V002,8058,8058,37979,38759,8058,8058,37979,2024
LARSE/GEDI/GEDI04_A_002/GEDI04_A_2024288113429_O33074_02_T11308_02_004_01_V002,0,0,0,0,0,0,0,2024
LARSE/GEDI/GEDI04_A_002/GEDI04_A_2024285122312_O33028_02_T05983_02_004_01_V002,6710,6710,47465,49854,6710,6710,47465,2024
LARSE/GEDI/GEDI04_A_002/GEDI04_A_2024289183135_O33094_03_T06141_02_004_01_V002,0,0,0,0,0,0,0,2024
LARSE/GEDI/GEDI04_A_002/GEDI04_A_2024287183309_O33063_03_T08757_02_004_01_V002,0,0,0,39026,0,0,0,2024
LARSE/GEDI/GEDI04_A_002/GEDI04_A_2024289104720_O33089_02_T02173_02_004_01_V002,3158,3158,52766,58044,3158,3158,52766,2024
LARSE/GEDI/GEDI04_A_002/GEDI04_A_2024286113606_O33043_02_T05386_02_004_01_V002,1524,1524,2987,14197,1524,1524,2987,2024
LARSE/GEDI/GEDI04_A_002/GEDI04_A_2024290100003_O33104_02_T10114_02_004_01_V002,0,0,0,0,0,0,0,2024
LARSE/GEDI/GEDI04_A_002/GEDI04_A_2024293165458_O33155_03_T03754_02_004_01_V002,0,0,0,0,0,0,0,2024
LARSE/GEDI/GEDI04_A_002/GEDI04_A_2024290174416_O33109_03_T04121_02_004_01_V002,10567,10567,72896,74907,10567,10567,72896,2024
LARSE/GEDI/GEDI04_A_002/GEDI04_A_2024294082320_O33165_02_T04881_02_004_01_V002,0,0,0,0,0,0,0,2024
LARSE/GEDI/GEDI04_A_002/GEDI04_A_2024286192022_O33048_03_T02392_02_004_01_V002,12874,12874,60321,61370,12874,12874,60321,2024
LARSE/GEDI/GEDI04_A_002/GEDI04_A_2024291165657_O33124_03_T00678_02_004_01_V002,3367,3367,22633,23519,3367,3367,22633,2024
LARSE/GEDI/GEDI04_A_002/GEDI04_A_2024296082109_O33196_02_T07957_02_004_01_V002,0,0,0,0,0,0,0,2024
LARSE/GEDI/GEDI04_A_002/GEDI04_A_2024292095813_O33135_02_T10344_02_004_01_V002,0,0,0,0,0,0,0,2024
LARSE/GEDI/GEDI04_A_002/GEDI04_A_2024295152001_O33185_03_T11251_02_004_01_V002,0,0,0,0,0,0,0,2024
LARSE/GEDI/GEDI04_A_002/GEDI04_A_2024299134223_O33246_03_T07594_02_004_01_V002,0,0,0,0,0,0,0,2024
LARSE/GEDI/GEDI04_A_002/GEDI04_A_2024300142727_O33262_03_T01306_02_004_01_V002,0,0,0,0,0,0,0,2024
LARSE/GEDI/GEDI04_A_002/GEDI04_A_2024293091047_O33150_02_T11170_02_004_01_V002,3020,3020,72738,73325,3020,3020,72738,2024
LARSE/GEDI/GEDI04_A_002/GEDI04_A_2024297151744_O33216_03_T00097_02_004_01_V002,0,0,0,0,0,0,0,2024
LARSE/GEDI/GEDI04_A_002/GEDI04_A_2024300064322_O33257_02_T00031_02_004_01_V002,15,15,1874,1875,15,15,1874,2024
LARSE/GEDI/GEDI04_A_002/GEDI04_A_2024294160731_O33170_03_T08849_02_004_01_V002,2473,2473,77785,80081,2473,9998,77785,2024
LARSE/GEDI/GEDI04_A_002/GEDI04_A_2024303055230_O33303_02_T04086_02_004_01_V002,0,0,0,0,0,0,0,2024
LARSE/GEDI/GEDI04_A_002/GEDI04_A_2024304124825_O33323_03_T03647_02_004_01_V002,0,0,0,0,0,0,0,2024
LARSE/GEDI/GEDI04_A_002/GEDI04_A_2024303120342_O33307_03_T08359_02_004_01_V002,0,0,0,0,0,0,0,2024
LARSE/GEDI/GEDI04_A_002/GEDI04_A_2024307041243_O33364_02_T06580_02_004_01_V002,0,0,0,0,0,0,0,2024
LARSE/GEDI/GEDI04_A_002/GEDI04_A_2024305041620_O33333_02_T01928_02_004_01_V002,12576,12576,70137,76423,12576,12576,70137,2024
LARSE/GEDI/GEDI04_A_002/GEDI04_A_2024304050427_O33318_02_T03642_02_004_01_V002,81,81,17927,22080,81,81,17927,2024
LARSE/GEDI/GEDI04_A_002/GEDI04_A_2024311023158_O33425_02_T09074_02_004_01_V002,0,0,0,0,0,0,0,2024
LARSE/GEDI/GEDI04_A_002/GEDI04_A_2024305120017_O33338_03_T01780_02_004_01_V002,2360,2360,31418,38844,2360,2360,31418,2024
LARSE/GEDI/GEDI04_A_002/GEDI04_A_2024297073336_O33211_02_T03091_02_004_01_V002,8323,8323,80553,81499,8323,8323,80553,2024
LARSE/GEDI/GEDI04_A_002/GEDI04_A_2024306111205_O33353_03_T07028_02_004_01_V002,1023,1023,27992,50296,1023,1023,27992,2024
LARSE/GEDI/GEDI04_A_002/GEDI04_A_2024302125146_O33292_03_T01688_02_004_01_V002,855,855,10603,55590,855,855,10603,2024
LARSE/GEDI/GEDI04_A_002/GEDI04_A_2024309023604_O33394_02_T04269_02_004_01_V002,0,0,0,0,0,0,0,2024
LARSE/GEDI/GEDI04_A_002/GEDI04_A_2024313005452_O33455_02_T03917_02_004_01_V002,0,0,0,0,0,0,0,2024
LARSE/GEDI/GEDI04_A_002/GEDI04_A_2024309101957_O33399_03_T01275_02_004_01_V002,125,125,1802,74951,125,125,1802,2024
LARSE/GEDI/GEDI04_A_002/GEDI04_A_2024314013903_O33471_02_T02204_02_004_01_V002,0,0,0,0,0,0,0,2024
LARSE/GEDI/GEDI04_A_002/GEDI04_A_2024314075006_O33475_03_T06171_02_004_01_V002,0,0,0,0,0,0,0,2024
LARSE/GEDI/GEDI04_A_002/GEDI04_A_2024312092718_O33445_03_T05789_02_004_01_V002,0,0,0,0,0,0,0,2024
LARSE/GEDI/GEDI04_A_002/GEDI04_A_2024315083419_O33491_03_T08574_02_004_01_V002,0,0,0,0,0,0,0,2024
LARSE/GEDI/GEDI04_A_002/GEDI04_A_2024315005030_O33486_02_T07452_02_004_01_V002,0,0,62,9166,0,0,62,2024
LARSE/GEDI/GEDI04_A_002/GEDI04_A_2024312014329_O33440_02_T10206_02_004_01_V002,0,0,266,79826,0,0,266,2024
LARSE/GEDI/GEDI04_A_002/GEDI04_A_2024316074542_O33506_03_T01321_02_004_01_V002,0,0,580,27512,0,0,580,2024
LARSE/GEDI/GEDI04_A_002/GEDI04_A_2024317065714_O33521_03_T10838_02_004_01_V002,1850,1850,43689,52522,1850,1850,43689,2024
LARSE/GEDI/GEDI04_A_002/GEDI04_A_2024317235734_O33532_02_T10543_02_004_01_V002,0,0,0,0,0,0,0,2024
LARSE/GEDI/GEDI04_A_002/GEDI04_A_2024319065334_O33552_03_T02836_02_004_01_V002,0,0,0,0,0,0,0,2024
LARSE/GEDI/GEDI04_A_002/GEDI04_A_2024318230918_O33547_02_T10099_02_004_01_V002,0,0,4375,40631,0,6,4375,2024
LARSE/GEDI/GEDI04_A_002/GEDI04_A_2024316000154_O33501_02_T05585_02_004_01_V002,0,0,219,84222,0,0,219,2024
LARSE/GEDI/GEDI04_A_002/GEDI04_A_2024321222030_O33593_02_T09579_02_004_01_V002,0,0,0,0,0,0,0,2024
LARSE/GEDI/GEDI04_A_002/GEDI04_A_2024323051725_O33613_03_T00296_02_004_01_V002,0,0,0,0,0,0,0,2024
LARSE/GEDI/GEDI04_A_002/GEDI04_A_2024329190814_O33715_02_T10650_02_004_01_V002,0,0,0,0,0,0,0,2024
LARSE/GEDI/GEDI04_A_002/GEDI04_A_2024320060624_O33567_03_T03509_02_004_01_V002,0,0,44787,60279,0,6450,44787,2024
LARSE/GEDI/GEDI04_A_002/GEDI04_A_2024331020508_O33735_03_T09599_02_004_01_V002,0,0,0,0,0,0,0,2024
LARSE/GEDI/GEDI04_A_002/GEDI04_A_2024319222205_O33562_02_T05233_02_004_01_V002,0,0,612,39009,0,3,612,2024
LARSE/GEDI/GEDI04_A_002/GEDI04_A_2024331173337_O33745_02_T02188_02_004_01_V002,0,0,0,0,0,0,0,2024
LARSE/GEDI/GEDI04_A_002/GEDI04_A_2024321051910_O33582_03_T08604_02_004_01_V002,0,0,38063,45349,0,2129,38063,2024
LARSE/GEDI/GEDI04_A_002/GEDI04_A_2024322213311_O33608_02_T02020_02_004_01_V002,38,38,28225,53185,38,38,28225,2024
LARSE/GEDI/GEDI04_A_002/GEDI04_A_2024337233905_O33842_03_T02729_02_004_01_V002,0,0,0,0,0,0,0,2024
LARSE/GEDI/GEDI04_A_002/GEDI04_A_2024340211624_O33887_03_T09476_02_004_01_V002,0,0,0,0,0,0,0,2024
LARSE/GEDI/GEDI04_A_002/GEDI04_A_2024330182053_O33730_02_T11323_02_004_01_V002,0,0,58348,75735,0,1839,58348,2024
LARSE/GEDI/GEDI04_A_002/GEDI04_A_2024341220136_O33903_03_T07610_02_004_01_V002,0,0,0,0,0,0,0,2024
LARSE/GEDI/GEDI04_A_002/GEDI04_A_2024349184501_O34025_03_T03295_02_004_01_V002,0,0,0,0,0,0,0,2024
LARSE/GEDI/GEDI04_A_002/GEDI04_A_2024332011751_O33750_03_T03310_02_004_01_V002,3558,3558,70490,77526,3558,3558,70490,2024
LARSE/GEDI/GEDI04_A_002/GEDI04_A_2024337155455_O33837_02_T07146_02_004_01_V002,0,0,1373,1381,0,0,1373,2024
LARSE/GEDI/GEDI04_A_002/GEDI04_A_2024346193547_O33979_03_T09201_02_004_01_V002,8293,8293,55974,56470,8293,8293,55974,2024
LARSE/GEDI/GEDI04_A_002/GEDI04_A_2024359074038_O34173_02_T05662_02_004_01_V002,0,0,0,0,0,0,0,2024
LARSE/GEDI/GEDI04_A_002/GEDI04_A_2024364051522_O34249_02_T06947_02_004_01_V002,0,0,0,32134,0,0,0,2024
LARSE/GEDI/GEDI04_A_002/GEDI04_A_2024361134941_O34208_03_T10012_02_004_01_V002,0,0,502,30388,0,0,502,2024
LARSE/GEDI/GEDI04_A_002/GEDI04_A_2024354161758_O34101_03_T02346_02_004_01_V002,2008,2008,56343,70400,2008,2008,56343,2024
LARSE/GEDI/GEDI04_A_002/GEDI04_A_2024313083840_O33460_03_T02499_02_004_01_V002,13,13,14371,67125,13,13,14371,2024
