scope,domain,year,image_count,frozen_sample_n,sampled_n,valid_hh_n,valid_hv_n,qa_land_n,valid_palsar_n,missing_fraction,block_id_hash,qa_class,qa_count
year,source,2019,1.0,22570.0,20621.0,20621.0,20621.0,20463.0,20463.0,0.09335400974745234,,,
block,source,2019,,31.0,,,,,30.0,0.032258064516129004,c06ae9b14bf6e10c3cb2b50d93d4f4b8293e4f5eb5e169cb6f3a7a49b99db044,,
block,source,2019,,200.0,,,,,198.0,0.010000000000000009,ac600fcb95b98696dd4f1a1306c267bb5ce1341fde8b4eb4d38657fc795cd788,,
block,source,2019,,200.0,,,,,199.0,0.0050000000000000044,3c92c986107dfbde3ff9614cf537577ed94fa15d40cdd942e0089752468f4b3e,,
block,source,2019,,200.0,,,,,199.0,0.0050000000000000044,807e3fc6eff363d23edda4459c3b8a9eddbfcbeeabb6cc43649156cb91808703,,
block,source,2019,,200.0,,,,,197.0,0.015000000000000013,cfe52bfd828cd37698d3d46a834647d1259e827a120d63cf67edd20c151abbb0,,
block,source,2019,,200.0,,,,,192.0,0.040000000000000036,2a2a8faf97e9138790519394232d36927a1f9803f6d24a3b25ea38a11827ad83,,
block,source,2019,,200.0,,,,,194.0,0.030000000000000027,0f95ab57159274787a5de8d6570bdcfaaa30a28311621e5244d6bc8e54a51c34,,
block,source,2019,,200.0,,,,,200.0,0.0,a3fc42b5e41802f12519c3f4d0549f9b47fd5988ea928f4f41b69f67ebb51bcc,,
block,source,2019,,200.0,,,,,200.0,0.0,3daa04a37ee20c48b9f4a061425f09801800310d0bdbe1562c5e56d0efdb0873,,
block,source,2019,,200.0,,,,,200.0,0.0,0c7f782a6883b0e7dd96602c5d5ee5bad1082c995be1fd083fa7a9b948d0cf21,,
block,source,2019,,200.0,,,,,198.0,0.010000000000000009,bf1ea9217fc36c2e1e31d80c2d663c4dc98aab6a06e743243954f53594506929,,
block,source,2019,,200.0,,,,,199.0,0.0050000000000000044,9eea5483b5532a19ee2db0dced71e09a8ebf8d1084f9181974b40b96ae9dc3c5,,
block,source,2019,,200.0,,,,,198.0,0.010000000000000009,0aeba9ade7a591f40ca83ca17fe0c529ce88df383be1079ade1b79077f4fbeda,,
block,source,2019,,200.0,,,,,199.0,0.0050000000000000044,4509883a3b35bbfaedd522a56822c57172694539d7a0118ea489857cbeb939ba,,
block,source,2019,,200.0,,,,,197.0,0.015000000000000013,a68d8afc7b52ba0af7b0ef55c75e96029bfae80e3def182ba7d0f8abf0106349,,
block,source,2019,,200.0,,,,,198.0,0.010000000000000009,cc12075ac47d5dd2f788358561b5f6190500e6313217950c077baff616fe651b,,
block,source,2019,,200.0,,,,,196.0,0.020000000000000018,d481293cc2774e8084d647a76f7792aff7093032bf98585c8c7f04f9be89a075,,
block,source,2019,,200.0,,,,,200.0,0.0,70259620e5540f6f7260d41729c2dbef77e053f5146bff7bb6aacfe163e3c96a,,
block,source,2019,,200.0,,,,,200.0,0.0,67473297e43702a3c8a2e58252f27d20dff65b62f10b40eb4d48c18f121db71d,,
block,source,2019,,200.0,,,,,198.0,0.010000000000000009,ad6026125f5ff4343c6bb21b5415cf070d8fc4370e93172f1152388adb641849,,
block,source,2019,,200.0,,,,,200.0,0.0,5e8be6b2d7e2d419db94054e7478e1a86b013663e897eb65fb1aa49ba050308e,,
block,source,2019,,200.0,,,,,200.0,0.0,6ea1c3dd7f05300fd40057addf8063e622e95708218d76fa3a5980a655630974,,
block,source,2019,,200.0,,,,,199.0,0.0050000000000000044,3c384ba67e04bb163c9b10f315848b5c98ec9b4fe2aebc2e0711d25e1c996858,,
block,source,2019,,200.0,,,,,199.0,0.0050000000000000044,f218a0fa9046c2bfbf6b12ac20b9d015dbefc55c5f63690a0f9638d70235fb37,,
block,source,2019,,200.0,,,,,197.0,0.015000000000000013,391ad2076ffc410c60265e47b50cebcbc92ff81c20a87d91f471ce6e7e80401c,,
block,source,2019,,200.0,,,,,191.0,0.04500000000000004,37368385abf1ea597e50ac93cb4d043e75cfca8ce8856fb2294470a13d263ce7,,
block,source,2019,,200.0,,,,,183.0,0.08499999999999996,70b11646f80e1d52fa6b04ed4f5e6f64484fd1d9d574ccd6f031fdcde050abbd,,
block,source,2019,,200.0,,,,,199.0,0.0050000000000000044,c8335c17b49145bc065a0eb495fd3f001d81e8fa03f8d90642bcf6184b2689c4,,
block,source,2019,,200.0,,,,,200.0,0.0,83b1e6c3986f8020650b26320f0f270429862d3cbec2505a49ef515f64a21c64,,
block,source,2019,,200.0,,,,,200.0,0.0,80ede8118165a0a4ed1554c0166af861299281de7e4696ab147ac975b8a3756b,,
block,source,2019,,200.0,,,,,199.0,0.0050000000000000044,5dd2f68e7c2951caaf398f2a11951735ab4ddb44205cd461614de292f63c3ced,,
block,source,2019,,200.0,,,,,200.0,0.0,56c280629a6008f49623318a459575847f062775d0e79e4733cb959feafb4168,,
block,source,2019,,200.0,,,,,199.0,0.0050000000000000044,6dd742a543c8c54e7fc6a0a5978308985a81ae3a99eaec48f222543063b1afc6,,
block,source,2019,,200.0,,,,,200.0,0.0,ef8c0dbcd3ef2b1e8add6a7d3e851800fa2ba9e242b339880c83fda82a9fb909,,
block,source,2019,,200.0,,,,,149.0,0.255,6f1e55b46fca7b9d1e1068fc672a2151ee6a90c68e9141257c87c0fc0ec36e9b,,
block,source,2019,,200.0,,,,,128.0,0.36,704a164d43bcf63de7ef91cfa2eb7e26b9c68cb56427971009860638bc98e971,,
block,source,2019,,200.0,,,,,194.0,0.030000000000000027,75b828e95c3fa653022d0881f23fecaeff799b438cb3e644658927ca194534a3,,
block,source,2019,,200.0,,,,,187.0,0.06499999999999995,61700cb3872830cdf68cdd6bb1f5e1dccb19f2275203d59c9991b9b3fa24bbab,,
block,source,2019,,200.0,,,,,200.0,0.0,e1c1a046f1698912dd5ed6de0fb86f550c1005d7edebf47e9e5e3470404a0647,,
block,source,2019,,200.0,,,,,199.0,0.0050000000000000044,7559c022454ec52f72a79e239fee4771bf3006714ea0739a6fcc41fe1b6be776,,
block,source,2019,,200.0,,,,,200.0,0.0,ad70c2978b8d5dd86ffd5edd67a0d546a1ef61431d8ea29d9fd372509636718e,,
block,source,2019,,200.0,,,,,198.0,0.010000000000000009,1e18e22bba290685ad630653042a7a2306a353c460aeb7d4954565ddeccbd017,,
block,source,2019,,200.0,,,,,170.0,0.15000000000000002,954422debf3e7363b3f429ff875c3ecfad1edbcd125e8b63e104cdbee69a925c,,
block,source,2019,,200.0,,,,,116.0,0.42000000000000004,eb5ec205e9fff7e87e3f105a8afc7f359968f0a16612c3978b18500d00e9fca1,,
block,source,2019,,200.0,,,,,88.0,0.56,c9e9717f42e9003ddba4aa04f537d63b6a17989f8e62489466b147d3bd978a12,,
block,source,2019,,200.0,,,,,124.0,0.38,245b1c921005c5eae76ba9ca107227b83821ac60f9d32079e716f21d3cb0ac37,,
block,source,2019,,200.0,,,,,169.0,0.15500000000000003,b4176e68e6c1e4d177c8772c48efc80cadbb1f4a4207920cdcfa3cd7a06ff7c6,,
block,source,2019,,200.0,,,,,197.0,0.015000000000000013,cb13c6f33a80fe9c126497e97970a16a90a96ebf3cec0a6abaa6b20826c42862,,
block,source,2019,,200.0,,,,,194.0,0.030000000000000027,66a69421d8daa47a5331adf253741c6bae90b1319fa5a7bdd3bd0a058aceb30f,,
block,source,2019,,200.0,,,,,200.0,0.0,cf1c09d8436e2f42149f5262054522fb0f44292b3444805cb45508c69fb5e1cf,,
block,source,2019,,200.0,,,,,137.0,0.31499999999999995,472b6d06ec616afd1f38b3c825891e6bbaba9a6f80e2885986b432560a74d892,,
block,source,2019,,200.0,,,,,78.0,0.61,a80b2dea746366bb80ab6e1b08089d18ce49b0ff7c1c81b4fcdb489abf0c35c1,,
block,source,2019,,200.0,,,,,69.0,0.655,3acec4a87584c5d44c329684a8e679f72ded322e1922f45a221fd9cd2215633e,,
block,source,2019,,200.0,,,,,120.0,0.4,1d3ef87a6b0e393d2d1f0f0f3f619ea28424f2e3a3004ffabf2786bfd3871ef9,,
block,source,2019,,200.0,,,,,182.0,0.08999999999999997,97aef3ef1cfbef42801395d87f32b3628b23f6d3de28087198870d4f2550055b,,
block,source,2019,,200.0,,,,,200.0,0.0,f789525d6cbaaeeec671792bdba3add039cdc36b83c2cf509ae2e3f8e7a5aae0,,
block,source,2019,,200.0,,,,,200.0,0.0,7579552c5c868db022e7fa3b5cbe047e0c71d197ed6f13a00bad2c80ca32e56b,,
block,source,2019,,200.0,,,,,198.0,0.010000000000000009,c10bb48ce438ecf3915cbfbfba26ff730b811c27511fc9b8cdb9f090abce2603,,
block,source,2019,,200.0,,,,,200.0,0.0,1523ef3f012acaaf0ca938225299249bf7e9cb76dcf662e16f24830ab88a2e02,,
block,source,2019,,200.0,,,,,200.0,0.0,12d27f0f6a556be6c625a1c8e509e7aa9b8081bd07014e419d3aca57e1acbe80,,
block,source,2019,,200.0,,,,,113.0,0.43500000000000005,409e344a63a2f0c94af7aad2fd68ed586b9454f5d739b14548f0b7d53362f924,,
block,source,2019,,200.0,,,,,131.0,0.345,d962105a3513bb67eb77b8fac3f0b9d5d3a3b3af2ceec04140f20971867791af,,
block,source,2019,,200.0,,,,,189.0,0.05500000000000005,319ddfdec41de16f3e76200807d6206ddcae0c6591206fdddb187420ff4d8b9f,,
block,source,2019,,200.0,,,,,199.0,0.0050000000000000044,1664c5f5c125def96725710cd57bb3513e0de011200952707d03fed1a353aef5,,
block,source,2019,,200.0,,,,,199.0,0.0050000000000000044,9550fc5c7c1cc80e0e50bdebf6428f8aab57a254140a90690320cd464f3d0bc0,,
block,source,2019,,200.0,,,,,200.0,0.0,0e1e837254cb586aa2b87499026a0acccc5191fec2a1d559f97cd339fd5b84d6,,
block,source,2019,,200.0,,,,,200.0,0.0,3d87fafeac73fa453c0ac4e4a336532e3a15640aaf098cae811f3f86cb6dfcc7,,
block,source,2019,,200.0,,,,,199.0,0.0050000000000000044,eed5782b807285d5aacca0c949eda386ccfb9cfefc1444b776148647a70eb79a,,
block,source,2019,,200.0,,,,,172.0,0.14,dfdc18b49e82d051a38eae95731353e89a0bf96764b69d1143858ac0ec6ee166,,
block,source,2019,,200.0,,,,,168.0,0.16000000000000003,d16983f22d4d342e94cea1643124232038e14dd1f23ec50d77ceb12c8399185e,,
block,source,2019,,200.0,,,,,199.0,0.0050000000000000044,42739dc50fade03a4357ee9157cacc614cb8de7d0c92a44721fc01e4869d31ef,,
block,source,2019,,200.0,,,,,200.0,0.0,cf6ded0b2503cf4635b9b77c3e8ebb7eb1276ed50af07277e24fd420e882ecb8,,
block,source,2019,,200.0,,,,,176.0,0.12,e57872ba6c13d1acae3550afac54dd8dae131141e74f562016344de1bf81e278,,
block,source,2019,,200.0,,,,,108.0,0.45999999999999996,205355ee339205bfaec389eab3df2fafce83f37c8b9f4328d5baabd55336e3d6,,
block,source,2019,,200.0,,,,,99.0,0.505,3f87eb6d8995d89b0cc227003772dce1fc7f8914ea4852a246474eb11da23c02,,
block,source,2019,,200.0,,,,,168.0,0.16000000000000003,16d98ae0ff6eadd77499aa677ee943808803eea842515c68e0d7f892f2fd9bfe,,
block,source,2019,,200.0,,,,,184.0,0.07999999999999996,30f311ed038d6f646771901bed4e82ad2415aaf29a380fe49509fa2eb1f0a343,,
block,source,2019,,200.0,,,,,114.0,0.43000000000000005,1bf6cf8679128a5d3a76b5b30e8715a5a158ea6aa7be4087e88f8fd32673a6da,,
block,source,2019,,200.0,,,,,101.0,0.495,8c58f207795c8b8c42a891f660f1987980d9cd8ae9841b1c35936402cf32cbe4,,
block,source,2019,,200.0,,,,,122.0,0.39,7a546463a740163590a00f22bdaeb77a1027aa2a870a0674ad716836aea305d6,,
block,source,2019,,200.0,,,,,194.0,0.030000000000000027,d1034e9a281fe4caed76a268da916db0e748b0d8314ce1108b9724917ad7a958,,
block,source,2019,,200.0,,,,,199.0,0.0050000000000000044,06d887ea2c9d387c705754940f28c674a3efe1f97bfd6362f91db039f3a6e485,,
block,source,2019,,200.0,,,,,58.0,0.71,530148f0683176a0d7c64fd0e2a18b5c8ed9f1fba3c041aca17390a25306b636,,
block,source,2019,,200.0,,,,,176.0,0.12,9d4541ce63b1d02af894e0c9cb10f0d0091e78cfcbeac1fc6cd503e87293806b,,
block,source,2019,,200.0,,,,,198.0,0.010000000000000009,4ede1eae066147c9f3e4f6662841809211e87b55943067a523e8834ef559c603,,
block,source,2019,,200.0,,,,,183.0,0.08499999999999996,235294d363fe3b0cdad9ce8d9a3efdda9d564924a211b92d611d292ff37cf56c,,
block,source,2019,,200.0,,,,,82.0,0.5900000000000001,a9e9a9634866bac9ebd2e853c1d6b87eee6a1ebee0600cc4b26ac68ca058223c,,
block,source,2019,,200.0,,,,,188.0,0.06000000000000005,9c6db86d5122b9dcf23672b6eccf62001ab7c817056f0ac04f205b9a4d282d5e,,
block,source,2019,,200.0,,,,,200.0,0.0,403dddab6590c9e16b95709e3684d05f322f8142150e71451517a63e6fd1fce9,,
block,source,2019,,200.0,,,,,198.0,0.010000000000000009,a2abea4eac8d63f57fe3acc10ff4ba17d8fea0aab64762ae6a789a8b04199e78,,
block,source,2019,,200.0,,,,,200.0,0.0,98002c397dc859c37f99a8415eae1c454d9010f95362d4aa86ce841d82602b6a,,
block,source,2019,,200.0,,,,,199.0,0.0050000000000000044,d7ec65680266c65dc4ce8ac88c4b325ae5096acbc15ab3a51f66e8833adaec9d,,
block,source,2019,,200.0,,,,,196.0,0.020000000000000018,cb9248e70373de2b539401edfcb66a52e53149ac71c997769f9845c4902ad4fb,,
block,source,2019,,200.0,,,,,195.0,0.025000000000000022,7ad5d2c204f9be32f09282ba6e7073b6c4bb672f1bff31a64a7aed5c5b270658,,
block,source,2019,,200.0,,,,,195.0,0.025000000000000022,8ad0debc063e6ae994a4c0c369670903093ee070ddaa402ff1697f8d6df4d443,,
block,source,2019,,200.0,,,,,200.0,0.0,ca7130bdac006286b50bdd06f1b9e8a6071725895871e5e8d5fe6e00e6ca0a00,,
block,source,2019,,200.0,,,,,200.0,0.0,4f6ca159dddd59bca06537a1b56b5a724df4ba23cdbe25c6732a58a1f613195a,,
block,source,2019,,200.0,,,,,200.0,0.0,d073a0b573d782717c8966a2edb26f089ac0451eb2a4a50f92692124619713f7,,
block,source,2019,,200.0,,,,,200.0,0.0,bf8d0a042254778436df4d4e1d8731a8641bb035137aa21fc8babeabec8249dd,,
block,source,2019,,200.0,,,,,200.0,0.0,1499a3f7f17d1fc3746eac724e8454e24fb218aeca4e621b456bff17dcfbc7f9,,
block,source,2019,,200.0,,,,,199.0,0.0050000000000000044,f8dad9c262037b04f646de729fd2592e897f969e760ad8388f6d597a42bfadb7,,
block,source,2019,,200.0,,,,,198.0,0.010000000000000009,1475c71729c8f2b56431e5504c91db84a47cf0acdbf272cd743c4e5ded2e7ab5,,
block,source,2019,,200.0,,,,,200.0,0.0,52b0617c74d5b9ff49bf1cfa27c173b2354a573e914d261d246b77619993ca38,,
block,source,2019,,200.0,,,,,200.0,0.0,d0bc5a0efb4474d9a53872ebdf02d30af6b801c164a6190e2c939068b90ec6c0,,
block,source,2019,,200.0,,,,,199.0,0.0050000000000000044,27d234009cc05dc109fe88427f2d95b7cd73900c156845271175bcab9d14a007,,
block,source,2019,,200.0,,,,,199.0,0.0050000000000000044,f2be37b6e3ac10580b967d29ad5dbbc6d0beaa74123273576654d16f499053c8,,
block,source,2019,,200.0,,,,,195.0,0.025000000000000022,2c3de52b96617c835050d862f7073c36d3658d3535ae7ddf82036a7339fb860d,,
block,source,2019,,200.0,,,,,199.0,0.0050000000000000044,6976ecdc807998f23171a40ea7ca0e09ca32564823322f3f5d582dadfdca302e,,
block,source,2019,,200.0,,,,,198.0,0.010000000000000009,0a979bdd38772dc3028a6cf9e38ed56cbeb46c6c85a38b7afd0047196bf342ad,,
block,source,2019,,200.0,,,,,199.0,0.0050000000000000044,b45bfc272c7e7650ac6cb05e21dcbadaa16203b75f252a64f73421004ac9d339,,
block,source,2019,,200.0,,,,,199.0,0.0050000000000000044,8448b3b1c35ba2ea040d0b29ff22c162a0991d57bf1b91d467da28b9da7c019f,,
block,source,2019,,139.0,,,,,131.0,0.05755395683453235,b6e5eed1898ed2fda7d77a719791f07d59ef42ae50ca4e0b435a31895fa45adb,,
block,source,2019,,200.0,,,,,193.0,0.03500000000000003,fecbddc32b5955cd4ee2d0837a0050d166359d6f5b1af53f5212ae499b19f620,,
block,source,2019,,200.0,,,,,197.0,0.015000000000000013,dd4044916f8a489e1a3f714f1749f7702628692bc0b864d40d34b4b71936b2b9,,
qa_class,source,2019,,,,,,,,,,255.0,20463.0
qa_class,source,2019,,,,,,,,,,100.0,109.0
qa_class,source,2019,,,,,,,,,,50.0,49.0
year,source,2020,1.0,21538.0,20374.0,20374.0,20374.0,20242.0,20242.0,0.060172717986814006,,,
block,source,2020,,58.0,,,,,57.0,0.017241379310344862,c06ae9b14bf6e10c3cb2b50d93d4f4b8293e4f5eb5e169cb6f3a7a49b99db044,,
block,source,2020,,200.0,,,,,196.0,0.020000000000000018,ac600fcb95b98696dd4f1a1306c267bb5ce1341fde8b4eb4d38657fc795cd788,,
block,source,2020,,3.0,,,,,3.0,0.0,3c92c986107dfbde3ff9614cf537577ed94fa15d40cdd942e0089752468f4b3e,,
block,source,2020,,200.0,,,,,139.0,0.30500000000000005,807e3fc6eff363d23edda4459c3b8a9eddbfcbeeabb6cc43649156cb91808703,,
block,source,2020,,200.0,,,,,129.0,0.355,cfe52bfd828cd37698d3d46a834647d1259e827a120d63cf67edd20c151abbb0,,
block,source,2020,,200.0,,,,,112.0,0.43999999999999995,2a2a8faf97e9138790519394232d36927a1f9803f6d24a3b25ea38a11827ad83,,
block,source,2020,,200.0,,,,,189.0,0.05500000000000005,0f95ab57159274787a5de8d6570bdcfaaa30a28311621e5244d6bc8e54a51c34,,
block,source,2020,,200.0,,,,,200.0,0.0,a3fc42b5e41802f12519c3f4d0549f9b47fd5988ea928f4f41b69f67ebb51bcc,,
block,source,2020,,200.0,,,,,200.0,0.0,3daa04a37ee20c48b9f4a061425f09801800310d0bdbe1562c5e56d0efdb0873,,
block,source,2020,,200.0,,,,,199.0,0.0050000000000000044,0c7f782a6883b0e7dd96602c5d5ee5bad1082c995be1fd083fa7a9b948d0cf21,,
block,source,2020,,200.0,,,,,85.0,0.575,bf1ea9217fc36c2e1e31d80c2d663c4dc98aab6a06e743243954f53594506929,,
block,source,2020,,200.0,,,,,59.0,0.7050000000000001,9eea5483b5532a19ee2db0dced71e09a8ebf8d1084f9181974b40b96ae9dc3c5,,
block,source,2020,,200.0,,,,,191.0,0.04500000000000004,0aeba9ade7a591f40ca83ca17fe0c529ce88df383be1079ade1b79077f4fbeda,,
block,source,2020,,200.0,,,,,3.0,0.985,4509883a3b35bbfaedd522a56822c57172694539d7a0118ea489857cbeb939ba,,
block,source,2020,,200.0,,,,,195.0,0.025000000000000022,a68d8afc7b52ba0af7b0ef55c75e96029bfae80e3def182ba7d0f8abf0106349,,
block,source,2020,,200.0,,,,,197.0,0.015000000000000013,cc12075ac47d5dd2f788358561b5f6190500e6313217950c077baff616fe651b,,
block,source,2020,,200.0,,,,,196.0,0.020000000000000018,d481293cc2774e8084d647a76f7792aff7093032bf98585c8c7f04f9be89a075,,
block,source,2020,,200.0,,,,,120.0,0.4,70259620e5540f6f7260d41729c2dbef77e053f5146bff7bb6aacfe163e3c96a,,
block,source,2020,,200.0,,,,,62.0,0.69,67473297e43702a3c8a2e58252f27d20dff65b62f10b40eb4d48c18f121db71d,,
block,source,2020,,200.0,,,,,107.0,0.46499999999999997,ad6026125f5ff4343c6bb21b5415cf070d8fc4370e93172f1152388adb641849,,
block,source,2020,,200.0,,,,,103.0,0.485,5e8be6b2d7e2d419db94054e7478e1a86b013663e897eb65fb1aa49ba050308e,,
block,source,2020,,200.0,,,,,198.0,0.010000000000000009,6ea1c3dd7f05300fd40057addf8063e622e95708218d76fa3a5980a655630974,,
block,source,2020,,1.0,,,,,1.0,0.0,3c384ba67e04bb163c9b10f315848b5c98ec9b4fe2aebc2e0711d25e1c996858,,
block,source,2020,,200.0,,,,,200.0,0.0,391ad2076ffc410c60265e47b50cebcbc92ff81c20a87d91f471ce6e7e80401c,,
block,source,2020,,200.0,,,,,199.0,0.0050000000000000044,37368385abf1ea597e50ac93cb4d043e75cfca8ce8856fb2294470a13d263ce7,,
block,source,2020,,200.0,,,,,199.0,0.0050000000000000044,70b11646f80e1d52fa6b04ed4f5e6f64484fd1d9d574ccd6f031fdcde050abbd,,
block,source,2020,,200.0,,,,,138.0,0.31000000000000005,c8335c17b49145bc065a0eb495fd3f001d81e8fa03f8d90642bcf6184b2689c4,,
block,source,2020,,200.0,,,,,191.0,0.04500000000000004,83b1e6c3986f8020650b26320f0f270429862d3cbec2505a49ef515f64a21c64,,
block,source,2020,,200.0,,,,,200.0,0.0,80ede8118165a0a4ed1554c0166af861299281de7e4696ab147ac975b8a3756b,,
block,source,2020,,200.0,,,,,200.0,0.0,5dd2f68e7c2951caaf398f2a11951735ab4ddb44205cd461614de292f63c3ced,,
block,source,2020,,200.0,,,,,200.0,0.0,56c280629a6008f49623318a459575847f062775d0e79e4733cb959feafb4168,,
block,source,2020,,200.0,,,,,200.0,0.0,6dd742a543c8c54e7fc6a0a5978308985a81ae3a99eaec48f222543063b1afc6,,
block,source,2020,,200.0,,,,,199.0,0.0050000000000000044,ef8c0dbcd3ef2b1e8add6a7d3e851800fa2ba9e242b339880c83fda82a9fb909,,
block,source,2020,,200.0,,,,,199.0,0.0050000000000000044,6f1e55b46fca7b9d1e1068fc672a2151ee6a90c68e9141257c87c0fc0ec36e9b,,
block,source,2020,,200.0,,,,,200.0,0.0,704a164d43bcf63de7ef91cfa2eb7e26b9c68cb56427971009860638bc98e971,,
block,source,2020,,200.0,,,,,194.0,0.030000000000000027,75b828e95c3fa653022d0881f23fecaeff799b438cb3e644658927ca194534a3,,
block,source,2020,,200.0,,,,,189.0,0.05500000000000005,61700cb3872830cdf68cdd6bb1f5e1dccb19f2275203d59c9991b9b3fa24bbab,,
block,source,2020,,200.0,,,,,200.0,0.0,e1c1a046f1698912dd5ed6de0fb86f550c1005d7edebf47e9e5e3470404a0647,,
block,source,2020,,200.0,,,,,200.0,0.0,7559c022454ec52f72a79e239fee4771bf3006714ea0739a6fcc41fe1b6be776,,
block,source,2020,,200.0,,,,,200.0,0.0,ad70c2978b8d5dd86ffd5edd67a0d546a1ef61431d8ea29d9fd372509636718e,,
block,source,2020,,200.0,,,,,200.0,0.0,1e18e22bba290685ad630653042a7a2306a353c460aeb7d4954565ddeccbd017,,
block,source,2020,,200.0,,,,,199.0,0.0050000000000000044,954422debf3e7363b3f429ff875c3ecfad1edbcd125e8b63e104cdbee69a925c,,
block,source,2020,,200.0,,,,,199.0,0.0050000000000000044,eb5ec205e9fff7e87e3f105a8afc7f359968f0a16612c3978b18500d00e9fca1,,
block,source,2020,,200.0,,,,,198.0,0.010000000000000009,c9e9717f42e9003ddba4aa04f537d63b6a17989f8e62489466b147d3bd978a12,,
block,source,2020,,200.0,,,,,198.0,0.010000000000000009,245b1c921005c5eae76ba9ca107227b83821ac60f9d32079e716f21d3cb0ac37,,
block,source,2020,,200.0,,,,,199.0,0.0050000000000000044,b4176e68e6c1e4d177c8772c48efc80cadbb1f4a4207920cdcfa3cd7a06ff7c6,,
block,source,2020,,200.0,,,,,199.0,0.0050000000000000044,cb13c6f33a80fe9c126497e97970a16a90a96ebf3cec0a6abaa6b20826c42862,,
block,source,2020,,200.0,,,,,193.0,0.03500000000000003,66a69421d8daa47a5331adf253741c6bae90b1319fa5a7bdd3bd0a058aceb30f,,
block,source,2020,,200.0,,,,,200.0,0.0,cf1c09d8436e2f42149f5262054522fb0f44292b3444805cb45508c69fb5e1cf,,
block,source,2020,,200.0,,,,,200.0,0.0,472b6d06ec616afd1f38b3c825891e6bbaba9a6f80e2885986b432560a74d892,,
block,source,2020,,200.0,,,,,200.0,0.0,a80b2dea746366bb80ab6e1b08089d18ce49b0ff7c1c81b4fcdb489abf0c35c1,,
block,source,2020,,200.0,,,,,198.0,0.010000000000000009,3acec4a87584c5d44c329684a8e679f72ded322e1922f45a221fd9cd2215633e,,
block,source,2020,,200.0,,,,,200.0,0.0,1d3ef87a6b0e393d2d1f0f0f3f619ea28424f2e3a3004ffabf2786bfd3871ef9,,
block,source,2020,,200.0,,,,,200.0,0.0,97aef3ef1cfbef42801395d87f32b3628b23f6d3de28087198870d4f2550055b,,
block,source,2020,,200.0,,,,,199.0,0.0050000000000000044,f789525d6cbaaeeec671792bdba3add039cdc36b83c2cf509ae2e3f8e7a5aae0,,
block,source,2020,,200.0,,,,,200.0,0.0,7579552c5c868db022e7fa3b5cbe047e0c71d197ed6f13a00bad2c80ca32e56b,,
block,source,2020,,200.0,,,,,199.0,0.0050000000000000044,c10bb48ce438ecf3915cbfbfba26ff730b811c27511fc9b8cdb9f090abce2603,,
block,source,2020,,200.0,,,,,200.0,0.0,1523ef3f012acaaf0ca938225299249bf7e9cb76dcf662e16f24830ab88a2e02,,
block,source,2020,,200.0,,,,,198.0,0.010000000000000009,12d27f0f6a556be6c625a1c8e509e7aa9b8081bd07014e419d3aca57e1acbe80,,
block,source,2020,,200.0,,,,,200.0,0.0,409e344a63a2f0c94af7aad2fd68ed586b9454f5d739b14548f0b7d53362f924,,
block,source,2020,,200.0,,,,,200.0,0.0,d962105a3513bb67eb77b8fac3f0b9d5d3a3b3af2ceec04140f20971867791af,,
block,source,2020,,200.0,,,,,200.0,0.0,319ddfdec41de16f3e76200807d6206ddcae0c6591206fdddb187420ff4d8b9f,,
block,source,2020,,200.0,,,,,199.0,0.0050000000000000044,1664c5f5c125def96725710cd57bb3513e0de011200952707d03fed1a353aef5,,
block,source,2020,,200.0,,,,,200.0,0.0,9550fc5c7c1cc80e0e50bdebf6428f8aab57a254140a90690320cd464f3d0bc0,,
block,source,2020,,200.0,,,,,200.0,0.0,0e1e837254cb586aa2b87499026a0acccc5191fec2a1d559f97cd339fd5b84d6,,
block,source,2020,,200.0,,,,,200.0,0.0,3d87fafeac73fa453c0ac4e4a336532e3a15640aaf098cae811f3f86cb6dfcc7,,
block,source,2020,,200.0,,,,,200.0,0.0,eed5782b807285d5aacca0c949eda386ccfb9cfefc1444b776148647a70eb79a,,
block,source,2020,,200.0,,,,,200.0,0.0,dfdc18b49e82d051a38eae95731353e89a0bf96764b69d1143858ac0ec6ee166,,
block,source,2020,,200.0,,,,,199.0,0.0050000000000000044,d16983f22d4d342e94cea1643124232038e14dd1f23ec50d77ceb12c8399185e,,
block,source,2020,,200.0,,,,,194.0,0.030000000000000027,42739dc50fade03a4357ee9157cacc614cb8de7d0c92a44721fc01e4869d31ef,,
block,source,2020,,67.0,,,,,67.0,0.0,cf6ded0b2503cf4635b9b77c3e8ebb7eb1276ed50af07277e24fd420e882ecb8,,
block,source,2020,,200.0,,,,,200.0,0.0,e57872ba6c13d1acae3550afac54dd8dae131141e74f562016344de1bf81e278,,
block,source,2020,,200.0,,,,,200.0,0.0,205355ee339205bfaec389eab3df2fafce83f37c8b9f4328d5baabd55336e3d6,,
block,source,2020,,200.0,,,,,200.0,0.0,3f87eb6d8995d89b0cc227003772dce1fc7f8914ea4852a246474eb11da23c02,,
block,source,2020,,200.0,,,,,200.0,0.0,16d98ae0ff6eadd77499aa677ee943808803eea842515c68e0d7f892f2fd9bfe,,
block,source,2020,,200.0,,,,,200.0,0.0,30f311ed038d6f646771901bed4e82ad2415aaf29a380fe49509fa2eb1f0a343,,
block,source,2020,,200.0,,,,,197.0,0.015000000000000013,1bf6cf8679128a5d3a76b5b30e8715a5a158ea6aa7be4087e88f8fd32673a6da,,
block,source,2020,,200.0,,,,,199.0,0.0050000000000000044,8c58f207795c8b8c42a891f660f1987980d9cd8ae9841b1c35936402cf32cbe4,,
block,source,2020,,200.0,,,,,198.0,0.010000000000000009,7a546463a740163590a00f22bdaeb77a1027aa2a870a0674ad716836aea305d6,,
block,source,2020,,200.0,,,,,198.0,0.010000000000000009,d1034e9a281fe4caed76a268da916db0e748b0d8314ce1108b9724917ad7a958,,
block,source,2020,,200.0,,,,,200.0,0.0,06d887ea2c9d387c705754940f28c674a3efe1f97bfd6362f91db039f3a6e485,,
block,source,2020,,39.0,,,,,39.0,0.0,530148f0683176a0d7c64fd0e2a18b5c8ed9f1fba3c041aca17390a25306b636,,
block,source,2020,,200.0,,,,,197.0,0.015000000000000013,9d4541ce63b1d02af894e0c9cb10f0d0091e78cfcbeac1fc6cd503e87293806b,,
block,source,2020,,200.0,,,,,199.0,0.0050000000000000044,4ede1eae066147c9f3e4f6662841809211e87b55943067a523e8834ef559c603,,
block,source,2020,,200.0,,,,,200.0,0.0,235294d363fe3b0cdad9ce8d9a3efdda9d564924a211b92d611d292ff37cf56c,,
block,source,2020,,200.0,,,,,199.0,0.0050000000000000044,a9e9a9634866bac9ebd2e853c1d6b87eee6a1ebee0600cc4b26ac68ca058223c,,
block,source,2020,,200.0,,,,,198.0,0.010000000000000009,9c6db86d5122b9dcf23672b6eccf62001ab7c817056f0ac04f205b9a4d282d5e,,
block,source,2020,,200.0,,,,,200.0,0.0,403dddab6590c9e16b95709e3684d05f322f8142150e71451517a63e6fd1fce9,,
block,source,2020,,200.0,,,,,200.0,0.0,a2abea4eac8d63f57fe3acc10ff4ba17d8fea0aab64762ae6a789a8b04199e78,,
block,source,2020,,200.0,,,,,199.0,0.0050000000000000044,98002c397dc859c37f99a8415eae1c454d9010f95362d4aa86ce841d82602b6a,,
block,source,2020,,200.0,,,,,200.0,0.0,d7ec65680266c65dc4ce8ac88c4b325ae5096acbc15ab3a51f66e8833adaec9d,,
block,source,2020,,170.0,,,,,168.0,0.0117647058823529,cb9248e70373de2b539401edfcb66a52e53149ac71c997769f9845c4902ad4fb,,
block,source,2020,,200.0,,,,,194.0,0.030000000000000027,7ad5d2c204f9be32f09282ba6e7073b6c4bb672f1bff31a64a7aed5c5b270658,,
block,source,2020,,200.0,,,,,197.0,0.015000000000000013,8ad0debc063e6ae994a4c0c369670903093ee070ddaa402ff1697f8d6df4d443,,
block,source,2020,,200.0,,,,,199.0,0.0050000000000000044,ca7130bdac006286b50bdd06f1b9e8a6071725895871e5e8d5fe6e00e6ca0a00,,
block,source,2020,,200.0,,,,,200.0,0.0,4f6ca159dddd59bca06537a1b56b5a724df4ba23cdbe25c6732a58a1f613195a,,
block,source,2020,,200.0,,,,,199.0,0.0050000000000000044,d073a0b573d782717c8966a2edb26f089ac0451eb2a4a50f92692124619713f7,,
block,source,2020,,200.0,,,,,200.0,0.0,bf8d0a042254778436df4d4e1d8731a8641bb035137aa21fc8babeabec8249dd,,
block,source,2020,,200.0,,,,,199.0,0.0050000000000000044,1499a3f7f17d1fc3746eac724e8454e24fb218aeca4e621b456bff17dcfbc7f9,,
block,source,2020,,200.0,,,,,199.0,0.0050000000000000044,f8dad9c262037b04f646de729fd2592e897f969e760ad8388f6d597a42bfadb7,,
block,source,2020,,200.0,,,,,199.0,0.0050000000000000044,1475c71729c8f2b56431e5504c91db84a47cf0acdbf272cd743c4e5ded2e7ab5,,
block,source,2020,,200.0,,,,,200.0,0.0,52b0617c74d5b9ff49bf1cfa27c173b2354a573e914d261d246b77619993ca38,,
block,source,2020,,200.0,,,,,199.0,0.0050000000000000044,d0bc5a0efb4474d9a53872ebdf02d30af6b801c164a6190e2c939068b90ec6c0,,
block,source,2020,,200.0,,,,,200.0,0.0,27d234009cc05dc109fe88427f2d95b7cd73900c156845271175bcab9d14a007,,
block,source,2020,,200.0,,,,,200.0,0.0,f2be37b6e3ac10580b967d29ad5dbbc6d0beaa74123273576654d16f499053c8,,
block,source,2020,,200.0,,,,,198.0,0.010000000000000009,2c3de52b96617c835050d862f7073c36d3658d3535ae7ddf82036a7339fb860d,,
block,source,2020,,200.0,,,,,197.0,0.015000000000000013,6976ecdc807998f23171a40ea7ca0e09ca32564823322f3f5d582dadfdca302e,,
block,source,2020,,200.0,,,,,200.0,0.0,0a979bdd38772dc3028a6cf9e38ed56cbeb46c6c85a38b7afd0047196bf342ad,,
block,source,2020,,200.0,,,,,199.0,0.0050000000000000044,b45bfc272c7e7650ac6cb05e21dcbadaa16203b75f252a64f73421004ac9d339,,
block,source,2020,,200.0,,,,,199.0,0.0050000000000000044,8448b3b1c35ba2ea040d0b29ff22c162a0991d57bf1b91d467da28b9da7c019f,,
block,source,2020,,200.0,,,,,186.0,0.06999999999999995,fecbddc32b5955cd4ee2d0837a0050d166359d6f5b1af53f5212ae499b19f620,,
block,source,2020,,200.0,,,,,200.0,0.0,dd4044916f8a489e1a3f714f1749f7702628692bc0b864d40d34b4b71936b2b9,,
qa_class,source,2020,,,,,,,,,,255.0,20242.0
qa_class,source,2020,,,,,,,,,,100.0,95.0
qa_class,source,2020,,,,,,,,,,50.0,36.0
qa_class,source,2020,,,,,,,,,,150.0,1.0
year,source,2021,1.0,22610.0,21782.0,21782.0,21782.0,21558.0,21558.0,0.04652808491817784,,,
block,source,2021,,10.0,,,,,10.0,0.0,c06ae9b14bf6e10c3cb2b50d93d4f4b8293e4f5eb5e169cb6f3a7a49b99db044,,
block,source,2021,,200.0,,,,,198.0,0.010000000000000009,ac600fcb95b98696dd4f1a1306c267bb5ce1341fde8b4eb4d38657fc795cd788,,
block,source,2021,,200.0,,,,,199.0,0.0050000000000000044,3c92c986107dfbde3ff9614cf537577ed94fa15d40cdd942e0089752468f4b3e,,
block,source,2021,,200.0,,,,,197.0,0.015000000000000013,807e3fc6eff363d23edda4459c3b8a9eddbfcbeeabb6cc43649156cb91808703,,
block,source,2021,,200.0,,,,,198.0,0.010000000000000009,cfe52bfd828cd37698d3d46a834647d1259e827a120d63cf67edd20c151abbb0,,
block,source,2021,,200.0,,,,,195.0,0.025000000000000022,2a2a8faf97e9138790519394232d36927a1f9803f6d24a3b25ea38a11827ad83,,
block,source,2021,,200.0,,,,,198.0,0.010000000000000009,0f95ab57159274787a5de8d6570bdcfaaa30a28311621e5244d6bc8e54a51c34,,
block,source,2021,,200.0,,,,,199.0,0.0050000000000000044,a3fc42b5e41802f12519c3f4d0549f9b47fd5988ea928f4f41b69f67ebb51bcc,,
block,source,2021,,200.0,,,,,198.0,0.010000000000000009,3daa04a37ee20c48b9f4a061425f09801800310d0bdbe1562c5e56d0efdb0873,,
block,source,2021,,200.0,,,,,198.0,0.010000000000000009,0c7f782a6883b0e7dd96602c5d5ee5bad1082c995be1fd083fa7a9b948d0cf21,,
block,source,2021,,200.0,,,,,198.0,0.010000000000000009,bf1ea9217fc36c2e1e31d80c2d663c4dc98aab6a06e743243954f53594506929,,
block,source,2021,,200.0,,,,,197.0,0.015000000000000013,9eea5483b5532a19ee2db0dced71e09a8ebf8d1084f9181974b40b96ae9dc3c5,,
block,source,2021,,200.0,,,,,200.0,0.0,0aeba9ade7a591f40ca83ca17fe0c529ce88df383be1079ade1b79077f4fbeda,,
block,source,2021,,200.0,,,,,200.0,0.0,4509883a3b35bbfaedd522a56822c57172694539d7a0118ea489857cbeb939ba,,
block,source,2021,,200.0,,,,,198.0,0.010000000000000009,a68d8afc7b52ba0af7b0ef55c75e96029bfae80e3def182ba7d0f8abf0106349,,
block,source,2021,,200.0,,,,,199.0,0.0050000000000000044,cc12075ac47d5dd2f788358561b5f6190500e6313217950c077baff616fe651b,,
block,source,2021,,200.0,,,,,196.0,0.020000000000000018,d481293cc2774e8084d647a76f7792aff7093032bf98585c8c7f04f9be89a075,,
block,source,2021,,200.0,,,,,199.0,0.0050000000000000044,70259620e5540f6f7260d41729c2dbef77e053f5146bff7bb6aacfe163e3c96a,,
block,source,2021,,200.0,,,,,199.0,0.0050000000000000044,67473297e43702a3c8a2e58252f27d20dff65b62f10b40eb4d48c18f121db71d,,
block,source,2021,,200.0,,,,,198.0,0.010000000000000009,ad6026125f5ff4343c6bb21b5415cf070d8fc4370e93172f1152388adb641849,,
block,source,2021,,200.0,,,,,200.0,0.0,5e8be6b2d7e2d419db94054e7478e1a86b013663e897eb65fb1aa49ba050308e,,
block,source,2021,,200.0,,,,,200.0,0.0,6ea1c3dd7f05300fd40057addf8063e622e95708218d76fa3a5980a655630974,,
block,source,2021,,200.0,,,,,199.0,0.0050000000000000044,3c384ba67e04bb163c9b10f315848b5c98ec9b4fe2aebc2e0711d25e1c996858,,
block,source,2021,,200.0,,,,,199.0,0.0050000000000000044,f218a0fa9046c2bfbf6b12ac20b9d015dbefc55c5f63690a0f9638d70235fb37,,
block,source,2021,,200.0,,,,,199.0,0.0050000000000000044,391ad2076ffc410c60265e47b50cebcbc92ff81c20a87d91f471ce6e7e80401c,,
block,source,2021,,200.0,,,,,199.0,0.0050000000000000044,37368385abf1ea597e50ac93cb4d043e75cfca8ce8856fb2294470a13d263ce7,,
block,source,2021,,200.0,,,,,196.0,0.020000000000000018,70b11646f80e1d52fa6b04ed4f5e6f64484fd1d9d574ccd6f031fdcde050abbd,,
block,source,2021,,200.0,,,,,199.0,0.0050000000000000044,c8335c17b49145bc065a0eb495fd3f001d81e8fa03f8d90642bcf6184b2689c4,,
block,source,2021,,200.0,,,,,200.0,0.0,83b1e6c3986f8020650b26320f0f270429862d3cbec2505a49ef515f64a21c64,,
block,source,2021,,200.0,,,,,200.0,0.0,80ede8118165a0a4ed1554c0166af861299281de7e4696ab147ac975b8a3756b,,
block,source,2021,,200.0,,,,,200.0,0.0,5dd2f68e7c2951caaf398f2a11951735ab4ddb44205cd461614de292f63c3ced,,
block,source,2021,,200.0,,,,,200.0,0.0,56c280629a6008f49623318a459575847f062775d0e79e4733cb959feafb4168,,
block,source,2021,,200.0,,,,,200.0,0.0,6dd742a543c8c54e7fc6a0a5978308985a81ae3a99eaec48f222543063b1afc6,,
block,source,2021,,200.0,,,,,200.0,0.0,ef8c0dbcd3ef2b1e8add6a7d3e851800fa2ba9e242b339880c83fda82a9fb909,,
block,source,2021,,200.0,,,,,159.0,0.20499999999999996,6f1e55b46fca7b9d1e1068fc672a2151ee6a90c68e9141257c87c0fc0ec36e9b,,
block,source,2021,,200.0,,,,,153.0,0.235,704a164d43bcf63de7ef91cfa2eb7e26b9c68cb56427971009860638bc98e971,,
block,source,2021,,200.0,,,,,193.0,0.03500000000000003,75b828e95c3fa653022d0881f23fecaeff799b438cb3e644658927ca194534a3,,
block,source,2021,,200.0,,,,,171.0,0.14500000000000002,61700cb3872830cdf68cdd6bb1f5e1dccb19f2275203d59c9991b9b3fa24bbab,,
block,source,2021,,200.0,,,,,200.0,0.0,e1c1a046f1698912dd5ed6de0fb86f550c1005d7edebf47e9e5e3470404a0647,,
block,source,2021,,200.0,,,,,200.0,0.0,7559c022454ec52f72a79e239fee4771bf3006714ea0739a6fcc41fe1b6be776,,
block,source,2021,,200.0,,,,,199.0,0.0050000000000000044,ad70c2978b8d5dd86ffd5edd67a0d546a1ef61431d8ea29d9fd372509636718e,,
block,source,2021,,200.0,,,,,199.0,0.0050000000000000044,1e18e22bba290685ad630653042a7a2306a353c460aeb7d4954565ddeccbd017,,
block,source,2021,,200.0,,,,,200.0,0.0,954422debf3e7363b3f429ff875c3ecfad1edbcd125e8b63e104cdbee69a925c,,
block,source,2021,,200.0,,,,,198.0,0.010000000000000009,eb5ec205e9fff7e87e3f105a8afc7f359968f0a16612c3978b18500d00e9fca1,,
block,source,2021,,200.0,,,,,199.0,0.0050000000000000044,c9e9717f42e9003ddba4aa04f537d63b6a17989f8e62489466b147d3bd978a12,,
block,source,2021,,200.0,,,,,148.0,0.26,245b1c921005c5eae76ba9ca107227b83821ac60f9d32079e716f21d3cb0ac37,,
block,source,2021,,200.0,,,,,196.0,0.020000000000000018,b4176e68e6c1e4d177c8772c48efc80cadbb1f4a4207920cdcfa3cd7a06ff7c6,,
block,source,2021,,200.0,,,,,196.0,0.020000000000000018,cb13c6f33a80fe9c126497e97970a16a90a96ebf3cec0a6abaa6b20826c42862,,
block,source,2021,,200.0,,,,,193.0,0.03500000000000003,66a69421d8daa47a5331adf253741c6bae90b1319fa5a7bdd3bd0a058aceb30f,,
block,source,2021,,200.0,,,,,200.0,0.0,cf1c09d8436e2f42149f5262054522fb0f44292b3444805cb45508c69fb5e1cf,,
block,source,2021,,200.0,,,,,200.0,0.0,472b6d06ec616afd1f38b3c825891e6bbaba9a6f80e2885986b432560a74d892,,
block,source,2021,,200.0,,,,,200.0,0.0,a80b2dea746366bb80ab6e1b08089d18ce49b0ff7c1c81b4fcdb489abf0c35c1,,
block,source,2021,,200.0,,,,,199.0,0.0050000000000000044,3acec4a87584c5d44c329684a8e679f72ded322e1922f45a221fd9cd2215633e,,
block,source,2021,,200.0,,,,,199.0,0.0050000000000000044,1d3ef87a6b0e393d2d1f0f0f3f619ea28424f2e3a3004ffabf2786bfd3871ef9,,
block,source,2021,,200.0,,,,,198.0,0.010000000000000009,97aef3ef1cfbef42801395d87f32b3628b23f6d3de28087198870d4f2550055b,,
block,source,2021,,200.0,,,,,200.0,0.0,f789525d6cbaaeeec671792bdba3add039cdc36b83c2cf509ae2e3f8e7a5aae0,,
block,source,2021,,200.0,,,,,192.0,0.040000000000000036,7579552c5c868db022e7fa3b5cbe047e0c71d197ed6f13a00bad2c80ca32e56b,,
block,source,2021,,200.0,,,,,95.0,0.525,c10bb48ce438ecf3915cbfbfba26ff730b811c27511fc9b8cdb9f090abce2603,,
block,source,2021,,200.0,,,,,143.0,0.28500000000000003,1523ef3f012acaaf0ca938225299249bf7e9cb76dcf662e16f24830ab88a2e02,,
block,source,2021,,200.0,,,,,128.0,0.36,12d27f0f6a556be6c625a1c8e509e7aa9b8081bd07014e419d3aca57e1acbe80,,
block,source,2021,,200.0,,,,,200.0,0.0,409e344a63a2f0c94af7aad2fd68ed586b9454f5d739b14548f0b7d53362f924,,
block,source,2021,,200.0,,,,,200.0,0.0,d962105a3513bb67eb77b8fac3f0b9d5d3a3b3af2ceec04140f20971867791af,,
block,source,2021,,200.0,,,,,200.0,0.0,319ddfdec41de16f3e76200807d6206ddcae0c6591206fdddb187420ff4d8b9f,,
block,source,2021,,200.0,,,,,200.0,0.0,1664c5f5c125def96725710cd57bb3513e0de011200952707d03fed1a353aef5,,
block,source,2021,,200.0,,,,,200.0,0.0,9550fc5c7c1cc80e0e50bdebf6428f8aab57a254140a90690320cd464f3d0bc0,,
block,source,2021,,200.0,,,,,97.0,0.515,0e1e837254cb586aa2b87499026a0acccc5191fec2a1d559f97cd339fd5b84d6,,
block,source,2021,,200.0,,,,,123.0,0.385,3d87fafeac73fa453c0ac4e4a336532e3a15640aaf098cae811f3f86cb6dfcc7,,
block,source,2021,,200.0,,,,,126.0,0.37,eed5782b807285d5aacca0c949eda386ccfb9cfefc1444b776148647a70eb79a,,
block,source,2021,,200.0,,,,,193.0,0.03500000000000003,dfdc18b49e82d051a38eae95731353e89a0bf96764b69d1143858ac0ec6ee166,,
block,source,2021,,200.0,,,,,198.0,0.010000000000000009,d16983f22d4d342e94cea1643124232038e14dd1f23ec50d77ceb12c8399185e,,
block,source,2021,,200.0,,,,,194.0,0.030000000000000027,42739dc50fade03a4357ee9157cacc614cb8de7d0c92a44721fc01e4869d31ef,,
block,source,2021,,200.0,,,,,200.0,0.0,cf6ded0b2503cf4635b9b77c3e8ebb7eb1276ed50af07277e24fd420e882ecb8,,
block,source,2021,,200.0,,,,,197.0,0.015000000000000013,e57872ba6c13d1acae3550afac54dd8dae131141e74f562016344de1bf81e278,,
block,source,2021,,200.0,,,,,200.0,0.0,205355ee339205bfaec389eab3df2fafce83f37c8b9f4328d5baabd55336e3d6,,
block,source,2021,,200.0,,,,,200.0,0.0,3f87eb6d8995d89b0cc227003772dce1fc7f8914ea4852a246474eb11da23c02,,
block,source,2021,,200.0,,,,,200.0,0.0,16d98ae0ff6eadd77499aa677ee943808803eea842515c68e0d7f892f2fd9bfe,,
block,source,2021,,200.0,,,,,195.0,0.025000000000000022,30f311ed038d6f646771901bed4e82ad2415aaf29a380fe49509fa2eb1f0a343,,
block,source,2021,,200.0,,,,,199.0,0.0050000000000000044,1bf6cf8679128a5d3a76b5b30e8715a5a158ea6aa7be4087e88f8fd32673a6da,,
block,source,2021,,200.0,,,,,197.0,0.015000000000000013,8c58f207795c8b8c42a891f660f1987980d9cd8ae9841b1c35936402cf32cbe4,,
block,source,2021,,200.0,,,,,199.0,0.0050000000000000044,7a546463a740163590a00f22bdaeb77a1027aa2a870a0674ad716836aea305d6,,
block,source,2021,,200.0,,,,,198.0,0.010000000000000009,d1034e9a281fe4caed76a268da916db0e748b0d8314ce1108b9724917ad7a958,,
block,source,2021,,200.0,,,,,199.0,0.0050000000000000044,06d887ea2c9d387c705754940f28c674a3efe1f97bfd6362f91db039f3a6e485,,
block,source,2021,,200.0,,,,,187.0,0.06499999999999995,530148f0683176a0d7c64fd0e2a18b5c8ed9f1fba3c041aca17390a25306b636,,
block,source,2021,,200.0,,,,,197.0,0.015000000000000013,9d4541ce63b1d02af894e0c9cb10f0d0091e78cfcbeac1fc6cd503e87293806b,,
block,source,2021,,200.0,,,,,197.0,0.015000000000000013,4ede1eae066147c9f3e4f6662841809211e87b55943067a523e8834ef559c603,,
block,source,2021,,200.0,,,,,199.0,0.0050000000000000044,235294d363fe3b0cdad9ce8d9a3efdda9d564924a211b92d611d292ff37cf56c,,
block,source,2021,,200.0,,,,,199.0,0.0050000000000000044,a9e9a9634866bac9ebd2e853c1d6b87eee6a1ebee0600cc4b26ac68ca058223c,,
block,source,2021,,200.0,,,,,200.0,0.0,9c6db86d5122b9dcf23672b6eccf62001ab7c817056f0ac04f205b9a4d282d5e,,
block,source,2021,,200.0,,,,,200.0,0.0,403dddab6590c9e16b95709e3684d05f322f8142150e71451517a63e6fd1fce9,,
block,source,2021,,200.0,,,,,198.0,0.010000000000000009,a2abea4eac8d63f57fe3acc10ff4ba17d8fea0aab64762ae6a789a8b04199e78,,
block,source,2021,,200.0,,,,,110.0,0.44999999999999996,98002c397dc859c37f99a8415eae1c454d9010f95362d4aa86ce841d82602b6a,,
block,source,2021,,200.0,,,,,104.0,0.48,d7ec65680266c65dc4ce8ac88c4b325ae5096acbc15ab3a51f66e8833adaec9d,,
block,source,2021,,200.0,,,,,196.0,0.020000000000000018,cb9248e70373de2b539401edfcb66a52e53149ac71c997769f9845c4902ad4fb,,
block,source,2021,,200.0,,,,,193.0,0.03500000000000003,7ad5d2c204f9be32f09282ba6e7073b6c4bb672f1bff31a64a7aed5c5b270658,,
block,source,2021,,200.0,,,,,197.0,0.015000000000000013,8ad0debc063e6ae994a4c0c369670903093ee070ddaa402ff1697f8d6df4d443,,
block,source,2021,,200.0,,,,,200.0,0.0,ca7130bdac006286b50bdd06f1b9e8a6071725895871e5e8d5fe6e00e6ca0a00,,
block,source,2021,,200.0,,,,,200.0,0.0,4f6ca159dddd59bca06537a1b56b5a724df4ba23cdbe25c6732a58a1f613195a,,
block,source,2021,,200.0,,,,,200.0,0.0,d073a0b573d782717c8966a2edb26f089ac0451eb2a4a50f92692124619713f7,,
block,source,2021,,200.0,,,,,198.0,0.010000000000000009,bf8d0a042254778436df4d4e1d8731a8641bb035137aa21fc8babeabec8249dd,,
block,source,2021,,200.0,,,,,199.0,0.0050000000000000044,1499a3f7f17d1fc3746eac724e8454e24fb218aeca4e621b456bff17dcfbc7f9,,
block,source,2021,,200.0,,,,,198.0,0.010000000000000009,f8dad9c262037b04f646de729fd2592e897f969e760ad8388f6d597a42bfadb7,,
block,source,2021,,200.0,,,,,196.0,0.020000000000000018,1475c71729c8f2b56431e5504c91db84a47cf0acdbf272cd743c4e5ded2e7ab5,,
block,source,2021,,200.0,,,,,200.0,0.0,52b0617c74d5b9ff49bf1cfa27c173b2354a573e914d261d246b77619993ca38,,
block,source,2021,,200.0,,,,,200.0,0.0,d0bc5a0efb4474d9a53872ebdf02d30af6b801c164a6190e2c939068b90ec6c0,,
block,source,2021,,200.0,,,,,199.0,0.0050000000000000044,27d234009cc05dc109fe88427f2d95b7cd73900c156845271175bcab9d14a007,,
block,source,2021,,200.0,,,,,200.0,0.0,f2be37b6e3ac10580b967d29ad5dbbc6d0beaa74123273576654d16f499053c8,,
block,source,2021,,200.0,,,,,191.0,0.04500000000000004,2c3de52b96617c835050d862f7073c36d3658d3535ae7ddf82036a7339fb860d,,
block,source,2021,,200.0,,,,,194.0,0.030000000000000027,6976ecdc807998f23171a40ea7ca0e09ca32564823322f3f5d582dadfdca302e,,
block,source,2021,,200.0,,,,,200.0,0.0,0a979bdd38772dc3028a6cf9e38ed56cbeb46c6c85a38b7afd0047196bf342ad,,
block,source,2021,,200.0,,,,,200.0,0.0,b45bfc272c7e7650ac6cb05e21dcbadaa16203b75f252a64f73421004ac9d339,,
block,source,2021,,200.0,,,,,200.0,0.0,8448b3b1c35ba2ea040d0b29ff22c162a0991d57bf1b91d467da28b9da7c019f,,
block,source,2021,,200.0,,,,,191.0,0.04500000000000004,b6e5eed1898ed2fda7d77a719791f07d59ef42ae50ca4e0b435a31895fa45adb,,
block,source,2021,,200.0,,,,,184.0,0.07999999999999996,fecbddc32b5955cd4ee2d0837a0050d166359d6f5b1af53f5212ae499b19f620,,
block,source,2021,,200.0,,,,,193.0,0.03500000000000003,dd4044916f8a489e1a3f714f1749f7702628692bc0b864d40d34b4b71936b2b9,,
qa_class,source,2021,,,,,,,,,,255.0,21558.0
qa_class,source,2021,,,,,,,,,,100.0,134.0
qa_class,source,2021,,,,,,,,,,50.0,90.0
year,source,2022,1.0,22775.0,18046.0,18046.0,18046.0,17878.0,17878.0,0.21501646542261255,,,
block,source,2022,,175.0,,,,,166.0,0.05142857142857138,c06ae9b14bf6e10c3cb2b50d93d4f4b8293e4f5eb5e169cb6f3a7a49b99db044,,
block,source,2022,,200.0,,,,,192.0,0.040000000000000036,ac600fcb95b98696dd4f1a1306c267bb5ce1341fde8b4eb4d38657fc795cd788,,
block,source,2022,,200.0,,,,,0.0,1.0,3c92c986107dfbde3ff9614cf537577ed94fa15d40cdd942e0089752468f4b3e,,
block,source,2022,,200.0,,,,,0.0,1.0,807e3fc6eff363d23edda4459c3b8a9eddbfcbeeabb6cc43649156cb91808703,,
block,source,2022,,200.0,,,,,1.0,0.995,cfe52bfd828cd37698d3d46a834647d1259e827a120d63cf67edd20c151abbb0,,
block,source,2022,,200.0,,,,,128.0,0.36,2a2a8faf97e9138790519394232d36927a1f9803f6d24a3b25ea38a11827ad83,,
block,source,2022,,200.0,,,,,197.0,0.015000000000000013,0f95ab57159274787a5de8d6570bdcfaaa30a28311621e5244d6bc8e54a51c34,,
block,source,2022,,200.0,,,,,0.0,1.0,a3fc42b5e41802f12519c3f4d0549f9b47fd5988ea928f4f41b69f67ebb51bcc,,
block,source,2022,,200.0,,,,,0.0,1.0,3daa04a37ee20c48b9f4a061425f09801800310d0bdbe1562c5e56d0efdb0873,,
block,source,2022,,200.0,,,,,0.0,1.0,0c7f782a6883b0e7dd96602c5d5ee5bad1082c995be1fd083fa7a9b948d0cf21,,
block,source,2022,,200.0,,,,,0.0,1.0,bf1ea9217fc36c2e1e31d80c2d663c4dc98aab6a06e743243954f53594506929,,
block,source,2022,,200.0,,,,,0.0,1.0,9eea5483b5532a19ee2db0dced71e09a8ebf8d1084f9181974b40b96ae9dc3c5,,
block,source,2022,,200.0,,,,,63.0,0.685,0aeba9ade7a591f40ca83ca17fe0c529ce88df383be1079ade1b79077f4fbeda,,
block,source,2022,,200.0,,,,,88.0,0.56,4509883a3b35bbfaedd522a56822c57172694539d7a0118ea489857cbeb939ba,,
block,source,2022,,200.0,,,,,190.0,0.050000000000000044,a68d8afc7b52ba0af7b0ef55c75e96029bfae80e3def182ba7d0f8abf0106349,,
block,source,2022,,200.0,,,,,200.0,0.0,cc12075ac47d5dd2f788358561b5f6190500e6313217950c077baff616fe651b,,
block,source,2022,,200.0,,,,,196.0,0.020000000000000018,d481293cc2774e8084d647a76f7792aff7093032bf98585c8c7f04f9be89a075,,
block,source,2022,,200.0,,,,,0.0,1.0,70259620e5540f6f7260d41729c2dbef77e053f5146bff7bb6aacfe163e3c96a,,
block,source,2022,,200.0,,,,,7.0,0.965,67473297e43702a3c8a2e58252f27d20dff65b62f10b40eb4d48c18f121db71d,,
block,source,2022,,200.0,,,,,44.0,0.78,ad6026125f5ff4343c6bb21b5415cf070d8fc4370e93172f1152388adb641849,,
block,source,2022,,200.0,,,,,159.0,0.20499999999999996,5e8be6b2d7e2d419db94054e7478e1a86b013663e897eb65fb1aa49ba050308e,,
block,source,2022,,200.0,,,,,195.0,0.025000000000000022,6ea1c3dd7f05300fd40057addf8063e622e95708218d76fa3a5980a655630974,,
block,source,2022,,200.0,,,,,200.0,0.0,3c384ba67e04bb163c9b10f315848b5c98ec9b4fe2aebc2e0711d25e1c996858,,
block,source,2022,,200.0,,,,,198.0,0.010000000000000009,f218a0fa9046c2bfbf6b12ac20b9d015dbefc55c5f63690a0f9638d70235fb37,,
block,source,2022,,200.0,,,,,195.0,0.025000000000000022,391ad2076ffc410c60265e47b50cebcbc92ff81c20a87d91f471ce6e7e80401c,,
block,source,2022,,200.0,,,,,197.0,0.015000000000000013,37368385abf1ea597e50ac93cb4d043e75cfca8ce8856fb2294470a13d263ce7,,
block,source,2022,,200.0,,,,,197.0,0.015000000000000013,70b11646f80e1d52fa6b04ed4f5e6f64484fd1d9d574ccd6f031fdcde050abbd,,
block,source,2022,,200.0,,,,,136.0,0.31999999999999995,c8335c17b49145bc065a0eb495fd3f001d81e8fa03f8d90642bcf6184b2689c4,,
block,source,2022,,200.0,,,,,195.0,0.025000000000000022,83b1e6c3986f8020650b26320f0f270429862d3cbec2505a49ef515f64a21c64,,
block,source,2022,,200.0,,,,,200.0,0.0,80ede8118165a0a4ed1554c0166af861299281de7e4696ab147ac975b8a3756b,,
block,source,2022,,200.0,,,,,200.0,0.0,5dd2f68e7c2951caaf398f2a11951735ab4ddb44205cd461614de292f63c3ced,,
block,source,2022,,200.0,,,,,199.0,0.0050000000000000044,56c280629a6008f49623318a459575847f062775d0e79e4733cb959feafb4168,,
block,source,2022,,200.0,,,,,200.0,0.0,6dd742a543c8c54e7fc6a0a5978308985a81ae3a99eaec48f222543063b1afc6,,
block,source,2022,,200.0,,,,,200.0,0.0,ef8c0dbcd3ef2b1e8add6a7d3e851800fa2ba9e242b339880c83fda82a9fb909,,
block,source,2022,,200.0,,,,,200.0,0.0,6f1e55b46fca7b9d1e1068fc672a2151ee6a90c68e9141257c87c0fc0ec36e9b,,
block,source,2022,,200.0,,,,,197.0,0.015000000000000013,704a164d43bcf63de7ef91cfa2eb7e26b9c68cb56427971009860638bc98e971,,
block,source,2022,,200.0,,,,,192.0,0.040000000000000036,75b828e95c3fa653022d0881f23fecaeff799b438cb3e644658927ca194534a3,,
block,source,2022,,200.0,,,,,176.0,0.12,61700cb3872830cdf68cdd6bb1f5e1dccb19f2275203d59c9991b9b3fa24bbab,,
block,source,2022,,200.0,,,,,200.0,0.0,e1c1a046f1698912dd5ed6de0fb86f550c1005d7edebf47e9e5e3470404a0647,,
block,source,2022,,200.0,,,,,200.0,0.0,7559c022454ec52f72a79e239fee4771bf3006714ea0739a6fcc41fe1b6be776,,
block,source,2022,,200.0,,,,,200.0,0.0,ad70c2978b8d5dd86ffd5edd67a0d546a1ef61431d8ea29d9fd372509636718e,,
block,source,2022,,200.0,,,,,200.0,0.0,1e18e22bba290685ad630653042a7a2306a353c460aeb7d4954565ddeccbd017,,
block,source,2022,,200.0,,,,,199.0,0.0050000000000000044,954422debf3e7363b3f429ff875c3ecfad1edbcd125e8b63e104cdbee69a925c,,
block,source,2022,,200.0,,,,,200.0,0.0,eb5ec205e9fff7e87e3f105a8afc7f359968f0a16612c3978b18500d00e9fca1,,
block,source,2022,,200.0,,,,,199.0,0.0050000000000000044,c9e9717f42e9003ddba4aa04f537d63b6a17989f8e62489466b147d3bd978a12,,
block,source,2022,,200.0,,,,,199.0,0.0050000000000000044,245b1c921005c5eae76ba9ca107227b83821ac60f9d32079e716f21d3cb0ac37,,
block,source,2022,,200.0,,,,,199.0,0.0050000000000000044,b4176e68e6c1e4d177c8772c48efc80cadbb1f4a4207920cdcfa3cd7a06ff7c6,,
block,source,2022,,200.0,,,,,200.0,0.0,cb13c6f33a80fe9c126497e97970a16a90a96ebf3cec0a6abaa6b20826c42862,,
block,source,2022,,200.0,,,,,194.0,0.030000000000000027,66a69421d8daa47a5331adf253741c6bae90b1319fa5a7bdd3bd0a058aceb30f,,
block,source,2022,,200.0,,,,,198.0,0.010000000000000009,cf1c09d8436e2f42149f5262054522fb0f44292b3444805cb45508c69fb5e1cf,,
block,source,2022,,200.0,,,,,200.0,0.0,472b6d06ec616afd1f38b3c825891e6bbaba9a6f80e2885986b432560a74d892,,
block,source,2022,,200.0,,,,,199.0,0.0050000000000000044,a80b2dea746366bb80ab6e1b08089d18ce49b0ff7c1c81b4fcdb489abf0c35c1,,
block,source,2022,,200.0,,,,,199.0,0.0050000000000000044,3acec4a87584c5d44c329684a8e679f72ded322e1922f45a221fd9cd2215633e,,
block,source,2022,,200.0,,,,,200.0,0.0,1d3ef87a6b0e393d2d1f0f0f3f619ea28424f2e3a3004ffabf2786bfd3871ef9,,
block,source,2022,,200.0,,,,,199.0,0.0050000000000000044,97aef3ef1cfbef42801395d87f32b3628b23f6d3de28087198870d4f2550055b,,
block,source,2022,,200.0,,,,,198.0,0.010000000000000009,f789525d6cbaaeeec671792bdba3add039cdc36b83c2cf509ae2e3f8e7a5aae0,,
block,source,2022,,200.0,,,,,186.0,0.06999999999999995,7579552c5c868db022e7fa3b5cbe047e0c71d197ed6f13a00bad2c80ca32e56b,,
block,source,2022,,200.0,,,,,79.0,0.605,c10bb48ce438ecf3915cbfbfba26ff730b811c27511fc9b8cdb9f090abce2603,,
block,source,2022,,200.0,,,,,131.0,0.345,1523ef3f012acaaf0ca938225299249bf7e9cb76dcf662e16f24830ab88a2e02,,
block,source,2022,,200.0,,,,,200.0,0.0,12d27f0f6a556be6c625a1c8e509e7aa9b8081bd07014e419d3aca57e1acbe80,,
block,source,2022,,200.0,,,,,200.0,0.0,409e344a63a2f0c94af7aad2fd68ed586b9454f5d739b14548f0b7d53362f924,,
block,source,2022,,200.0,,,,,200.0,0.0,d962105a3513bb67eb77b8fac3f0b9d5d3a3b3af2ceec04140f20971867791af,,
block,source,2022,,200.0,,,,,200.0,0.0,319ddfdec41de16f3e76200807d6206ddcae0c6591206fdddb187420ff4d8b9f,,
block,source,2022,,200.0,,,,,200.0,0.0,1664c5f5c125def96725710cd57bb3513e0de011200952707d03fed1a353aef5,,
block,source,2022,,200.0,,,,,199.0,0.0050000000000000044,9550fc5c7c1cc80e0e50bdebf6428f8aab57a254140a90690320cd464f3d0bc0,,
block,source,2022,,200.0,,,,,128.0,0.36,0e1e837254cb586aa2b87499026a0acccc5191fec2a1d559f97cd339fd5b84d6,,
block,source,2022,,200.0,,,,,34.0,0.83,3d87fafeac73fa453c0ac4e4a336532e3a15640aaf098cae811f3f86cb6dfcc7,,
block,source,2022,,200.0,,,,,0.0,1.0,eed5782b807285d5aacca0c949eda386ccfb9cfefc1444b776148647a70eb79a,,
block,source,2022,,200.0,,,,,0.0,1.0,dfdc18b49e82d051a38eae95731353e89a0bf96764b69d1143858ac0ec6ee166,,
block,source,2022,,200.0,,,,,25.0,0.875,d16983f22d4d342e94cea1643124232038e14dd1f23ec50d77ceb12c8399185e,,
block,source,2022,,200.0,,,,,80.0,0.6,42739dc50fade03a4357ee9157cacc614cb8de7d0c92a44721fc01e4869d31ef,,
block,source,2022,,200.0,,,,,200.0,0.0,cf6ded0b2503cf4635b9b77c3e8ebb7eb1276ed50af07277e24fd420e882ecb8,,
block,source,2022,,200.0,,,,,200.0,0.0,e57872ba6c13d1acae3550afac54dd8dae131141e74f562016344de1bf81e278,,
block,source,2022,,200.0,,,,,200.0,0.0,205355ee339205bfaec389eab3df2fafce83f37c8b9f4328d5baabd55336e3d6,,
block,source,2022,,200.0,,,,,200.0,0.0,3f87eb6d8995d89b0cc227003772dce1fc7f8914ea4852a246474eb11da23c02,,
block,source,2022,,200.0,,,,,200.0,0.0,16d98ae0ff6eadd77499aa677ee943808803eea842515c68e0d7f892f2fd9bfe,,
block,source,2022,,200.0,,,,,35.0,0.825,30f311ed038d6f646771901bed4e82ad2415aaf29a380fe49509fa2eb1f0a343,,
block,source,2022,,200.0,,,,,2.0,0.99,1bf6cf8679128a5d3a76b5b30e8715a5a158ea6aa7be4087e88f8fd32673a6da,,
block,source,2022,,200.0,,,,,63.0,0.685,8c58f207795c8b8c42a891f660f1987980d9cd8ae9841b1c35936402cf32cbe4,,
block,source,2022,,200.0,,,,,132.0,0.33999999999999997,7a546463a740163590a00f22bdaeb77a1027aa2a870a0674ad716836aea305d6,,
block,source,2022,,200.0,,,,,197.0,0.015000000000000013,d1034e9a281fe4caed76a268da916db0e748b0d8314ce1108b9724917ad7a958,,
block,source,2022,,200.0,,,,,199.0,0.0050000000000000044,06d887ea2c9d387c705754940f28c674a3efe1f97bfd6362f91db039f3a6e485,,
block,source,2022,,200.0,,,,,199.0,0.0050000000000000044,530148f0683176a0d7c64fd0e2a18b5c8ed9f1fba3c041aca17390a25306b636,,
block,source,2022,,200.0,,,,,195.0,0.025000000000000022,9d4541ce63b1d02af894e0c9cb10f0d0091e78cfcbeac1fc6cd503e87293806b,,
block,source,2022,,200.0,,,,,104.0,0.48,4ede1eae066147c9f3e4f6662841809211e87b55943067a523e8834ef559c603,,
block,source,2022,,200.0,,,,,137.0,0.31499999999999995,235294d363fe3b0cdad9ce8d9a3efdda9d564924a211b92d611d292ff37cf56c,,
block,source,2022,,200.0,,,,,55.0,0.725,a9e9a9634866bac9ebd2e853c1d6b87eee6a1ebee0600cc4b26ac68ca058223c,,
block,source,2022,,200.0,,,,,191.0,0.04500000000000004,9c6db86d5122b9dcf23672b6eccf62001ab7c817056f0ac04f205b9a4d282d5e,,
block,source,2022,,200.0,,,,,199.0,0.0050000000000000044,403dddab6590c9e16b95709e3684d05f322f8142150e71451517a63e6fd1fce9,,
block,source,2022,,200.0,,,,,199.0,0.0050000000000000044,a2abea4eac8d63f57fe3acc10ff4ba17d8fea0aab64762ae6a789a8b04199e78,,
block,source,2022,,200.0,,,,,184.0,0.07999999999999996,98002c397dc859c37f99a8415eae1c454d9010f95362d4aa86ce841d82602b6a,,
block,source,2022,,200.0,,,,,118.0,0.41000000000000003,d7ec65680266c65dc4ce8ac88c4b325ae5096acbc15ab3a51f66e8833adaec9d,,
block,source,2022,,200.0,,,,,166.0,0.17000000000000004,cb9248e70373de2b539401edfcb66a52e53149ac71c997769f9845c4902ad4fb,,
block,source,2022,,200.0,,,,,196.0,0.020000000000000018,7ad5d2c204f9be32f09282ba6e7073b6c4bb672f1bff31a64a7aed5c5b270658,,
block,source,2022,,200.0,,,,,195.0,0.025000000000000022,8ad0debc063e6ae994a4c0c369670903093ee070ddaa402ff1697f8d6df4d443,,
block,source,2022,,200.0,,,,,200.0,0.0,ca7130bdac006286b50bdd06f1b9e8a6071725895871e5e8d5fe6e00e6ca0a00,,
block,source,2022,,200.0,,,,,200.0,0.0,4f6ca159dddd59bca06537a1b56b5a724df4ba23cdbe25c6732a58a1f613195a,,
block,source,2022,,200.0,,,,,200.0,0.0,d073a0b573d782717c8966a2edb26f089ac0451eb2a4a50f92692124619713f7,,
block,source,2022,,200.0,,,,,200.0,0.0,bf8d0a042254778436df4d4e1d8731a8641bb035137aa21fc8babeabec8249dd,,
block,source,2022,,200.0,,,,,198.0,0.010000000000000009,1499a3f7f17d1fc3746eac724e8454e24fb218aeca4e621b456bff17dcfbc7f9,,
block,source,2022,,200.0,,,,,199.0,0.0050000000000000044,f8dad9c262037b04f646de729fd2592e897f969e760ad8388f6d597a42bfadb7,,
block,source,2022,,200.0,,,,,198.0,0.010000000000000009,1475c71729c8f2b56431e5504c91db84a47cf0acdbf272cd743c4e5ded2e7ab5,,
block,source,2022,,200.0,,,,,200.0,0.0,52b0617c74d5b9ff49bf1cfa27c173b2354a573e914d261d246b77619993ca38,,
block,source,2022,,200.0,,,,,200.0,0.0,d0bc5a0efb4474d9a53872ebdf02d30af6b801c164a6190e2c939068b90ec6c0,,
block,source,2022,,200.0,,,,,200.0,0.0,27d234009cc05dc109fe88427f2d95b7cd73900c156845271175bcab9d14a007,,
block,source,2022,,200.0,,,,,200.0,0.0,f2be37b6e3ac10580b967d29ad5dbbc6d0beaa74123273576654d16f499053c8,,
block,source,2022,,200.0,,,,,198.0,0.010000000000000009,2c3de52b96617c835050d862f7073c36d3658d3535ae7ddf82036a7339fb860d,,
block,source,2022,,200.0,,,,,197.0,0.015000000000000013,6976ecdc807998f23171a40ea7ca0e09ca32564823322f3f5d582dadfdca302e,,
block,source,2022,,200.0,,,,,199.0,0.0050000000000000044,0a979bdd38772dc3028a6cf9e38ed56cbeb46c6c85a38b7afd0047196bf342ad,,
block,source,2022,,200.0,,,,,200.0,0.0,b45bfc272c7e7650ac6cb05e21dcbadaa16203b75f252a64f73421004ac9d339,,
block,source,2022,,200.0,,,,,200.0,0.0,8448b3b1c35ba2ea040d0b29ff22c162a0991d57bf1b91d467da28b9da7c019f,,
block,source,2022,,200.0,,,,,186.0,0.06999999999999995,b6e5eed1898ed2fda7d77a719791f07d59ef42ae50ca4e0b435a31895fa45adb,,
block,source,2022,,200.0,,,,,187.0,0.06499999999999995,fecbddc32b5955cd4ee2d0837a0050d166359d6f5b1af53f5212ae499b19f620,,
block,source,2022,,200.0,,,,,197.0,0.015000000000000013,dd4044916f8a489e1a3f714f1749f7702628692bc0b864d40d34b4b71936b2b9,,
qa_class,source,2022,,,,,,,,,,255.0,17878.0
qa_class,source,2022,,,,,,,,,,100.0,108.0
qa_class,source,2022,,,,,,,,,,50.0,60.0
year,source,2023,1.0,15800.0,11332.0,11332.0,11332.0,11282.0,11282.0,0.28594936708860763,,,
block,source,2023,,22.0,,,,,22.0,0.0,3c92c986107dfbde3ff9614cf537577ed94fa15d40cdd942e0089752468f4b3e,,
block,source,2023,,16.0,,,,,16.0,0.0,807e3fc6eff363d23edda4459c3b8a9eddbfcbeeabb6cc43649156cb91808703,,
block,source,2023,,21.0,,,,,21.0,0.0,cfe52bfd828cd37698d3d46a834647d1259e827a120d63cf67edd20c151abbb0,,
block,source,2023,,45.0,,,,,45.0,0.0,0f95ab57159274787a5de8d6570bdcfaaa30a28311621e5244d6bc8e54a51c34,,
block,source,2023,,76.0,,,,,76.0,0.0,a3fc42b5e41802f12519c3f4d0549f9b47fd5988ea928f4f41b69f67ebb51bcc,,
block,source,2023,,200.0,,,,,200.0,0.0,3daa04a37ee20c48b9f4a061425f09801800310d0bdbe1562c5e56d0efdb0873,,
block,source,2023,,22.0,,,,,22.0,0.0,0c7f782a6883b0e7dd96602c5d5ee5bad1082c995be1fd083fa7a9b948d0cf21,,
block,source,2023,,22.0,,,,,22.0,0.0,bf1ea9217fc36c2e1e31d80c2d663c4dc98aab6a06e743243954f53594506929,,
block,source,2023,,14.0,,,,,14.0,0.0,9eea5483b5532a19ee2db0dced71e09a8ebf8d1084f9181974b40b96ae9dc3c5,,
block,source,2023,,43.0,,,,,27.0,0.37209302325581395,0aeba9ade7a591f40ca83ca17fe0c529ce88df383be1079ade1b79077f4fbeda,,
block,source,2023,,125.0,,,,,46.0,0.632,4509883a3b35bbfaedd522a56822c57172694539d7a0118ea489857cbeb939ba,,
block,source,2023,,200.0,,,,,192.0,0.040000000000000036,a68d8afc7b52ba0af7b0ef55c75e96029bfae80e3def182ba7d0f8abf0106349,,
block,source,2023,,2.0,,,,,2.0,0.0,cc12075ac47d5dd2f788358561b5f6190500e6313217950c077baff616fe651b,,
block,source,2023,,200.0,,,,,175.0,0.125,70259620e5540f6f7260d41729c2dbef77e053f5146bff7bb6aacfe163e3c96a,,
block,source,2023,,200.0,,,,,151.0,0.245,67473297e43702a3c8a2e58252f27d20dff65b62f10b40eb4d48c18f121db71d,,
block,source,2023,,200.0,,,,,7.0,0.965,ad6026125f5ff4343c6bb21b5415cf070d8fc4370e93172f1152388adb641849,,
block,source,2023,,94.0,,,,,0.0,1.0,5e8be6b2d7e2d419db94054e7478e1a86b013663e897eb65fb1aa49ba050308e,,
block,source,2023,,179.0,,,,,0.0,1.0,6ea1c3dd7f05300fd40057addf8063e622e95708218d76fa3a5980a655630974,,
block,source,2023,,14.0,,,,,0.0,1.0,3c384ba67e04bb163c9b10f315848b5c98ec9b4fe2aebc2e0711d25e1c996858,,
block,source,2023,,200.0,,,,,0.0,1.0,f218a0fa9046c2bfbf6b12ac20b9d015dbefc55c5f63690a0f9638d70235fb37,,
block,source,2023,,200.0,,,,,184.0,0.07999999999999996,391ad2076ffc410c60265e47b50cebcbc92ff81c20a87d91f471ce6e7e80401c,,
block,source,2023,,200.0,,,,,0.0,1.0,c8335c17b49145bc065a0eb495fd3f001d81e8fa03f8d90642bcf6184b2689c4,,
block,source,2023,,200.0,,,,,0.0,1.0,83b1e6c3986f8020650b26320f0f270429862d3cbec2505a49ef515f64a21c64,,
block,source,2023,,200.0,,,,,0.0,1.0,80ede8118165a0a4ed1554c0166af861299281de7e4696ab147ac975b8a3756b,,
block,source,2023,,200.0,,,,,0.0,1.0,5dd2f68e7c2951caaf398f2a11951735ab4ddb44205cd461614de292f63c3ced,,
block,source,2023,,200.0,,,,,44.0,0.78,56c280629a6008f49623318a459575847f062775d0e79e4733cb959feafb4168,,
block,source,2023,,200.0,,,,,125.0,0.375,6dd742a543c8c54e7fc6a0a5978308985a81ae3a99eaec48f222543063b1afc6,,
block,source,2023,,1.0,,,,,0.0,1.0,ef8c0dbcd3ef2b1e8add6a7d3e851800fa2ba9e242b339880c83fda82a9fb909,,
block,source,2023,,6.0,,,,,6.0,0.0,6f1e55b46fca7b9d1e1068fc672a2151ee6a90c68e9141257c87c0fc0ec36e9b,,
block,source,2023,,38.0,,,,,37.0,0.02631578947368418,704a164d43bcf63de7ef91cfa2eb7e26b9c68cb56427971009860638bc98e971,,
block,source,2023,,45.0,,,,,45.0,0.0,75b828e95c3fa653022d0881f23fecaeff799b438cb3e644658927ca194534a3,,
block,source,2023,,2.0,,,,,2.0,0.0,61700cb3872830cdf68cdd6bb1f5e1dccb19f2275203d59c9991b9b3fa24bbab,,
block,source,2023,,200.0,,,,,0.0,1.0,e1c1a046f1698912dd5ed6de0fb86f550c1005d7edebf47e9e5e3470404a0647,,
block,source,2023,,200.0,,,,,0.0,1.0,7559c022454ec52f72a79e239fee4771bf3006714ea0739a6fcc41fe1b6be776,,
block,source,2023,,200.0,,,,,81.0,0.595,ad70c2978b8d5dd86ffd5edd67a0d546a1ef61431d8ea29d9fd372509636718e,,
block,source,2023,,200.0,,,,,112.0,0.43999999999999995,1e18e22bba290685ad630653042a7a2306a353c460aeb7d4954565ddeccbd017,,
block,source,2023,,200.0,,,,,198.0,0.010000000000000009,954422debf3e7363b3f429ff875c3ecfad1edbcd125e8b63e104cdbee69a925c,,
block,source,2023,,28.0,,,,,28.0,0.0,eb5ec205e9fff7e87e3f105a8afc7f359968f0a16612c3978b18500d00e9fca1,,
block,source,2023,,128.0,,,,,127.0,0.0078125,c9e9717f42e9003ddba4aa04f537d63b6a17989f8e62489466b147d3bd978a12,,
block,source,2023,,75.0,,,,,75.0,0.0,245b1c921005c5eae76ba9ca107227b83821ac60f9d32079e716f21d3cb0ac37,,
block,source,2023,,200.0,,,,,49.0,0.755,cf1c09d8436e2f42149f5262054522fb0f44292b3444805cb45508c69fb5e1cf,,
block,source,2023,,200.0,,,,,200.0,0.0,472b6d06ec616afd1f38b3c825891e6bbaba9a6f80e2885986b432560a74d892,,
block,source,2023,,200.0,,,,,198.0,0.010000000000000009,a80b2dea746366bb80ab6e1b08089d18ce49b0ff7c1c81b4fcdb489abf0c35c1,,
block,source,2023,,200.0,,,,,200.0,0.0,3acec4a87584c5d44c329684a8e679f72ded322e1922f45a221fd9cd2215633e,,
block,source,2023,,200.0,,,,,200.0,0.0,1d3ef87a6b0e393d2d1f0f0f3f619ea28424f2e3a3004ffabf2786bfd3871ef9,,
block,source,2023,,200.0,,,,,200.0,0.0,97aef3ef1cfbef42801395d87f32b3628b23f6d3de28087198870d4f2550055b,,
block,source,2023,,200.0,,,,,200.0,0.0,f789525d6cbaaeeec671792bdba3add039cdc36b83c2cf509ae2e3f8e7a5aae0,,
block,source,2023,,200.0,,,,,200.0,0.0,7579552c5c868db022e7fa3b5cbe047e0c71d197ed6f13a00bad2c80ca32e56b,,
block,source,2023,,16.0,,,,,16.0,0.0,c10bb48ce438ecf3915cbfbfba26ff730b811c27511fc9b8cdb9f090abce2603,,
block,source,2023,,200.0,,,,,200.0,0.0,409e344a63a2f0c94af7aad2fd68ed586b9454f5d739b14548f0b7d53362f924,,
block,source,2023,,200.0,,,,,200.0,0.0,d962105a3513bb67eb77b8fac3f0b9d5d3a3b3af2ceec04140f20971867791af,,
block,source,2023,,200.0,,,,,200.0,0.0,319ddfdec41de16f3e76200807d6206ddcae0c6591206fdddb187420ff4d8b9f,,
block,source,2023,,200.0,,,,,200.0,0.0,1664c5f5c125def96725710cd57bb3513e0de011200952707d03fed1a353aef5,,
block,source,2023,,200.0,,,,,200.0,0.0,9550fc5c7c1cc80e0e50bdebf6428f8aab57a254140a90690320cd464f3d0bc0,,
block,source,2023,,200.0,,,,,199.0,0.0050000000000000044,0e1e837254cb586aa2b87499026a0acccc5191fec2a1d559f97cd339fd5b84d6,,
block,source,2023,,200.0,,,,,200.0,0.0,3d87fafeac73fa453c0ac4e4a336532e3a15640aaf098cae811f3f86cb6dfcc7,,
block,source,2023,,200.0,,,,,200.0,0.0,eed5782b807285d5aacca0c949eda386ccfb9cfefc1444b776148647a70eb79a,,
block,source,2023,,200.0,,,,,199.0,0.0050000000000000044,dfdc18b49e82d051a38eae95731353e89a0bf96764b69d1143858ac0ec6ee166,,
block,source,2023,,21.0,,,,,21.0,0.0,d16983f22d4d342e94cea1643124232038e14dd1f23ec50d77ceb12c8399185e,,
block,source,2023,,9.0,,,,,9.0,0.0,42739dc50fade03a4357ee9157cacc614cb8de7d0c92a44721fc01e4869d31ef,,
block,source,2023,,200.0,,,,,200.0,0.0,cf6ded0b2503cf4635b9b77c3e8ebb7eb1276ed50af07277e24fd420e882ecb8,,
block,source,2023,,200.0,,,,,200.0,0.0,e57872ba6c13d1acae3550afac54dd8dae131141e74f562016344de1bf81e278,,
block,source,2023,,200.0,,,,,200.0,0.0,205355ee339205bfaec389eab3df2fafce83f37c8b9f4328d5baabd55336e3d6,,
block,source,2023,,200.0,,,,,199.0,0.0050000000000000044,3f87eb6d8995d89b0cc227003772dce1fc7f8914ea4852a246474eb11da23c02,,
block,source,2023,,200.0,,,,,200.0,0.0,16d98ae0ff6eadd77499aa677ee943808803eea842515c68e0d7f892f2fd9bfe,,
block,source,2023,,200.0,,,,,198.0,0.010000000000000009,30f311ed038d6f646771901bed4e82ad2415aaf29a380fe49509fa2eb1f0a343,,
block,source,2023,,200.0,,,,,200.0,0.0,1bf6cf8679128a5d3a76b5b30e8715a5a158ea6aa7be4087e88f8fd32673a6da,,
block,source,2023,,200.0,,,,,155.0,0.22499999999999998,8c58f207795c8b8c42a891f660f1987980d9cd8ae9841b1c35936402cf32cbe4,,
block,source,2023,,200.0,,,,,105.0,0.475,7a546463a740163590a00f22bdaeb77a1027aa2a870a0674ad716836aea305d6,,
block,source,2023,,200.0,,,,,200.0,0.0,d1034e9a281fe4caed76a268da916db0e748b0d8314ce1108b9724917ad7a958,,
block,source,2023,,106.0,,,,,106.0,0.0,06d887ea2c9d387c705754940f28c674a3efe1f97bfd6362f91db039f3a6e485,,
block,source,2023,,200.0,,,,,199.0,0.0050000000000000044,530148f0683176a0d7c64fd0e2a18b5c8ed9f1fba3c041aca17390a25306b636,,
block,source,2023,,200.0,,,,,198.0,0.010000000000000009,9d4541ce63b1d02af894e0c9cb10f0d0091e78cfcbeac1fc6cd503e87293806b,,
block,source,2023,,200.0,,,,,200.0,0.0,4ede1eae066147c9f3e4f6662841809211e87b55943067a523e8834ef559c603,,
block,source,2023,,200.0,,,,,160.0,0.19999999999999996,235294d363fe3b0cdad9ce8d9a3efdda9d564924a211b92d611d292ff37cf56c,,
block,source,2023,,200.0,,,,,54.0,0.73,a9e9a9634866bac9ebd2e853c1d6b87eee6a1ebee0600cc4b26ac68ca058223c,,
block,source,2023,,89.0,,,,,0.0,1.0,9c6db86d5122b9dcf23672b6eccf62001ab7c817056f0ac04f205b9a4d282d5e,,
block,source,2023,,200.0,,,,,0.0,1.0,403dddab6590c9e16b95709e3684d05f322f8142150e71451517a63e6fd1fce9,,
block,source,2023,,168.0,,,,,0.0,1.0,a2abea4eac8d63f57fe3acc10ff4ba17d8fea0aab64762ae6a789a8b04199e78,,
block,source,2023,,200.0,,,,,200.0,0.0,98002c397dc859c37f99a8415eae1c454d9010f95362d4aa86ce841d82602b6a,,
block,source,2023,,200.0,,,,,200.0,0.0,d7ec65680266c65dc4ce8ac88c4b325ae5096acbc15ab3a51f66e8833adaec9d,,
block,source,2023,,151.0,,,,,44.0,0.7086092715231789,cb9248e70373de2b539401edfcb66a52e53149ac71c997769f9845c4902ad4fb,,
block,source,2023,,200.0,,,,,0.0,1.0,7ad5d2c204f9be32f09282ba6e7073b6c4bb672f1bff31a64a7aed5c5b270658,,
block,source,2023,,200.0,,,,,0.0,1.0,8ad0debc063e6ae994a4c0c369670903093ee070ddaa402ff1697f8d6df4d443,,
block,source,2023,,200.0,,,,,0.0,1.0,ca7130bdac006286b50bdd06f1b9e8a6071725895871e5e8d5fe6e00e6ca0a00,,
block,source,2023,,200.0,,,,,13.0,0.935,4f6ca159dddd59bca06537a1b56b5a724df4ba23cdbe25c6732a58a1f613195a,,
block,source,2023,,200.0,,,,,180.0,0.09999999999999998,d073a0b573d782717c8966a2edb26f089ac0451eb2a4a50f92692124619713f7,,
block,source,2023,,200.0,,,,,200.0,0.0,bf8d0a042254778436df4d4e1d8731a8641bb035137aa21fc8babeabec8249dd,,
block,source,2023,,200.0,,,,,199.0,0.0050000000000000044,1499a3f7f17d1fc3746eac724e8454e24fb218aeca4e621b456bff17dcfbc7f9,,
block,source,2023,,200.0,,,,,77.0,0.615,f8dad9c262037b04f646de729fd2592e897f969e760ad8388f6d597a42bfadb7,,
block,source,2023,,200.0,,,,,198.0,0.010000000000000009,1475c71729c8f2b56431e5504c91db84a47cf0acdbf272cd743c4e5ded2e7ab5,,
block,source,2023,,187.0,,,,,187.0,0.0,52b0617c74d5b9ff49bf1cfa27c173b2354a573e914d261d246b77619993ca38,,
block,source,2023,,200.0,,,,,200.0,0.0,d0bc5a0efb4474d9a53872ebdf02d30af6b801c164a6190e2c939068b90ec6c0,,
block,source,2023,,200.0,,,,,200.0,0.0,27d234009cc05dc109fe88427f2d95b7cd73900c156845271175bcab9d14a007,,
block,source,2023,,200.0,,,,,199.0,0.0050000000000000044,f2be37b6e3ac10580b967d29ad5dbbc6d0beaa74123273576654d16f499053c8,,
block,source,2023,,200.0,,,,,199.0,0.0050000000000000044,2c3de52b96617c835050d862f7073c36d3658d3535ae7ddf82036a7339fb860d,,
block,source,2023,,200.0,,,,,197.0,0.015000000000000013,6976ecdc807998f23171a40ea7ca0e09ca32564823322f3f5d582dadfdca302e,,
block,source,2023,,200.0,,,,,199.0,0.0050000000000000044,0a979bdd38772dc3028a6cf9e38ed56cbeb46c6c85a38b7afd0047196bf342ad,,
block,source,2023,,38.0,,,,,38.0,0.0,b45bfc272c7e7650ac6cb05e21dcbadaa16203b75f252a64f73421004ac9d339,,
block,source,2023,,192.0,,,,,188.0,0.02083333333333337,b6e5eed1898ed2fda7d77a719791f07d59ef42ae50ca4e0b435a31895fa45adb,,
block,source,2023,,200.0,,,,,193.0,0.03500000000000003,fecbddc32b5955cd4ee2d0837a0050d166359d6f5b1af53f5212ae499b19f620,,
block,source,2023,,5.0,,,,,4.0,0.19999999999999996,dd4044916f8a489e1a3f714f1749f7702628692bc0b864d40d34b4b71936b2b9,,
qa_class,source,2023,,,,,,,,,,255.0,10441.0
qa_class,source,2023,,,,,,,,,,1.0,841.0
qa_class,source,2023,,,,,,,,,,50.0,22.0
qa_class,source,2023,,,,,,,,,,100.0,17.0
qa_class,source,2023,,,,,,,,,,2.0,11.0
year,source,2024,1.0,22329.0,21656.0,21656.0,21656.0,21543.0,21543.0,0.03520085986833266,,,
block,source,2024,,200.0,,,,,200.0,0.0,c06ae9b14bf6e10c3cb2b50d93d4f4b8293e4f5eb5e169cb6f3a7a49b99db044,,
block,source,2024,,200.0,,,,,200.0,0.0,ac600fcb95b98696dd4f1a1306c267bb5ce1341fde8b4eb4d38657fc795cd788,,
block,source,2024,,200.0,,,,,200.0,0.0,3c92c986107dfbde3ff9614cf537577ed94fa15d40cdd942e0089752468f4b3e,,
block,source,2024,,200.0,,,,,198.0,0.010000000000000009,807e3fc6eff363d23edda4459c3b8a9eddbfcbeeabb6cc43649156cb91808703,,
block,source,2024,,200.0,,,,,198.0,0.010000000000000009,cfe52bfd828cd37698d3d46a834647d1259e827a120d63cf67edd20c151abbb0,,
block,source,2024,,200.0,,,,,193.0,0.03500000000000003,2a2a8faf97e9138790519394232d36927a1f9803f6d24a3b25ea38a11827ad83,,
block,source,2024,,200.0,,,,,197.0,0.015000000000000013,0f95ab57159274787a5de8d6570bdcfaaa30a28311621e5244d6bc8e54a51c34,,
block,source,2024,,53.0,,,,,53.0,0.0,a3fc42b5e41802f12519c3f4d0549f9b47fd5988ea928f4f41b69f67ebb51bcc,,
block,source,2024,,200.0,,,,,198.0,0.010000000000000009,3daa04a37ee20c48b9f4a061425f09801800310d0bdbe1562c5e56d0efdb0873,,
block,source,2024,,200.0,,,,,199.0,0.0050000000000000044,0c7f782a6883b0e7dd96602c5d5ee5bad1082c995be1fd083fa7a9b948d0cf21,,
block,source,2024,,200.0,,,,,198.0,0.010000000000000009,bf1ea9217fc36c2e1e31d80c2d663c4dc98aab6a06e743243954f53594506929,,
block,source,2024,,200.0,,,,,200.0,0.0,9eea5483b5532a19ee2db0dced71e09a8ebf8d1084f9181974b40b96ae9dc3c5,,
block,source,2024,,200.0,,,,,200.0,0.0,0aeba9ade7a591f40ca83ca17fe0c529ce88df383be1079ade1b79077f4fbeda,,
block,source,2024,,200.0,,,,,200.0,0.0,4509883a3b35bbfaedd522a56822c57172694539d7a0118ea489857cbeb939ba,,
block,source,2024,,200.0,,,,,198.0,0.010000000000000009,a68d8afc7b52ba0af7b0ef55c75e96029bfae80e3def182ba7d0f8abf0106349,,
block,source,2024,,200.0,,,,,197.0,0.015000000000000013,cc12075ac47d5dd2f788358561b5f6190500e6313217950c077baff616fe651b,,
block,source,2024,,200.0,,,,,192.0,0.040000000000000036,d481293cc2774e8084d647a76f7792aff7093032bf98585c8c7f04f9be89a075,,
block,source,2024,,200.0,,,,,198.0,0.010000000000000009,70259620e5540f6f7260d41729c2dbef77e053f5146bff7bb6aacfe163e3c96a,,
block,source,2024,,200.0,,,,,199.0,0.0050000000000000044,67473297e43702a3c8a2e58252f27d20dff65b62f10b40eb4d48c18f121db71d,,
block,source,2024,,200.0,,,,,198.0,0.010000000000000009,ad6026125f5ff4343c6bb21b5415cf070d8fc4370e93172f1152388adb641849,,
block,source,2024,,200.0,,,,,200.0,0.0,5e8be6b2d7e2d419db94054e7478e1a86b013663e897eb65fb1aa49ba050308e,,
block,source,2024,,200.0,,,,,199.0,0.0050000000000000044,6ea1c3dd7f05300fd40057addf8063e622e95708218d76fa3a5980a655630974,,
block,source,2024,,200.0,,,,,199.0,0.0050000000000000044,3c384ba67e04bb163c9b10f315848b5c98ec9b4fe2aebc2e0711d25e1c996858,,
block,source,2024,,200.0,,,,,198.0,0.010000000000000009,f218a0fa9046c2bfbf6b12ac20b9d015dbefc55c5f63690a0f9638d70235fb37,,
block,source,2024,,200.0,,,,,198.0,0.010000000000000009,391ad2076ffc410c60265e47b50cebcbc92ff81c20a87d91f471ce6e7e80401c,,
block,source,2024,,200.0,,,,,199.0,0.0050000000000000044,37368385abf1ea597e50ac93cb4d043e75cfca8ce8856fb2294470a13d263ce7,,
block,source,2024,,200.0,,,,,199.0,0.0050000000000000044,70b11646f80e1d52fa6b04ed4f5e6f64484fd1d9d574ccd6f031fdcde050abbd,,
block,source,2024,,200.0,,,,,200.0,0.0,c8335c17b49145bc065a0eb495fd3f001d81e8fa03f8d90642bcf6184b2689c4,,
block,source,2024,,200.0,,,,,200.0,0.0,83b1e6c3986f8020650b26320f0f270429862d3cbec2505a49ef515f64a21c64,,
block,source,2024,,200.0,,,,,200.0,0.0,80ede8118165a0a4ed1554c0166af861299281de7e4696ab147ac975b8a3756b,,
block,source,2024,,200.0,,,,,200.0,0.0,5dd2f68e7c2951caaf398f2a11951735ab4ddb44205cd461614de292f63c3ced,,
block,source,2024,,200.0,,,,,200.0,0.0,56c280629a6008f49623318a459575847f062775d0e79e4733cb959feafb4168,,
block,source,2024,,200.0,,,,,200.0,0.0,6dd742a543c8c54e7fc6a0a5978308985a81ae3a99eaec48f222543063b1afc6,,
block,source,2024,,200.0,,,,,200.0,0.0,ef8c0dbcd3ef2b1e8add6a7d3e851800fa2ba9e242b339880c83fda82a9fb909,,
block,source,2024,,200.0,,,,,199.0,0.0050000000000000044,6f1e55b46fca7b9d1e1068fc672a2151ee6a90c68e9141257c87c0fc0ec36e9b,,
block,source,2024,,200.0,,,,,198.0,0.010000000000000009,704a164d43bcf63de7ef91cfa2eb7e26b9c68cb56427971009860638bc98e971,,
block,source,2024,,200.0,,,,,67.0,0.665,75b828e95c3fa653022d0881f23fecaeff799b438cb3e644658927ca194534a3,,
block,source,2024,,200.0,,,,,0.0,1.0,61700cb3872830cdf68cdd6bb1f5e1dccb19f2275203d59c9991b9b3fa24bbab,,
block,source,2024,,200.0,,,,,200.0,0.0,e1c1a046f1698912dd5ed6de0fb86f550c1005d7edebf47e9e5e3470404a0647,,
block,source,2024,,200.0,,,,,200.0,0.0,7559c022454ec52f72a79e239fee4771bf3006714ea0739a6fcc41fe1b6be776,,
block,source,2024,,200.0,,,,,200.0,0.0,ad70c2978b8d5dd86ffd5edd67a0d546a1ef61431d8ea29d9fd372509636718e,,
block,source,2024,,200.0,,,,,200.0,0.0,1e18e22bba290685ad630653042a7a2306a353c460aeb7d4954565ddeccbd017,,
block,source,2024,,200.0,,,,,200.0,0.0,954422debf3e7363b3f429ff875c3ecfad1edbcd125e8b63e104cdbee69a925c,,
block,source,2024,,200.0,,,,,199.0,0.0050000000000000044,eb5ec205e9fff7e87e3f105a8afc7f359968f0a16612c3978b18500d00e9fca1,,
block,source,2024,,200.0,,,,,200.0,0.0,c9e9717f42e9003ddba4aa04f537d63b6a17989f8e62489466b147d3bd978a12,,
block,source,2024,,200.0,,,,,200.0,0.0,245b1c921005c5eae76ba9ca107227b83821ac60f9d32079e716f21d3cb0ac37,,
block,source,2024,,200.0,,,,,198.0,0.010000000000000009,b4176e68e6c1e4d177c8772c48efc80cadbb1f4a4207920cdcfa3cd7a06ff7c6,,
block,source,2024,,200.0,,,,,57.0,0.7150000000000001,cb13c6f33a80fe9c126497e97970a16a90a96ebf3cec0a6abaa6b20826c42862,,
block,source,2024,,200.0,,,,,21.0,0.895,66a69421d8daa47a5331adf253741c6bae90b1319fa5a7bdd3bd0a058aceb30f,,
block,source,2024,,200.0,,,,,200.0,0.0,cf1c09d8436e2f42149f5262054522fb0f44292b3444805cb45508c69fb5e1cf,,
block,source,2024,,200.0,,,,,200.0,0.0,472b6d06ec616afd1f38b3c825891e6bbaba9a6f80e2885986b432560a74d892,,
block,source,2024,,200.0,,,,,200.0,0.0,a80b2dea746366bb80ab6e1b08089d18ce49b0ff7c1c81b4fcdb489abf0c35c1,,
block,source,2024,,200.0,,,,,200.0,0.0,3acec4a87584c5d44c329684a8e679f72ded322e1922f45a221fd9cd2215633e,,
block,source,2024,,200.0,,,,,198.0,0.010000000000000009,1d3ef87a6b0e393d2d1f0f0f3f619ea28424f2e3a3004ffabf2786bfd3871ef9,,
block,source,2024,,200.0,,,,,200.0,0.0,97aef3ef1cfbef42801395d87f32b3628b23f6d3de28087198870d4f2550055b,,
block,source,2024,,200.0,,,,,199.0,0.0050000000000000044,f789525d6cbaaeeec671792bdba3add039cdc36b83c2cf509ae2e3f8e7a5aae0,,
block,source,2024,,200.0,,,,,197.0,0.015000000000000013,7579552c5c868db022e7fa3b5cbe047e0c71d197ed6f13a00bad2c80ca32e56b,,
block,source,2024,,200.0,,,,,200.0,0.0,c10bb48ce438ecf3915cbfbfba26ff730b811c27511fc9b8cdb9f090abce2603,,
block,source,2024,,200.0,,,,,182.0,0.08999999999999997,1523ef3f012acaaf0ca938225299249bf7e9cb76dcf662e16f24830ab88a2e02,,
block,source,2024,,200.0,,,,,197.0,0.015000000000000013,12d27f0f6a556be6c625a1c8e509e7aa9b8081bd07014e419d3aca57e1acbe80,,
block,source,2024,,200.0,,,,,200.0,0.0,409e344a63a2f0c94af7aad2fd68ed586b9454f5d739b14548f0b7d53362f924,,
block,source,2024,,200.0,,,,,200.0,0.0,d962105a3513bb67eb77b8fac3f0b9d5d3a3b3af2ceec04140f20971867791af,,
block,source,2024,,200.0,,,,,199.0,0.0050000000000000044,319ddfdec41de16f3e76200807d6206ddcae0c6591206fdddb187420ff4d8b9f,,
block,source,2024,,200.0,,,,,199.0,0.0050000000000000044,1664c5f5c125def96725710cd57bb3513e0de011200952707d03fed1a353aef5,,
block,source,2024,,200.0,,,,,200.0,0.0,9550fc5c7c1cc80e0e50bdebf6428f8aab57a254140a90690320cd464f3d0bc0,,
block,source,2024,,200.0,,,,,200.0,0.0,0e1e837254cb586aa2b87499026a0acccc5191fec2a1d559f97cd339fd5b84d6,,
block,source,2024,,200.0,,,,,200.0,0.0,3d87fafeac73fa453c0ac4e4a336532e3a15640aaf098cae811f3f86cb6dfcc7,,
block,source,2024,,200.0,,,,,200.0,0.0,eed5782b807285d5aacca0c949eda386ccfb9cfefc1444b776148647a70eb79a,,
block,source,2024,,200.0,,,,,199.0,0.0050000000000000044,dfdc18b49e82d051a38eae95731353e89a0bf96764b69d1143858ac0ec6ee166,,
block,source,2024,,200.0,,,,,200.0,0.0,d16983f22d4d342e94cea1643124232038e14dd1f23ec50d77ceb12c8399185e,,
block,source,2024,,200.0,,,,,198.0,0.010000000000000009,42739dc50fade03a4357ee9157cacc614cb8de7d0c92a44721fc01e4869d31ef,,
block,source,2024,,200.0,,,,,200.0,0.0,cf6ded0b2503cf4635b9b77c3e8ebb7eb1276ed50af07277e24fd420e882ecb8,,
block,source,2024,,200.0,,,,,198.0,0.010000000000000009,e57872ba6c13d1acae3550afac54dd8dae131141e74f562016344de1bf81e278,,
block,source,2024,,200.0,,,,,200.0,0.0,205355ee339205bfaec389eab3df2fafce83f37c8b9f4328d5baabd55336e3d6,,
block,source,2024,,200.0,,,,,200.0,0.0,3f87eb6d8995d89b0cc227003772dce1fc7f8914ea4852a246474eb11da23c02,,
block,source,2024,,200.0,,,,,200.0,0.0,16d98ae0ff6eadd77499aa677ee943808803eea842515c68e0d7f892f2fd9bfe,,
block,source,2024,,200.0,,,,,200.0,0.0,30f311ed038d6f646771901bed4e82ad2415aaf29a380fe49509fa2eb1f0a343,,
block,source,2024,,200.0,,,,,198.0,0.010000000000000009,1bf6cf8679128a5d3a76b5b30e8715a5a158ea6aa7be4087e88f8fd32673a6da,,
block,source,2024,,200.0,,,,,199.0,0.0050000000000000044,8c58f207795c8b8c42a891f660f1987980d9cd8ae9841b1c35936402cf32cbe4,,
block,source,2024,,200.0,,,,,200.0,0.0,7a546463a740163590a00f22bdaeb77a1027aa2a870a0674ad716836aea305d6,,
block,source,2024,,200.0,,,,,200.0,0.0,d1034e9a281fe4caed76a268da916db0e748b0d8314ce1108b9724917ad7a958,,
block,source,2024,,200.0,,,,,199.0,0.0050000000000000044,06d887ea2c9d387c705754940f28c674a3efe1f97bfd6362f91db039f3a6e485,,
block,source,2024,,200.0,,,,,193.0,0.03500000000000003,530148f0683176a0d7c64fd0e2a18b5c8ed9f1fba3c041aca17390a25306b636,,
block,source,2024,,200.0,,,,,197.0,0.015000000000000013,9d4541ce63b1d02af894e0c9cb10f0d0091e78cfcbeac1fc6cd503e87293806b,,
block,source,2024,,200.0,,,,,199.0,0.0050000000000000044,4ede1eae066147c9f3e4f6662841809211e87b55943067a523e8834ef559c603,,
block,source,2024,,200.0,,,,,197.0,0.015000000000000013,235294d363fe3b0cdad9ce8d9a3efdda9d564924a211b92d611d292ff37cf56c,,
block,source,2024,,200.0,,,,,200.0,0.0,a9e9a9634866bac9ebd2e853c1d6b87eee6a1ebee0600cc4b26ac68ca058223c,,
block,source,2024,,200.0,,,,,200.0,0.0,9c6db86d5122b9dcf23672b6eccf62001ab7c817056f0ac04f205b9a4d282d5e,,
block,source,2024,,200.0,,,,,200.0,0.0,403dddab6590c9e16b95709e3684d05f322f8142150e71451517a63e6fd1fce9,,
block,source,2024,,200.0,,,,,200.0,0.0,a2abea4eac8d63f57fe3acc10ff4ba17d8fea0aab64762ae6a789a8b04199e78,,
block,source,2024,,200.0,,,,,200.0,0.0,98002c397dc859c37f99a8415eae1c454d9010f95362d4aa86ce841d82602b6a,,
block,source,2024,,200.0,,,,,200.0,0.0,d7ec65680266c65dc4ce8ac88c4b325ae5096acbc15ab3a51f66e8833adaec9d,,
block,source,2024,,76.0,,,,,75.0,0.013157894736842146,cb9248e70373de2b539401edfcb66a52e53149ac71c997769f9845c4902ad4fb,,
block,source,2024,,200.0,,,,,199.0,0.0050000000000000044,7ad5d2c204f9be32f09282ba6e7073b6c4bb672f1bff31a64a7aed5c5b270658,,
block,source,2024,,200.0,,,,,197.0,0.015000000000000013,8ad0debc063e6ae994a4c0c369670903093ee070ddaa402ff1697f8d6df4d443,,
block,source,2024,,200.0,,,,,200.0,0.0,ca7130bdac006286b50bdd06f1b9e8a6071725895871e5e8d5fe6e00e6ca0a00,,
block,source,2024,,200.0,,,,,200.0,0.0,4f6ca159dddd59bca06537a1b56b5a724df4ba23cdbe25c6732a58a1f613195a,,
block,source,2024,,200.0,,,,,200.0,0.0,d073a0b573d782717c8966a2edb26f089ac0451eb2a4a50f92692124619713f7,,
block,source,2024,,200.0,,,,,200.0,0.0,bf8d0a042254778436df4d4e1d8731a8641bb035137aa21fc8babeabec8249dd,,
block,source,2024,,200.0,,,,,200.0,0.0,1499a3f7f17d1fc3746eac724e8454e24fb218aeca4e621b456bff17dcfbc7f9,,
block,source,2024,,200.0,,,,,199.0,0.0050000000000000044,f8dad9c262037b04f646de729fd2592e897f969e760ad8388f6d597a42bfadb7,,
block,source,2024,,200.0,,,,,199.0,0.0050000000000000044,1475c71729c8f2b56431e5504c91db84a47cf0acdbf272cd743c4e5ded2e7ab5,,
block,source,2024,,200.0,,,,,200.0,0.0,52b0617c74d5b9ff49bf1cfa27c173b2354a573e914d261d246b77619993ca38,,
block,source,2024,,200.0,,,,,199.0,0.0050000000000000044,d0bc5a0efb4474d9a53872ebdf02d30af6b801c164a6190e2c939068b90ec6c0,,
block,source,2024,,200.0,,,,,200.0,0.0,27d234009cc05dc109fe88427f2d95b7cd73900c156845271175bcab9d14a007,,
block,source,2024,,200.0,,,,,198.0,0.010000000000000009,f2be37b6e3ac10580b967d29ad5dbbc6d0beaa74123273576654d16f499053c8,,
block,source,2024,,200.0,,,,,193.0,0.03500000000000003,2c3de52b96617c835050d862f7073c36d3658d3535ae7ddf82036a7339fb860d,,
block,source,2024,,200.0,,,,,196.0,0.020000000000000018,6976ecdc807998f23171a40ea7ca0e09ca32564823322f3f5d582dadfdca302e,,
block,source,2024,,200.0,,,,,200.0,0.0,0a979bdd38772dc3028a6cf9e38ed56cbeb46c6c85a38b7afd0047196bf342ad,,
block,source,2024,,200.0,,,,,200.0,0.0,b45bfc272c7e7650ac6cb05e21dcbadaa16203b75f252a64f73421004ac9d339,,
block,source,2024,,200.0,,,,,200.0,0.0,8448b3b1c35ba2ea040d0b29ff22c162a0991d57bf1b91d467da28b9da7c019f,,
block,source,2024,,200.0,,,,,195.0,0.025000000000000022,fecbddc32b5955cd4ee2d0837a0050d166359d6f5b1af53f5212ae499b19f620,,
block,source,2024,,200.0,,,,,198.0,0.010000000000000009,dd4044916f8a489e1a3f714f1749f7702628692bc0b864d40d34b4b71936b2b9,,
qa_class,source,2024,,,,,,,,,,255.0,13850.0
qa_class,source,2024,,,,,,,,,,1.0,7693.0
qa_class,source,2024,,,,,,,,,,100.0,61.0
qa_class,source,2024,,,,,,,,,,50.0,26.0
qa_class,source,2024,,,,,,,,,,4.0,15.0
qa_class,source,2024,,,,,,,,,,2.0,11.0
year,target,2019,1.0,23130.0,23127.0,23127.0,23127.0,19010.0,19010.0,0.1781236489407696,,,
block,target,2019,,5.0,,,,,5.0,0.0,b116e93e5683cff43fa8384d6b1737a5d04b3a20ad50cd6e448b41ebbf4f9202,,
block,target,2019,,10.0,,,,,5.0,0.5,4153b7366288cf900c3e3c0c6b9dae12f1a6ccd038435b2466866978dc643e00,,
block,target,2019,,30.0,,,,,19.0,0.3666666666666667,8faf3625e914ee5e743f7cee0afd61bb868a347b094e55716d5e1ae967886971,,
block,target,2019,,26.0,,,,,22.0,0.15384615384615385,3274ad1e63802d7a7ad394e3a454c640b41bc6b0104e7fe70c614f46d92b663b,,
block,target,2019,,53.0,,,,,43.0,0.18867924528301883,c7c6ffe42cb1d8c1096e3d9e34eaaa9b068c7df7ab7d763ff8d39f164abf649a,,
block,target,2019,,8.0,,,,,4.0,0.5,9c166406f026616618fe1e59c356dda2c1425f18daaabd0e4928bf7106d42e52,,
block,target,2019,,11.0,,,,,9.0,0.18181818181818177,fb6035c16eda29a4907e9e1af40c4ab52c86b4a0892e6b55d5a217b8eec3f56d,,
block,target,2019,,33.0,,,,,27.0,0.18181818181818177,2e3576f0ea3f69b659e1c48e96e2e94fdf32ac21644d3c82ec87d7bb9148f301,,
block,target,2019,,89.0,,,,,58.0,0.348314606741573,4078fcd04766a4073454342e6541ce0c55199f1a184ca5523bab52488ea76b82,,
block,target,2019,,102.0,,,,,91.0,0.10784313725490191,814d0e1eac17e293159102341d2df5620b8a5257849ecc90dc57e40173dae0e8,,
block,target,2019,,18.0,,,,,17.0,0.05555555555555558,f68d93717f66e51f52ca4f8be6de3dda31c14340b5559b00a00e54f6a987a593,,
block,target,2019,,323.0,,,,,256.0,0.2074303405572755,3b997c3732a7e35ec3ed70d05b29e483542a554b3c5d60255d3622f9aa703370,,
block,target,2019,,431.0,,,,,358.0,0.16937354988399067,24684a3f18af5fb8d3ff92ccaf2dca7fea5d8b7d1527f445ae505b6eb6d9ce82,,
block,target,2019,,68.0,,,,,54.0,0.20588235294117652,bd97946da715407a87f2a2898a27e182e5737e76ac31dd9b442d623e0fbab38b,,
block,target,2019,,2.0,,,,,2.0,0.0,ad0c99797b2fcfe09ff409c2260e02da0e3a2e96d45ca1b4f8d6741767e5db25,,
block,target,2019,,109.0,,,,,98.0,0.1009174311926605,766912eb835050c3947dff278da880fbe277c7a1c2e1a3f7302ab5e0eb50b52a,,
block,target,2019,,45.0,,,,,37.0,0.1777777777777778,3b1490f5cdcacb9f6e5efda2ed924571a72b2747c7ed3cd28ed1ee2c40cab178,,
block,target,2019,,253.0,,,,,190.0,0.2490118577075099,af3a8f77bb12757a670ba2a682dd749d77b8ce0eed46c59f46503c00e0eef0d4,,
block,target,2019,,195.0,,,,,163.0,0.16410256410256407,2196d887006fa0ba2b7fe2c7bac71e3c64564e6b949ea071287a5906a7357ede,,
block,target,2019,,21.0,,,,,18.0,0.1428571428571429,12a6126d4b591e121450d367a938c2557642ccaeacb95b9c6bfee36ab702a3fc,,
block,target,2019,,16.0,,,,,16.0,0.0,759c541a54bca78b171d39e306e95ec5898958ce9e514b9ab6f980858d05d17c,,
block,target,2019,,407.0,,,,,330.0,0.18918918918918914,313fdb41d64ecb292a6a8209f9dd03b3122e0fb72a55deefec7d142cee716faa,,
block,target,2019,,575.0,,,,,473.0,0.17739130434782613,0bc52443a3ae200070abf025102dc36a173139263c26d96e1aa4885bf3c9ef8b,,
block,target,2019,,223.0,,,,,165.0,0.2600896860986547,109fd96854b520700f2a7471650a2301bed42e1452dbfd1f46dc6c59daffeb3a,,
block,target,2019,,23.0,,,,,22.0,0.04347826086956519,3af24533ca1f431676d51ff27804f5079dfe753ba1ee575cfe2d09ce0a235ad5,,
block,target,2019,,499.0,,,,,422.0,0.15430861723446898,de231d2d7002a9272742d0fbbf3750df622d05d622ae4c6fc7055cd2e178abfe,,
block,target,2019,,572.0,,,,,487.0,0.14860139860139865,193ee9c9287914c20feb8e250cabc36fed374dd971df0e40805bdbe21338b44a,,
block,target,2019,,643.0,,,,,548.0,0.1477449455676516,cfce125556868dd205bdec1729e79851cfb88d7f0b4948c34002f2d94587ad97,,
block,target,2019,,167.0,,,,,149.0,0.10778443113772451,c842cad3927eee9a136e9ad8a5658dfcced9d807b9ab8da7176515379a6ac0ae,,
block,target,2019,,218.0,,,,,174.0,0.2018348623853211,c96c9ba682222b61befa70c34a756052646a90937d95332404f3a49646a1f216,,
block,target,2019,,6.0,,,,,1.0,0.8333333333333334,0120c711396fbeae6fc6dae2a5b5d8c03b6b8daa47dcf660fe486a5601b0d6b8,,
block,target,2019,,376.0,,,,,291.0,0.22606382978723405,5b4b23db57e9debf91b2e3c514cbb62585afe2c7308f95ca7a99fb0f322eddf5,,
block,target,2019,,116.0,,,,,89.0,0.23275862068965514,c1a8d46531a288d5b37c30c7c5cd50f91e5b89790e6a2f88098652d9b707c76e,,
block,target,2019,,54.0,,,,,41.0,0.2407407407407407,db3b7b4242e3aed08e9e691acdd6bcab0c6ac0a0bfd44a059c2ae3489131763f,,
block,target,2019,,453.0,,,,,377.0,0.16777041942604853,021a65b5f6e762074090eafd31a69393f8e44f57ef475898a5ea9dd8efcaa459,,
block,target,2019,,209.0,,,,,174.0,0.16746411483253587,31882776acb1f5866f01f2ceae1d664b0d59fe866bcca8831f217079d3e8ccc4,,
block,target,2019,,304.0,,,,,241.0,0.20723684210526316,6e866887ee0ea0217dd8825c78c8c083e93392d3bd16d5c02531410ecc5f5c57,,
block,target,2019,,736.0,,,,,569.0,0.22690217391304346,66662252637e8681a7391f5c3357909229d7aa0e0034ba8d65881c8cc5ad2802,,
block,target,2019,,960.0,,,,,779.0,0.18854166666666672,1a21cafef8e12a49ff77d7f82cc9f28520bb7c20b6ab2e009a65ccf99b37a50c,,
block,target,2019,,427.0,,,,,357.0,0.16393442622950816,76e8380ed21879a2f7bb46f969719e77cf3b8bf74290c52faee4fdd75d49b7d7,,
block,target,2019,,327.0,,,,,289.0,0.11620795107033643,8e936d2d67fcef75ac0ccff923e182433980630634b2eb945de72376c514b8b4,,
block,target,2019,,382.0,,,,,310.0,0.18848167539267013,3f949cef11e10276b900b248596bd23fba152b4f3daeb971e4603aad3be57f7b,,
block,target,2019,,1.0,,,,,1.0,0.0,625390268fa9426193da7aa094e15c71f1f313a239107ffd8b38c3573a43cfda,,
block,target,2019,,329.0,,,,,253.0,0.23100303951367784,d656f93e8ec3b27f2ccc20e779bf71d11ed55ed583ea22c0a5eed4e1cc304729,,
block,target,2019,,8.0,,,,,3.0,0.625,aafd6ca8acbb97add365cc572ddf67b50741ff9ac3ccb91248edd9995f8df266,,
block,target,2019,,28.0,,,,,22.0,0.2142857142857143,d47b4c7be0df9a398125806a744c6b5ae5269046a6e34a1d252d2091b4d7f2df,,
block,target,2019,,755.0,,,,,619.0,0.1801324503311258,461c638231977eb66c169caca2a39dee0e93fe6b7630d4d6c1cb5291669ec622,,
block,target,2019,,1050.0,,,,,816.0,0.22285714285714286,2659b565db726080beb236b045ae72d37fc6019d3c2304da2c9344260b5ca2e6,,
block,target,2019,,636.0,,,,,537.0,0.1556603773584906,e9be0d06c8fdc04415d56fa59daa9346010e01224042ca4e58550d2f3337a1e3,,
block,target,2019,,225.0,,,,,176.0,0.21777777777777774,7955bf6b00eea7e9e32d04c31bcefb427837e91d327d1dfbcb47a89788dbdf8c,,
block,target,2019,,669.0,,,,,577.0,0.1375186846038864,e5c2a232d43670799ca18381946a250504fd10cceb6558678309318f16149b55,,
block,target,2019,,468.0,,,,,357.0,0.23717948717948723,a3b661c8475c040ed5111f2b10826aabb1ca97db56e541edd493d7ab27a6eece,,
block,target,2019,,19.0,,,,,18.0,0.052631578947368474,845b102a953724266ef47368770e0eca31661800ef2115014a11ef3981a717bb,,
block,target,2019,,6.0,,,,,6.0,0.0,f4d5bbc0950051b803c56ded6613c5f6bb5362aa0c9529d98632bc2e4931d700,,
block,target,2019,,313.0,,,,,268.0,0.1437699680511182,2782e0c149d9cdc6112c86e29f3b2ae7a0362e05b7d3c1c4b428fde982945426,,
block,target,2019,,641.0,,,,,539.0,0.1591263650546022,d5de0bbb2e8da190c9768a52ab3e417f14e93f0c04b8caf9d6bc8c955dbc651b,,
block,target,2019,,999.0,,,,,839.0,0.16016016016016021,f280f0a16c8bddd4beedbd6684422cd2e4b908bb29d7885f6d7576b609d04745,,
block,target,2019,,475.0,,,,,403.0,0.15157894736842104,b2d1d478c9cd3a732c0650799f7c3d2a338f4afadb7d93e7cd8965d2aec84a97,,
block,target,2019,,251.0,,,,,207.0,0.17529880478087645,f4274b39782cf02f1fe204e1c26709279fc88e6d68d0c9463fe98fff8e4388dd,,
block,target,2019,,309.0,,,,,258.0,0.16504854368932043,c8fe93cb431dad5c890a44fdad2d625620bad047fc86da07e74945e58fcdc53f,,
block,target,2019,,88.0,,,,,81.0,0.07954545454545459,4720efd33d90cff9afe523be490ab2ddace830df35cdbf03588a4a8ce72d400d,,
block,target,2019,,26.0,,,,,20.0,0.23076923076923073,c691cb264ac3cfa6975255419d964726bf5967d992f4325ae2523e4658c59c11,,
block,target,2019,,12.0,,,,,12.0,0.0,e3a85b4869348e67cd9d7f5e206b41fd2bd878d5bc1dffc08b20c13038a638cd,,
block,target,2019,,363.0,,,,,329.0,0.09366391184572997,c9a84fe7e830d07cd6c6edb357a1161a43456ac8ae83ccd93bf3f99cf2cc19fb,,
block,target,2019,,647.0,,,,,537.0,0.1700154559505409,b4034a8875655cd15e50eaa490fb261f233ea22b565e09015a939db97889ab67,,
block,target,2019,,483.0,,,,,389.0,0.19461697722567284,b226ebbd506ecb846f1f9f83e13c214f527bda9a49c0ccfad11e6336d9a0330c,,
block,target,2019,,124.0,,,,,104.0,0.16129032258064513,5ad1ae7cea647f073a362b2289401892d0c93137bdc1e50bdff5f7942f3ff3f5,,
block,target,2019,,527.0,,,,,443.0,0.15939278937381407,c6b0e8a90a70aade0ef3f6a67710e2a79a45a4fdd6a307bcfc770819a16c4acf,,
block,target,2019,,530.0,,,,,463.0,0.1264150943396226,b966ce51305f668727789a337b564f3dcccd9d504cc0d87493f22f3c52ee16cf,,
block,target,2019,,51.0,,,,,45.0,0.11764705882352944,438f158045b73e304a30d072f7e48623ecd17a1b609e15251fade1ce51ee917a,,
block,target,2019,,3.0,,,,,3.0,0.0,25fc4abe8a45aed0a77f73894cb14318c371fc36ca885210c78907d594c0db75,,
block,target,2019,,20.0,,,,,12.0,0.4,37e061fbc08470b17bb632243a192ffaba9f35ee2a30149f0201cdafeb34a65c,,
block,target,2019,,5.0,,,,,4.0,0.19999999999999996,8593baa26a8c21f9ee721547457cc658e41e2d8f4dccb461d2c58c9a36a4f652,,
block,target,2019,,14.0,,,,,9.0,0.3571428571428571,11a06d81d132199eb3f19e6bacd2a6f2e0e1b915127a87c696d66d3dc8373bc4,,
block,target,2019,,341.0,,,,,251.0,0.26392961876832843,1d8b0e0dc0c696f5fdd491bde627749c841c63ce85282e5466f078e31563011a,,
block,target,2019,,574.0,,,,,495.0,0.1376306620209059,4d8f15702a41028eaa4395f2e55e6192a690e16d9101865f5c0f6eed5eb6cdf2,,
block,target,2019,,111.0,,,,,94.0,0.15315315315315314,9b478b5b037362315054560c38dc71b8e5354fe52ad681cdd43288430308dfed,,
block,target,2019,,73.0,,,,,52.0,0.28767123287671237,056b70158855ed82f41196bf5d8f32283c593d7a1a66b68beb306a5b9820553d,,
block,target,2019,,142.0,,,,,109.0,0.23239436619718312,a011934e3de7ac06be47ff6ea243f22d7310085642a72557f2496f86e48a1a34,,
block,target,2019,,216.0,,,,,181.0,0.1620370370370371,26cf946beb92bba4181344021a1262e33676e14cd1d041491127c630e008fd1b,,
block,target,2019,,362.0,,,,,305.0,0.1574585635359116,22c6b80832dfb6c00133ac8a9fcb898d1a848a7db37084df005c035986aa813d,,
block,target,2019,,32.0,,,,,25.0,0.21875,45b24b8bc480ce3752604ddfc77d25be9ac19d7dacfa45e98a152479680687fa,,
block,target,2019,,71.0,,,,,59.0,0.16901408450704225,8497e746c990b12157c02ea96dbc4f8bff5302d848a08e5267d1bbed866677fd,,
block,target,2019,,135.0,,,,,109.0,0.19259259259259254,02e3748e2649f8d0dede049f9f9055f9860d56f7c8b00d256c6dac5e5e01189b,,
block,target,2019,,47.0,,,,,42.0,0.1063829787234043,5cc3feb31cab0671db3102c0f6538ffb085c4a7ca8fe8ef3afc0b29821cb8ce3,,
block,target,2019,,246.0,,,,,189.0,0.23170731707317072,4a824d0d38a43dad35849fa50ff09946d0d973168e8ef3204877859865ef4e02,,
block,target,2019,,324.0,,,,,273.0,0.15740740740740744,3be3d2760549002cbceb4e1bd4b9a1dc27abceb5c1317b7ca4dbbbb4437cf342,,
block,target,2019,,12.0,,,,,10.0,0.16666666666666663,e284458b413af369656c9d9201530be1520c22d2ca67bfc907317d7aaee2de5a,,
block,target,2019,,5.0,,,,,3.0,0.4,06a656238d9bd6d16952f36592a27fc563368c8a6d7c356cdac3027f7287aad2,,
block,target,2019,,412.0,,,,,354.0,0.14077669902912626,5e9af3761335ba9082a5e1466ac976895f147845f54add1164d67731c91a3c2d,,
block,target,2019,,171.0,,,,,143.0,0.16374269005847952,a0e8acd5229f4dc058a940a186aaf7f85938a6047cc2606129cc69e4d5b32807,,
block,target,2019,,67.0,,,,,62.0,0.07462686567164178,00fd90a66792cc016f218457a4f686c91ac8a8d5284bb0abe37e71e2f1f71bac,,
block,target,2019,,188.0,,,,,123.0,0.3457446808510638,1b6b1324eef77b4453879de59a1d46b214beef17b5f8bf02a50bcaa795571181,,
block,target,2019,,1.0,,,,,1.0,0.0,94b8b7a1e18eb8d11e4c6e09a464f1657729212238c722480a7521cfc0a51ac2,,
qa_class,target,2019,,,,,,,,,,255.0,19010.0
qa_class,target,2019,,,,,,,,,,100.0,4085.0
qa_class,target,2019,,,,,,,,,,150.0,32.0
year,target,2020,1.0,30832.0,30825.0,30825.0,30825.0,25070.0,25070.0,0.1868837571354437,,,
block,target,2020,,103.0,,,,,74.0,0.2815533980582524,4153b7366288cf900c3e3c0c6b9dae12f1a6ccd038435b2466866978dc643e00,,
block,target,2020,,5.0,,,,,3.0,0.4,8faf3625e914ee5e743f7cee0afd61bb868a347b094e55716d5e1ae967886971,,
block,target,2020,,3.0,,,,,3.0,0.0,3274ad1e63802d7a7ad394e3a454c640b41bc6b0104e7fe70c614f46d92b663b,,
block,target,2020,,332.0,,,,,286.0,0.13855421686746983,c7c6ffe42cb1d8c1096e3d9e34eaaa9b068c7df7ab7d763ff8d39f164abf649a,,
block,target,2020,,357.0,,,,,298.0,0.165266106442577,9c166406f026616618fe1e59c356dda2c1425f18daaabd0e4928bf7106d42e52,,
block,target,2020,,1.0,,,,,1.0,0.0,6849010f85badeea0d56774b752d2b82a577bddb11e8c662b3bb4eddc99cf804,,
block,target,2020,,24.0,,,,,23.0,0.04166666666666663,f250f3809f05bc0db76d66f172b6092a072c324856028c565761c660125c1112,,
block,target,2020,,100.0,,,,,89.0,0.10999999999999999,fb6035c16eda29a4907e9e1af40c4ab52c86b4a0892e6b55d5a217b8eec3f56d,,
block,target,2020,,212.0,,,,,160.0,0.24528301886792447,2e3576f0ea3f69b659e1c48e96e2e94fdf32ac21644d3c82ec87d7bb9148f301,,
block,target,2020,,11.0,,,,,11.0,0.0,4078fcd04766a4073454342e6541ce0c55199f1a184ca5523bab52488ea76b82,,
block,target,2020,,385.0,,,,,305.0,0.20779220779220775,814d0e1eac17e293159102341d2df5620b8a5257849ecc90dc57e40173dae0e8,,
block,target,2020,,884.0,,,,,727.0,0.17760180995475117,f68d93717f66e51f52ca4f8be6de3dda31c14340b5559b00a00e54f6a987a593,,
block,target,2020,,308.0,,,,,275.0,0.1071428571428571,2f714b4bafcbc79bfa7c6c20498d50dfdd7e01ce637012e32ffd940b4f6bd646,,
block,target,2020,,259.0,,,,,204.0,0.21235521235521237,7daeaff5e438b8d0dc64c50823f48c6b296644727b31161164d349a60f12d2fe,,
block,target,2020,,9.0,,,,,6.0,0.33333333333333337,216991cd9cac17259467011af92cef63cec12e861c5d11f48a2440c9ff6220b6,,
block,target,2020,,55.0,,,,,42.0,0.23636363636363633,3b997c3732a7e35ec3ed70d05b29e483542a554b3c5d60255d3622f9aa703370,,
block,target,2020,,1.0,,,,,1.0,0.0,24684a3f18af5fb8d3ff92ccaf2dca7fea5d8b7d1527f445ae505b6eb6d9ce82,,
block,target,2020,,459.0,,,,,353.0,0.23093681917211328,bd97946da715407a87f2a2898a27e182e5737e76ac31dd9b442d623e0fbab38b,,
block,target,2020,,967.0,,,,,797.0,0.17580144777662876,ad0c99797b2fcfe09ff409c2260e02da0e3a2e96d45ca1b4f8d6741767e5db25,,
block,target,2020,,177.0,,,,,167.0,0.05649717514124297,766912eb835050c3947dff278da880fbe277c7a1c2e1a3f7302ab5e0eb50b52a,,
block,target,2020,,40.0,,,,,39.0,0.025000000000000022,3b1490f5cdcacb9f6e5efda2ed924571a72b2747c7ed3cd28ed1ee2c40cab178,,
block,target,2020,,343.0,,,,,292.0,0.14868804664723034,af3a8f77bb12757a670ba2a682dd749d77b8ce0eed46c59f46503c00e0eef0d4,,
block,target,2020,,23.0,,,,,18.0,0.21739130434782605,2196d887006fa0ba2b7fe2c7bac71e3c64564e6b949ea071287a5906a7357ede,,
block,target,2020,,8.0,,,,,7.0,0.125,12a6126d4b591e121450d367a938c2557642ccaeacb95b9c6bfee36ab702a3fc,,
block,target,2020,,1.0,,,,,1.0,0.0,14baa60f87b7815a3ec181acf910b50a5c0c5758527ac5cfc5a6ebd168c3a15d,,
block,target,2020,,54.0,,,,,44.0,0.18518518518518523,617e5659281dc02918d7c119edbebe0c904fba4cddbfe53024ecac3897d46f2d,,
block,target,2020,,1.0,,,,,1.0,0.0,759c541a54bca78b171d39e306e95ec5898958ce9e514b9ab6f980858d05d17c,,
block,target,2020,,1.0,,,,,1.0,0.0,313fdb41d64ecb292a6a8209f9dd03b3122e0fb72a55deefec7d142cee716faa,,
block,target,2020,,467.0,,,,,372.0,0.20342612419700212,0bc52443a3ae200070abf025102dc36a173139263c26d96e1aa4885bf3c9ef8b,,
block,target,2020,,1068.0,,,,,824.0,0.22846441947565543,109fd96854b520700f2a7471650a2301bed42e1452dbfd1f46dc6c59daffeb3a,,
block,target,2020,,248.0,,,,,196.0,0.20967741935483875,8385527944b9bd66f28452e7dc40e15531de6223160d76b231b4fac790f7911b,,
block,target,2020,,250.0,,,,,207.0,0.17200000000000004,cfce125556868dd205bdec1729e79851cfb88d7f0b4948c34002f2d94587ad97,,
block,target,2020,,640.0,,,,,542.0,0.15312499999999996,c842cad3927eee9a136e9ad8a5658dfcced9d807b9ab8da7176515379a6ac0ae,,
block,target,2020,,429.0,,,,,349.0,0.1864801864801865,c96c9ba682222b61befa70c34a756052646a90937d95332404f3a49646a1f216,,
block,target,2020,,129.0,,,,,98.0,0.24031007751937983,5b4b23db57e9debf91b2e3c514cbb62585afe2c7308f95ca7a99fb0f322eddf5,,
block,target,2020,,583.0,,,,,500.0,0.14236706689536882,c1a8d46531a288d5b37c30c7c5cd50f91e5b89790e6a2f88098652d9b707c76e,,
block,target,2020,,1070.0,,,,,834.0,0.22056074766355138,db3b7b4242e3aed08e9e691acdd6bcab0c6ac0a0bfd44a059c2ae3489131763f,,
block,target,2020,,224.0,,,,,168.0,0.25,021a65b5f6e762074090eafd31a69393f8e44f57ef475898a5ea9dd8efcaa459,,
block,target,2020,,423.0,,,,,348.0,0.17730496453900713,1a21cafef8e12a49ff77d7f82cc9f28520bb7c20b6ab2e009a65ccf99b37a50c,,
block,target,2020,,866.0,,,,,729.0,0.15819861431870674,76e8380ed21879a2f7bb46f969719e77cf3b8bf74290c52faee4fdd75d49b7d7,,
block,target,2020,,343.0,,,,,305.0,0.11078717201166177,8e936d2d67fcef75ac0ccff923e182433980630634b2eb945de72376c514b8b4,,
block,target,2020,,231.0,,,,,201.0,0.1298701298701299,3f949cef11e10276b900b248596bd23fba152b4f3daeb971e4603aad3be57f7b,,
block,target,2020,,115.0,,,,,90.0,0.21739130434782605,625390268fa9426193da7aa094e15c71f1f313a239107ffd8b38c3573a43cfda,,
block,target,2020,,337.0,,,,,263.0,0.21958456973293772,d656f93e8ec3b27f2ccc20e779bf71d11ed55ed583ea22c0a5eed4e1cc304729,,
block,target,2020,,598.0,,,,,500.0,0.16387959866220736,aafd6ca8acbb97add365cc572ddf67b50741ff9ac3ccb91248edd9995f8df266,,
block,target,2020,,164.0,,,,,138.0,0.1585365853658537,8346076c330c099bd00f5c582a6a84b8b2771d4b511539919b0c03f05471d16e,,
block,target,2020,,4.0,,,,,4.0,0.0,2659b565db726080beb236b045ae72d37fc6019d3c2304da2c9344260b5ca2e6,,
block,target,2020,,537.0,,,,,454.0,0.15456238361266295,e9be0d06c8fdc04415d56fa59daa9346010e01224042ca4e58550d2f3337a1e3,,
block,target,2020,,877.0,,,,,720.0,0.17901938426453823,7955bf6b00eea7e9e32d04c31bcefb427837e91d327d1dfbcb47a89788dbdf8c,,
block,target,2020,,114.0,,,,,102.0,0.10526315789473684,e5c2a232d43670799ca18381946a250504fd10cceb6558678309318f16149b55,,
block,target,2020,,227.0,,,,,160.0,0.2951541850220264,a3b661c8475c040ed5111f2b10826aabb1ca97db56e541edd493d7ab27a6eece,,
block,target,2020,,566.0,,,,,461.0,0.18551236749116606,845b102a953724266ef47368770e0eca31661800ef2115014a11ef3981a717bb,,
block,target,2020,,92.0,,,,,70.0,0.23913043478260865,71ff1306759394b9a83f09b645f32dab0cd0c8843091229c7af3fe5aa73785fd,,
block,target,2020,,348.0,,,,,265.0,0.2385057471264368,2fd2d803bc5e92114ef519b1770ad2006f03d754fd85f8346be72ab6c2c40ef4,,
block,target,2020,,141.0,,,,,80.0,0.43262411347517726,7b0c8338ddb806f97f2eca1c9de88925890f7640d12bdb3bd4604cce4a87a928,,
block,target,2020,,58.0,,,,,42.0,0.27586206896551724,f075fc86d8b8d6a89d89baff02b7686144c1e3ab73ae58c8f160bb654919b1fa,,
block,target,2020,,8.0,,,,,8.0,0.0,f4d5bbc0950051b803c56ded6613c5f6bb5362aa0c9529d98632bc2e4931d700,,
block,target,2020,,43.0,,,,,30.0,0.3023255813953488,2782e0c149d9cdc6112c86e29f3b2ae7a0362e05b7d3c1c4b428fde982945426,,
block,target,2020,,33.0,,,,,30.0,0.09090909090909094,d5de0bbb2e8da190c9768a52ab3e417f14e93f0c04b8caf9d6bc8c955dbc651b,,
block,target,2020,,709.0,,,,,617.0,0.1297602256699577,f280f0a16c8bddd4beedbd6684422cd2e4b908bb29d7885f6d7576b609d04745,,
block,target,2020,,696.0,,,,,597.0,0.14224137931034486,b2d1d478c9cd3a732c0650799f7c3d2a338f4afadb7d93e7cd8965d2aec84a97,,
block,target,2020,,162.0,,,,,133.0,0.17901234567901236,f4274b39782cf02f1fe204e1c26709279fc88e6d68d0c9463fe98fff8e4388dd,,
block,target,2020,,196.0,,,,,172.0,0.12244897959183676,c8fe93cb431dad5c890a44fdad2d625620bad047fc86da07e74945e58fcdc53f,,
block,target,2020,,574.0,,,,,482.0,0.16027874564459932,4720efd33d90cff9afe523be490ab2ddace830df35cdbf03588a4a8ce72d400d,,
block,target,2020,,198.0,,,,,153.0,0.2272727272727273,c691cb264ac3cfa6975255419d964726bf5967d992f4325ae2523e4658c59c11,,
block,target,2020,,271.0,,,,,178.0,0.34317343173431736,393e4a6a7f092214fe886764040e0cc8b3594c72b1b38e053a272279e3453a58,,
block,target,2020,,3.0,,,,,3.0,0.0,e3a85b4869348e67cd9d7f5e206b41fd2bd878d5bc1dffc08b20c13038a638cd,,
block,target,2020,,8.0,,,,,8.0,0.0,c9a84fe7e830d07cd6c6edb357a1161a43456ac8ae83ccd93bf3f99cf2cc19fb,,
block,target,2020,,243.0,,,,,189.0,0.2222222222222222,b4034a8875655cd15e50eaa490fb261f233ea22b565e09015a939db97889ab67,,
block,target,2020,,651.0,,,,,532.0,0.18279569892473113,b226ebbd506ecb846f1f9f83e13c214f527bda9a49c0ccfad11e6336d9a0330c,,
block,target,2020,,677.0,,,,,543.0,0.19793205317577545,5ad1ae7cea647f073a362b2289401892d0c93137bdc1e50bdff5f7942f3ff3f5,,
block,target,2020,,39.0,,,,,38.0,0.02564102564102566,c6b0e8a90a70aade0ef3f6a67710e2a79a45a4fdd6a307bcfc770819a16c4acf,,
block,target,2020,,224.0,,,,,183.0,0.1830357142857143,b966ce51305f668727789a337b564f3dcccd9d504cc0d87493f22f3c52ee16cf,,
block,target,2020,,388.0,,,,,317.0,0.1829896907216495,438f158045b73e304a30d072f7e48623ecd17a1b609e15251fade1ce51ee917a,,
block,target,2020,,153.0,,,,,139.0,0.09150326797385622,25fc4abe8a45aed0a77f73894cb14318c371fc36ca885210c78907d594c0db75,,
block,target,2020,,299.0,,,,,222.0,0.2575250836120402,37e061fbc08470b17bb632243a192ffaba9f35ee2a30149f0201cdafeb34a65c,,
block,target,2020,,41.0,,,,,29.0,0.29268292682926833,8593baa26a8c21f9ee721547457cc658e41e2d8f4dccb461d2c58c9a36a4f652,,
block,target,2020,,139.0,,,,,114.0,0.17985611510791366,1d8b0e0dc0c696f5fdd491bde627749c841c63ce85282e5466f078e31563011a,,
block,target,2020,,885.0,,,,,741.0,0.16271186440677965,4d8f15702a41028eaa4395f2e55e6192a690e16d9101865f5c0f6eed5eb6cdf2,,
block,target,2020,,681.0,,,,,538.0,0.20998531571218793,9b478b5b037362315054560c38dc71b8e5354fe52ad681cdd43288430308dfed,,
block,target,2020,,22.0,,,,,19.0,0.13636363636363635,056b70158855ed82f41196bf5d8f32283c593d7a1a66b68beb306a5b9820553d,,
block,target,2020,,317.0,,,,,235.0,0.25867507886435326,a011934e3de7ac06be47ff6ea243f22d7310085642a72557f2496f86e48a1a34,,
block,target,2020,,446.0,,,,,351.0,0.21300448430493268,26cf946beb92bba4181344021a1262e33676e14cd1d041491127c630e008fd1b,,
block,target,2020,,228.0,,,,,188.0,0.17543859649122806,22c6b80832dfb6c00133ac8a9fcb898d1a848a7db37084df005c035986aa813d,,
block,target,2020,,667.0,,,,,586.0,0.1214392803598201,45b24b8bc480ce3752604ddfc77d25be9ac19d7dacfa45e98a152479680687fa,,
block,target,2020,,21.0,,,,,21.0,0.0,9b0eeba8cfb1689c74da2860d1aea589ccc211008b9272adf58a50475fdb1be2,,
block,target,2020,,317.0,,,,,261.0,0.17665615141955837,8497e746c990b12157c02ea96dbc4f8bff5302d848a08e5267d1bbed866677fd,,
block,target,2020,,15.0,,,,,15.0,0.0,02e3748e2649f8d0dede049f9f9055f9860d56f7c8b00d256c6dac5e5e01189b,,
block,target,2020,,326.0,,,,,256.0,0.21472392638036808,5cc3feb31cab0671db3102c0f6538ffb085c4a7ca8fe8ef3afc0b29821cb8ce3,,
block,target,2020,,519.0,,,,,421.0,0.18882466281310217,d447f3757cac5492c16afa4231a32a0903c454408832b7488ec106eb71791e95,,
block,target,2020,,404.0,,,,,326.0,0.19306930693069302,62c4d71bcaa60795161f05335cecce2c16c0a1e64f7e2dcf67014ee47588c250,,
block,target,2020,,806.0,,,,,636.0,0.2109181141439206,4a824d0d38a43dad35849fa50ff09946d0d973168e8ef3204877859865ef4e02,,
block,target,2020,,598.0,,,,,470.0,0.21404682274247488,3be3d2760549002cbceb4e1bd4b9a1dc27abceb5c1317b7ca4dbbbb4437cf342,,
block,target,2020,,151.0,,,,,119.0,0.21192052980132448,e284458b413af369656c9d9201530be1520c22d2ca67bfc907317d7aaee2de5a,,
block,target,2020,,481.0,,,,,404.0,0.16008316008316004,56fee7a3a208003a5cf92097849ab0cb2f83393b0adaf661dc1d902fb1960f55,,
block,target,2020,,229.0,,,,,185.0,0.19213973799126638,917efd145700646a7de1ba77585c4993224d3b71aff9bf1d09bda99df2953924,,
block,target,2020,,782.0,,,,,631.0,0.19309462915601028,06a656238d9bd6d16952f36592a27fc563368c8a6d7c356cdac3027f7287aad2,,
block,target,2020,,458.0,,,,,377.0,0.17685589519650657,5e9af3761335ba9082a5e1466ac976895f147845f54add1164d67731c91a3c2d,,
block,target,2020,,1.0,,,,,0.0,1.0,6346e15494fac388d71097d52b7f1b2e04e5150f3458b634b26d3577ba431979,,
block,target,2020,,316.0,,,,,222.0,0.2974683544303798,898919ca854fd3f98797363698baed120df7486195c8c5b43284903c10d416db,,
block,target,2020,,135.0,,,,,101.0,0.2518518518518519,00fd90a66792cc016f218457a4f686c91ac8a8d5284bb0abe37e71e2f1f71bac,,
qa_class,target,2020,,,,,,,,,,255.0,25070.0
qa_class,target,2020,,,,,,,,,,100.0,5721.0
qa_class,target,2020,,,,,,,,,,150.0,34.0
year,target,2021,1.0,17483.0,17481.0,17481.0,17481.0,14547.0,14547.0,0.1679345650060058,,,
block,target,2021,,8.0,,,,,6.0,0.25,b116e93e5683cff43fa8384d6b1737a5d04b3a20ad50cd6e448b41ebbf4f9202,,
block,target,2021,,12.0,,,,,9.0,0.25,4153b7366288cf900c3e3c0c6b9dae12f1a6ccd038435b2466866978dc643e00,,
block,target,2021,,201.0,,,,,146.0,0.2736318407960199,8faf3625e914ee5e743f7cee0afd61bb868a347b094e55716d5e1ae967886971,,
block,target,2021,,278.0,,,,,216.0,0.2230215827338129,3274ad1e63802d7a7ad394e3a454c640b41bc6b0104e7fe70c614f46d92b663b,,
block,target,2021,,70.0,,,,,58.0,0.17142857142857137,c7c6ffe42cb1d8c1096e3d9e34eaaa9b068c7df7ab7d763ff8d39f164abf649a,,
block,target,2021,,73.0,,,,,61.0,0.1643835616438356,fb6035c16eda29a4907e9e1af40c4ab52c86b4a0892e6b55d5a217b8eec3f56d,,
block,target,2021,,255.0,,,,,183.0,0.2823529411764706,2e3576f0ea3f69b659e1c48e96e2e94fdf32ac21644d3c82ec87d7bb9148f301,,
block,target,2021,,66.0,,,,,52.0,0.21212121212121215,4078fcd04766a4073454342e6541ce0c55199f1a184ca5523bab52488ea76b82,,
block,target,2021,,83.0,,,,,73.0,0.12048192771084343,7daeaff5e438b8d0dc64c50823f48c6b296644727b31161164d349a60f12d2fe,,
block,target,2021,,60.0,,,,,45.0,0.25,216991cd9cac17259467011af92cef63cec12e861c5d11f48a2440c9ff6220b6,,
block,target,2021,,161.0,,,,,132.0,0.18012422360248448,3b997c3732a7e35ec3ed70d05b29e483542a554b3c5d60255d3622f9aa703370,,
block,target,2021,,23.0,,,,,20.0,0.13043478260869568,24684a3f18af5fb8d3ff92ccaf2dca7fea5d8b7d1527f445ae505b6eb6d9ce82,,
block,target,2021,,1.0,,,,,1.0,0.0,bd97946da715407a87f2a2898a27e182e5737e76ac31dd9b442d623e0fbab38b,,
block,target,2021,,103.0,,,,,85.0,0.1747572815533981,3b1490f5cdcacb9f6e5efda2ed924571a72b2747c7ed3cd28ed1ee2c40cab178,,
block,target,2021,,532.0,,,,,457.0,0.14097744360902253,af3a8f77bb12757a670ba2a682dd749d77b8ce0eed46c59f46503c00e0eef0d4,,
block,target,2021,,54.0,,,,,46.0,0.14814814814814814,2196d887006fa0ba2b7fe2c7bac71e3c64564e6b949ea071287a5906a7357ede,,
block,target,2021,,2.0,,,,,2.0,0.0,14baa60f87b7815a3ec181acf910b50a5c0c5758527ac5cfc5a6ebd168c3a15d,,
block,target,2021,,37.0,,,,,25.0,0.32432432432432434,617e5659281dc02918d7c119edbebe0c904fba4cddbfe53024ecac3897d46f2d,,
block,target,2021,,80.0,,,,,66.0,0.17500000000000004,759c541a54bca78b171d39e306e95ec5898958ce9e514b9ab6f980858d05d17c,,
block,target,2021,,46.0,,,,,39.0,0.15217391304347827,313fdb41d64ecb292a6a8209f9dd03b3122e0fb72a55deefec7d142cee716faa,,
block,target,2021,,12.0,,,,,11.0,0.08333333333333337,8385527944b9bd66f28452e7dc40e15531de6223160d76b231b4fac790f7911b,,
block,target,2021,,206.0,,,,,197.0,0.043689320388349495,3af24533ca1f431676d51ff27804f5079dfe753ba1ee575cfe2d09ce0a235ad5,,
block,target,2021,,532.0,,,,,479.0,0.09962406015037595,de231d2d7002a9272742d0fbbf3750df622d05d622ae4c6fc7055cd2e178abfe,,
block,target,2021,,279.0,,,,,254.0,0.08960573476702505,193ee9c9287914c20feb8e250cabc36fed374dd971df0e40805bdbe21338b44a,,
block,target,2021,,168.0,,,,,144.0,0.1428571428571429,cfce125556868dd205bdec1729e79851cfb88d7f0b4948c34002f2d94587ad97,,
block,target,2021,,253.0,,,,,209.0,0.17391304347826086,c842cad3927eee9a136e9ad8a5658dfcced9d807b9ab8da7176515379a6ac0ae,,
block,target,2021,,442.0,,,,,349.0,0.21040723981900455,c96c9ba682222b61befa70c34a756052646a90937d95332404f3a49646a1f216,,
block,target,2021,,24.0,,,,,18.0,0.25,0120c711396fbeae6fc6dae2a5b5d8c03b6b8daa47dcf660fe486a5601b0d6b8,,
block,target,2021,,60.0,,,,,47.0,0.21666666666666667,5b4b23db57e9debf91b2e3c514cbb62585afe2c7308f95ca7a99fb0f322eddf5,,
block,target,2021,,194.0,,,,,172.0,0.11340206185567014,31882776acb1f5866f01f2ceae1d664b0d59fe866bcca8831f217079d3e8ccc4,,
block,target,2021,,955.0,,,,,826.0,0.13507853403141357,6e866887ee0ea0217dd8825c78c8c083e93392d3bd16d5c02531410ecc5f5c57,,
block,target,2021,,529.0,,,,,392.0,0.25897920604914937,66662252637e8681a7391f5c3357909229d7aa0e0034ba8d65881c8cc5ad2802,,
block,target,2021,,251.0,,,,,213.0,0.15139442231075695,1a21cafef8e12a49ff77d7f82cc9f28520bb7c20b6ab2e009a65ccf99b37a50c,,
block,target,2021,,245.0,,,,,222.0,0.09387755102040818,76e8380ed21879a2f7bb46f969719e77cf3b8bf74290c52faee4fdd75d49b7d7,,
block,target,2021,,428.0,,,,,391.0,0.08644859813084116,8e936d2d67fcef75ac0ccff923e182433980630634b2eb945de72376c514b8b4,,
block,target,2021,,214.0,,,,,165.0,0.2289719626168224,3f949cef11e10276b900b248596bd23fba152b4f3daeb971e4603aad3be57f7b,,
block,target,2021,,171.0,,,,,129.0,0.24561403508771928,d47b4c7be0df9a398125806a744c6b5ae5269046a6e34a1d252d2091b4d7f2df,,
block,target,2021,,563.0,,,,,459.0,0.18472468916518647,461c638231977eb66c169caca2a39dee0e93fe6b7630d4d6c1cb5291669ec622,,
block,target,2021,,204.0,,,,,165.0,0.19117647058823528,2659b565db726080beb236b045ae72d37fc6019d3c2304da2c9344260b5ca2e6,,
block,target,2021,,403.0,,,,,347.0,0.1389578163771712,e9be0d06c8fdc04415d56fa59daa9346010e01224042ca4e58550d2f3337a1e3,,
block,target,2021,,618.0,,,,,493.0,0.20226537216828477,7955bf6b00eea7e9e32d04c31bcefb427837e91d327d1dfbcb47a89788dbdf8c,,
block,target,2021,,369.0,,,,,322.0,0.12737127371273715,e5c2a232d43670799ca18381946a250504fd10cceb6558678309318f16149b55,,
block,target,2021,,73.0,,,,,65.0,0.1095890410958904,a3b661c8475c040ed5111f2b10826aabb1ca97db56e541edd493d7ab27a6eece,,
block,target,2021,,3.0,,,,,2.0,0.33333333333333337,845b102a953724266ef47368770e0eca31661800ef2115014a11ef3981a717bb,,
block,target,2021,,187.0,,,,,164.0,0.12299465240641716,f4d5bbc0950051b803c56ded6613c5f6bb5362aa0c9529d98632bc2e4931d700,,
block,target,2021,,463.0,,,,,384.0,0.17062634989200864,2782e0c149d9cdc6112c86e29f3b2ae7a0362e05b7d3c1c4b428fde982945426,,
block,target,2021,,169.0,,,,,150.0,0.1124260355029586,d5de0bbb2e8da190c9768a52ab3e417f14e93f0c04b8caf9d6bc8c955dbc651b,,
block,target,2021,,148.0,,,,,123.0,0.16891891891891897,f280f0a16c8bddd4beedbd6684422cd2e4b908bb29d7885f6d7576b609d04745,,
block,target,2021,,558.0,,,,,479.0,0.1415770609318996,b2d1d478c9cd3a732c0650799f7c3d2a338f4afadb7d93e7cd8965d2aec84a97,,
block,target,2021,,611.0,,,,,521.0,0.14729950900163669,f4274b39782cf02f1fe204e1c26709279fc88e6d68d0c9463fe98fff8e4388dd,,
block,target,2021,,524.0,,,,,447.0,0.14694656488549618,c8fe93cb431dad5c890a44fdad2d625620bad047fc86da07e74945e58fcdc53f,,
block,target,2021,,50.0,,,,,46.0,0.07999999999999996,4720efd33d90cff9afe523be490ab2ddace830df35cdbf03588a4a8ce72d400d,,
block,target,2021,,177.0,,,,,158.0,0.10734463276836159,e3a85b4869348e67cd9d7f5e206b41fd2bd878d5bc1dffc08b20c13038a638cd,,
block,target,2021,,494.0,,,,,426.0,0.13765182186234814,c9a84fe7e830d07cd6c6edb357a1161a43456ac8ae83ccd93bf3f99cf2cc19fb,,
block,target,2021,,142.0,,,,,119.0,0.1619718309859155,b4034a8875655cd15e50eaa490fb261f233ea22b565e09015a939db97889ab67,,
block,target,2021,,24.0,,,,,23.0,0.04166666666666663,b226ebbd506ecb846f1f9f83e13c214f527bda9a49c0ccfad11e6336d9a0330c,,
block,target,2021,,408.0,,,,,322.0,0.21078431372549022,5ad1ae7cea647f073a362b2289401892d0c93137bdc1e50bdff5f7942f3ff3f5,,
block,target,2021,,443.0,,,,,368.0,0.16930022573363435,c6b0e8a90a70aade0ef3f6a67710e2a79a45a4fdd6a307bcfc770819a16c4acf,,
block,target,2021,,277.0,,,,,230.0,0.16967509025270755,b966ce51305f668727789a337b564f3dcccd9d504cc0d87493f22f3c52ee16cf,,
block,target,2021,,282.0,,,,,257.0,0.08865248226950351,438f158045b73e304a30d072f7e48623ecd17a1b609e15251fade1ce51ee917a,,
block,target,2021,,263.0,,,,,224.0,0.14828897338403046,25fc4abe8a45aed0a77f73894cb14318c371fc36ca885210c78907d594c0db75,,
block,target,2021,,1.0,,,,,1.0,0.0,37e061fbc08470b17bb632243a192ffaba9f35ee2a30149f0201cdafeb34a65c,,
block,target,2021,,11.0,,,,,9.0,0.18181818181818177,11a06d81d132199eb3f19e6bacd2a6f2e0e1b915127a87c696d66d3dc8373bc4,,
block,target,2021,,48.0,,,,,29.0,0.39583333333333337,1d8b0e0dc0c696f5fdd491bde627749c841c63ce85282e5466f078e31563011a,,
block,target,2021,,3.0,,,,,3.0,0.0,4d8f15702a41028eaa4395f2e55e6192a690e16d9101865f5c0f6eed5eb6cdf2,,
block,target,2021,,233.0,,,,,180.0,0.22746781115879833,9b478b5b037362315054560c38dc71b8e5354fe52ad681cdd43288430308dfed,,
block,target,2021,,266.0,,,,,194.0,0.2706766917293233,056b70158855ed82f41196bf5d8f32283c593d7a1a66b68beb306a5b9820553d,,
block,target,2021,,47.0,,,,,33.0,0.2978723404255319,a011934e3de7ac06be47ff6ea243f22d7310085642a72557f2496f86e48a1a34,,
block,target,2021,,2.0,,,,,2.0,0.0,26cf946beb92bba4181344021a1262e33676e14cd1d041491127c630e008fd1b,,
block,target,2021,,123.0,,,,,102.0,0.1707317073170732,45b24b8bc480ce3752604ddfc77d25be9ac19d7dacfa45e98a152479680687fa,,
block,target,2021,,1.0,,,,,1.0,0.0,9b0eeba8cfb1689c74da2860d1aea589ccc211008b9272adf58a50475fdb1be2,,
block,target,2021,,36.0,,,,,34.0,0.05555555555555558,8497e746c990b12157c02ea96dbc4f8bff5302d848a08e5267d1bbed866677fd,,
block,target,2021,,358.0,,,,,303.0,0.15363128491620115,02e3748e2649f8d0dede049f9f9055f9860d56f7c8b00d256c6dac5e5e01189b,,
block,target,2021,,275.0,,,,,241.0,0.12363636363636366,5cc3feb31cab0671db3102c0f6538ffb085c4a7ca8fe8ef3afc0b29821cb8ce3,,
block,target,2021,,172.0,,,,,135.0,0.2151162790697675,d447f3757cac5492c16afa4231a32a0903c454408832b7488ec106eb71791e95,,
block,target,2021,,13.0,,,,,12.0,0.07692307692307687,62c4d71bcaa60795161f05335cecce2c16c0a1e64f7e2dcf67014ee47588c250,,
block,target,2021,,261.0,,,,,212.0,0.1877394636015326,e284458b413af369656c9d9201530be1520c22d2ca67bfc907317d7aaee2de5a,,
block,target,2021,,135.0,,,,,102.0,0.24444444444444446,56fee7a3a208003a5cf92097849ab0cb2f83393b0adaf661dc1d902fb1960f55,,
block,target,2021,,230.0,,,,,180.0,0.21739130434782605,917efd145700646a7de1ba77585c4993224d3b71aff9bf1d09bda99df2953924,,
block,target,2021,,253.0,,,,,175.0,0.308300395256917,06a656238d9bd6d16952f36592a27fc563368c8a6d7c356cdac3027f7287aad2,,
block,target,2021,,108.0,,,,,102.0,0.05555555555555558,5e9af3761335ba9082a5e1466ac976895f147845f54add1164d67731c91a3c2d,,
block,target,2021,,101.0,,,,,93.0,0.07920792079207917,a0e8acd5229f4dc058a940a186aaf7f85938a6047cc2606129cc69e4d5b32807,,
block,target,2021,,1.0,,,,,1.0,0.0,898919ca854fd3f98797363698baed120df7486195c8c5b43284903c10d416db,,
block,target,2021,,93.0,,,,,61.0,0.34408602150537637,00fd90a66792cc016f218457a4f686c91ac8a8d5284bb0abe37e71e2f1f71bac,,
block,target,2021,,151.0,,,,,108.0,0.2847682119205298,1b6b1324eef77b4453879de59a1d46b214beef17b5f8bf02a50bcaa795571181,,
qa_class,target,2021,,,,,,,,,,255.0,14547.0
qa_class,target,2021,,,,,,,,,,100.0,2917.0
qa_class,target,2021,,,,,,,,,,150.0,17.0
year,target,2022,1.0,22846.0,22843.0,22843.0,22843.0,18813.0,18813.0,0.1765298082815373,,,
block,target,2022,,8.0,,,,,7.0,0.125,b116e93e5683cff43fa8384d6b1737a5d04b3a20ad50cd6e448b41ebbf4f9202,,
block,target,2022,,134.0,,,,,107.0,0.20149253731343286,3274ad1e63802d7a7ad394e3a454c640b41bc6b0104e7fe70c614f46d92b663b,,
block,target,2022,,448.0,,,,,366.0,0.1830357142857143,c7c6ffe42cb1d8c1096e3d9e34eaaa9b068c7df7ab7d763ff8d39f164abf649a,,
block,target,2022,,137.0,,,,,104.0,0.24087591240875916,9c166406f026616618fe1e59c356dda2c1425f18daaabd0e4928bf7106d42e52,,
block,target,2022,,95.0,,,,,80.0,0.1578947368421053,fb6035c16eda29a4907e9e1af40c4ab52c86b4a0892e6b55d5a217b8eec3f56d,,
block,target,2022,,70.0,,,,,50.0,0.2857142857142857,2e3576f0ea3f69b659e1c48e96e2e94fdf32ac21644d3c82ec87d7bb9148f301,,
block,target,2022,,139.0,,,,,124.0,0.1079136690647482,f68d93717f66e51f52ca4f8be6de3dda31c14340b5559b00a00e54f6a987a593,,
block,target,2022,,515.0,,,,,456.0,0.11456310679611648,2f714b4bafcbc79bfa7c6c20498d50dfdd7e01ce637012e32ffd940b4f6bd646,,
block,target,2022,,162.0,,,,,126.0,0.2222222222222222,7daeaff5e438b8d0dc64c50823f48c6b296644727b31161164d349a60f12d2fe,,
block,target,2022,,618.0,,,,,502.0,0.18770226537216828,3b997c3732a7e35ec3ed70d05b29e483542a554b3c5d60255d3622f9aa703370,,
block,target,2022,,790.0,,,,,638.0,0.19240506329113927,24684a3f18af5fb8d3ff92ccaf2dca7fea5d8b7d1527f445ae505b6eb6d9ce82,,
block,target,2022,,78.0,,,,,68.0,0.1282051282051282,bd97946da715407a87f2a2898a27e182e5737e76ac31dd9b442d623e0fbab38b,,
block,target,2022,,119.0,,,,,104.0,0.12605042016806722,3b1490f5cdcacb9f6e5efda2ed924571a72b2747c7ed3cd28ed1ee2c40cab178,,
block,target,2022,,525.0,,,,,410.0,0.21904761904761905,af3a8f77bb12757a670ba2a682dd749d77b8ce0eed46c59f46503c00e0eef0d4,,
block,target,2022,,170.0,,,,,154.0,0.09411764705882353,2196d887006fa0ba2b7fe2c7bac71e3c64564e6b949ea071287a5906a7357ede,,
block,target,2022,,95.0,,,,,85.0,0.10526315789473684,313fdb41d64ecb292a6a8209f9dd03b3122e0fb72a55deefec7d142cee716faa,,
block,target,2022,,765.0,,,,,638.0,0.1660130718954248,0bc52443a3ae200070abf025102dc36a173139263c26d96e1aa4885bf3c9ef8b,,
block,target,2022,,810.0,,,,,633.0,0.21851851851851856,109fd96854b520700f2a7471650a2301bed42e1452dbfd1f46dc6c59daffeb3a,,
block,target,2022,,144.0,,,,,112.0,0.2222222222222222,8385527944b9bd66f28452e7dc40e15531de6223160d76b231b4fac790f7911b,,
block,target,2022,,85.0,,,,,65.0,0.23529411764705888,193ee9c9287914c20feb8e250cabc36fed374dd971df0e40805bdbe21338b44a,,
block,target,2022,,558.0,,,,,495.0,0.11290322580645162,cfce125556868dd205bdec1729e79851cfb88d7f0b4948c34002f2d94587ad97,,
block,target,2022,,332.0,,,,,283.0,0.14759036144578308,c842cad3927eee9a136e9ad8a5658dfcced9d807b9ab8da7176515379a6ac0ae,,
block,target,2022,,53.0,,,,,41.0,0.2264150943396226,db3b7b4242e3aed08e9e691acdd6bcab0c6ac0a0bfd44a059c2ae3489131763f,,
block,target,2022,,675.0,,,,,564.0,0.1644444444444444,021a65b5f6e762074090eafd31a69393f8e44f57ef475898a5ea9dd8efcaa459,,
block,target,2022,,650.0,,,,,534.0,0.17846153846153845,31882776acb1f5866f01f2ceae1d664b0d59fe866bcca8831f217079d3e8ccc4,,
block,target,2022,,132.0,,,,,119.0,0.09848484848484851,6e866887ee0ea0217dd8825c78c8c083e93392d3bd16d5c02531410ecc5f5c57,,
block,target,2022,,27.0,,,,,20.0,0.2592592592592593,66662252637e8681a7391f5c3357909229d7aa0e0034ba8d65881c8cc5ad2802,,
block,target,2022,,23.0,,,,,18.0,0.21739130434782605,1a21cafef8e12a49ff77d7f82cc9f28520bb7c20b6ab2e009a65ccf99b37a50c,,
block,target,2022,,60.0,,,,,57.0,0.050000000000000044,76e8380ed21879a2f7bb46f969719e77cf3b8bf74290c52faee4fdd75d49b7d7,,
block,target,2022,,485.0,,,,,437.0,0.09896907216494844,8e936d2d67fcef75ac0ccff923e182433980630634b2eb945de72376c514b8b4,,
block,target,2022,,334.0,,,,,279.0,0.16467065868263475,3f949cef11e10276b900b248596bd23fba152b4f3daeb971e4603aad3be57f7b,,
block,target,2022,,5.0,,,,,5.0,0.0,625390268fa9426193da7aa094e15c71f1f313a239107ffd8b38c3573a43cfda,,
block,target,2022,,156.0,,,,,128.0,0.17948717948717952,d656f93e8ec3b27f2ccc20e779bf71d11ed55ed583ea22c0a5eed4e1cc304729,,
block,target,2022,,26.0,,,,,19.0,0.2692307692307693,d47b4c7be0df9a398125806a744c6b5ae5269046a6e34a1d252d2091b4d7f2df,,
block,target,2022,,532.0,,,,,416.0,0.21804511278195493,461c638231977eb66c169caca2a39dee0e93fe6b7630d4d6c1cb5291669ec622,,
block,target,2022,,789.0,,,,,615.0,0.22053231939163498,2659b565db726080beb236b045ae72d37fc6019d3c2304da2c9344260b5ca2e6,,
block,target,2022,,198.0,,,,,169.0,0.14646464646464652,e9be0d06c8fdc04415d56fa59daa9346010e01224042ca4e58550d2f3337a1e3,,
block,target,2022,,1.0,,,,,0.0,1.0,7955bf6b00eea7e9e32d04c31bcefb427837e91d327d1dfbcb47a89788dbdf8c,,
block,target,2022,,30.0,,,,,22.0,0.2666666666666667,a3b661c8475c040ed5111f2b10826aabb1ca97db56e541edd493d7ab27a6eece,,
block,target,2022,,444.0,,,,,373.0,0.15990990990990994,845b102a953724266ef47368770e0eca31661800ef2115014a11ef3981a717bb,,
block,target,2022,,307.0,,,,,250.0,0.18566775244299671,71ff1306759394b9a83f09b645f32dab0cd0c8843091229c7af3fe5aa73785fd,,
block,target,2022,,16.0,,,,,13.0,0.1875,2fd2d803bc5e92114ef519b1770ad2006f03d754fd85f8346be72ab6c2c40ef4,,
block,target,2022,,207.0,,,,,133.0,0.35748792270531404,7b0c8338ddb806f97f2eca1c9de88925890f7640d12bdb3bd4604cce4a87a928,,
block,target,2022,,193.0,,,,,158.0,0.18134715025906734,f075fc86d8b8d6a89d89baff02b7686144c1e3ab73ae58c8f160bb654919b1fa,,
block,target,2022,,4.0,,,,,4.0,0.0,f4d5bbc0950051b803c56ded6613c5f6bb5362aa0c9529d98632bc2e4931d700,,
block,target,2022,,155.0,,,,,132.0,0.1483870967741936,d5de0bbb2e8da190c9768a52ab3e417f14e93f0c04b8caf9d6bc8c955dbc651b,,
block,target,2022,,846.0,,,,,717.0,0.15248226950354615,f280f0a16c8bddd4beedbd6684422cd2e4b908bb29d7885f6d7576b609d04745,,
block,target,2022,,852.0,,,,,721.0,0.153755868544601,b2d1d478c9cd3a732c0650799f7c3d2a338f4afadb7d93e7cd8965d2aec84a97,,
block,target,2022,,260.0,,,,,201.0,0.2269230769230769,f4274b39782cf02f1fe204e1c26709279fc88e6d68d0c9463fe98fff8e4388dd,,
block,target,2022,,18.0,,,,,13.0,0.2777777777777778,c691cb264ac3cfa6975255419d964726bf5967d992f4325ae2523e4658c59c11,,
block,target,2022,,242.0,,,,,170.0,0.2975206611570248,393e4a6a7f092214fe886764040e0cc8b3594c72b1b38e053a272279e3453a58,,
block,target,2022,,380.0,,,,,298.0,0.21578947368421053,e3a85b4869348e67cd9d7f5e206b41fd2bd878d5bc1dffc08b20c13038a638cd,,
block,target,2022,,220.0,,,,,188.0,0.1454545454545455,c9a84fe7e830d07cd6c6edb357a1161a43456ac8ae83ccd93bf3f99cf2cc19fb,,
block,target,2022,,17.0,,,,,16.0,0.05882352941176472,b226ebbd506ecb846f1f9f83e13c214f527bda9a49c0ccfad11e6336d9a0330c,,
block,target,2022,,31.0,,,,,28.0,0.09677419354838712,5ad1ae7cea647f073a362b2289401892d0c93137bdc1e50bdff5f7942f3ff3f5,,
block,target,2022,,374.0,,,,,331.0,0.11497326203208558,c6b0e8a90a70aade0ef3f6a67710e2a79a45a4fdd6a307bcfc770819a16c4acf,,
block,target,2022,,842.0,,,,,737.0,0.12470308788598572,b966ce51305f668727789a337b564f3dcccd9d504cc0d87493f22f3c52ee16cf,,
block,target,2022,,301.0,,,,,248.0,0.17607973421926915,438f158045b73e304a30d072f7e48623ecd17a1b609e15251fade1ce51ee917a,,
block,target,2022,,2.0,,,,,2.0,0.0,25fc4abe8a45aed0a77f73894cb14318c371fc36ca885210c78907d594c0db75,,
block,target,2022,,14.0,,,,,9.0,0.3571428571428571,11a06d81d132199eb3f19e6bacd2a6f2e0e1b915127a87c696d66d3dc8373bc4,,
block,target,2022,,387.0,,,,,296.0,0.23514211886304914,1d8b0e0dc0c696f5fdd491bde627749c841c63ce85282e5466f078e31563011a,,
block,target,2022,,577.0,,,,,466.0,0.19237435008665515,4d8f15702a41028eaa4395f2e55e6192a690e16d9101865f5c0f6eed5eb6cdf2,,
block,target,2022,,23.0,,,,,21.0,0.08695652173913049,9b478b5b037362315054560c38dc71b8e5354fe52ad681cdd43288430308dfed,,
block,target,2022,,308.0,,,,,273.0,0.11363636363636365,26cf946beb92bba4181344021a1262e33676e14cd1d041491127c630e008fd1b,,
block,target,2022,,982.0,,,,,833.0,0.15173116089613037,22c6b80832dfb6c00133ac8a9fcb898d1a848a7db37084df005c035986aa813d,,
block,target,2022,,403.0,,,,,351.0,0.12903225806451613,45b24b8bc480ce3752604ddfc77d25be9ac19d7dacfa45e98a152479680687fa,,
block,target,2022,,401.0,,,,,332.0,0.17206982543640903,8497e746c990b12157c02ea96dbc4f8bff5302d848a08e5267d1bbed866677fd,,
block,target,2022,,579.0,,,,,465.0,0.1968911917098446,02e3748e2649f8d0dede049f9f9055f9860d56f7c8b00d256c6dac5e5e01189b,,
block,target,2022,,70.0,,,,,62.0,0.11428571428571432,5cc3feb31cab0671db3102c0f6538ffb085c4a7ca8fe8ef3afc0b29821cb8ce3,,
block,target,2022,,291.0,,,,,220.0,0.24398625429553267,4a824d0d38a43dad35849fa50ff09946d0d973168e8ef3204877859865ef4e02,,
block,target,2022,,597.0,,,,,502.0,0.1591289782244556,3be3d2760549002cbceb4e1bd4b9a1dc27abceb5c1317b7ca4dbbbb4437cf342,,
block,target,2022,,401.0,,,,,342.0,0.1471321695760599,e284458b413af369656c9d9201530be1520c22d2ca67bfc907317d7aaee2de5a,,
block,target,2022,,505.0,,,,,402.0,0.20396039603960392,56fee7a3a208003a5cf92097849ab0cb2f83393b0adaf661dc1d902fb1960f55,,
block,target,2022,,49.0,,,,,34.0,0.30612244897959184,917efd145700646a7de1ba77585c4993224d3b71aff9bf1d09bda99df2953924,,
block,target,2022,,18.0,,,,,17.0,0.05555555555555558,a0e8acd5229f4dc058a940a186aaf7f85938a6047cc2606129cc69e4d5b32807,,
block,target,2022,,147.0,,,,,104.0,0.2925170068027211,6346e15494fac388d71097d52b7f1b2e04e5150f3458b634b26d3577ba431979,,
block,target,2022,,405.0,,,,,297.0,0.2666666666666667,898919ca854fd3f98797363698baed120df7486195c8c5b43284903c10d416db,,
block,target,2022,,5.0,,,,,4.0,0.19999999999999996,00fd90a66792cc016f218457a4f686c91ac8a8d5284bb0abe37e71e2f1f71bac,,
qa_class,target,2022,,,,,,,,,,255.0,18813.0
qa_class,target,2022,,,,,,,,,,100.0,4008.0
qa_class,target,2022,,,,,,,,,,150.0,22.0
year,target,2023,1.0,6191.0,6191.0,6191.0,6191.0,5715.0,5715.0,0.07688580197060246,,,
block,target,2023,,19.0,,,,,16.0,0.1578947368421053,9c166406f026616618fe1e59c356dda2c1425f18daaabd0e4928bf7106d42e52,,
block,target,2023,,95.0,,,,,93.0,0.021052631578947323,6849010f85badeea0d56774b752d2b82a577bddb11e8c662b3bb4eddc99cf804,,
block,target,2023,,27.0,,,,,26.0,0.03703703703703709,f250f3809f05bc0db76d66f172b6092a072c324856028c565761c660125c1112,,
block,target,2023,,235.0,,,,,228.0,0.029787234042553234,7daeaff5e438b8d0dc64c50823f48c6b296644727b31161164d349a60f12d2fe,,
block,target,2023,,105.0,,,,,98.0,0.06666666666666665,216991cd9cac17259467011af92cef63cec12e861c5d11f48a2440c9ff6220b6,,
block,target,2023,,92.0,,,,,89.0,0.03260869565217395,3b1490f5cdcacb9f6e5efda2ed924571a72b2747c7ed3cd28ed1ee2c40cab178,,
block,target,2023,,490.0,,,,,437.0,0.10816326530612241,af3a8f77bb12757a670ba2a682dd749d77b8ce0eed46c59f46503c00e0eef0d4,,
block,target,2023,,59.0,,,,,58.0,0.016949152542372836,2196d887006fa0ba2b7fe2c7bac71e3c64564e6b949ea071287a5906a7357ede,,
block,target,2023,,115.0,,,,,111.0,0.034782608695652195,3af24533ca1f431676d51ff27804f5079dfe753ba1ee575cfe2d09ce0a235ad5,,
block,target,2023,,517.0,,,,,498.0,0.03675048355899424,de231d2d7002a9272742d0fbbf3750df622d05d622ae4c6fc7055cd2e178abfe,,
block,target,2023,,254.0,,,,,246.0,0.03149606299212604,193ee9c9287914c20feb8e250cabc36fed374dd971df0e40805bdbe21338b44a,,
block,target,2023,,18.0,,,,,16.0,0.11111111111111116,c842cad3927eee9a136e9ad8a5658dfcced9d807b9ab8da7176515379a6ac0ae,,
block,target,2023,,385.0,,,,,356.0,0.07532467532467535,c96c9ba682222b61befa70c34a756052646a90937d95332404f3a49646a1f216,,
block,target,2023,,53.0,,,,,38.0,0.28301886792452835,0120c711396fbeae6fc6dae2a5b5d8c03b6b8daa47dcf660fe486a5601b0d6b8,,
block,target,2023,,116.0,,,,,113.0,0.025862068965517238,31882776acb1f5866f01f2ceae1d664b0d59fe866bcca8831f217079d3e8ccc4,,
block,target,2023,,521.0,,,,,489.0,0.06142034548944342,6e866887ee0ea0217dd8825c78c8c083e93392d3bd16d5c02531410ecc5f5c57,,
block,target,2023,,258.0,,,,,238.0,0.07751937984496127,66662252637e8681a7391f5c3357909229d7aa0e0034ba8d65881c8cc5ad2802,,
block,target,2023,,58.0,,,,,45.0,0.22413793103448276,3f949cef11e10276b900b248596bd23fba152b4f3daeb971e4603aad3be57f7b,,
block,target,2023,,99.0,,,,,77.0,0.2222222222222222,625390268fa9426193da7aa094e15c71f1f313a239107ffd8b38c3573a43cfda,,
block,target,2023,,161.0,,,,,143.0,0.11180124223602483,d47b4c7be0df9a398125806a744c6b5ae5269046a6e34a1d252d2091b4d7f2df,,
block,target,2023,,566.0,,,,,514.0,0.09187279151943462,461c638231977eb66c169caca2a39dee0e93fe6b7630d4d6c1cb5291669ec622,,
block,target,2023,,190.0,,,,,168.0,0.11578947368421055,2659b565db726080beb236b045ae72d37fc6019d3c2304da2c9344260b5ca2e6,,
block,target,2023,,193.0,,,,,160.0,0.17098445595854928,2fd2d803bc5e92114ef519b1770ad2006f03d754fd85f8346be72ab6c2c40ef4,,
block,target,2023,,167.0,,,,,154.0,0.07784431137724546,f4d5bbc0950051b803c56ded6613c5f6bb5362aa0c9529d98632bc2e4931d700,,
block,target,2023,,427.0,,,,,382.0,0.1053864168618267,2782e0c149d9cdc6112c86e29f3b2ae7a0362e05b7d3c1c4b428fde982945426,,
block,target,2023,,142.0,,,,,137.0,0.035211267605633756,d5de0bbb2e8da190c9768a52ab3e417f14e93f0c04b8caf9d6bc8c955dbc651b,,
block,target,2023,,162.0,,,,,154.0,0.04938271604938271,e3a85b4869348e67cd9d7f5e206b41fd2bd878d5bc1dffc08b20c13038a638cd,,
block,target,2023,,474.0,,,,,445.0,0.06118143459915615,c9a84fe7e830d07cd6c6edb357a1161a43456ac8ae83ccd93bf3f99cf2cc19fb,,
block,target,2023,,128.0,,,,,123.0,0.0390625,b4034a8875655cd15e50eaa490fb261f233ea22b565e09015a939db97889ab67,,
block,target,2023,,11.0,,,,,11.0,0.0,11a06d81d132199eb3f19e6bacd2a6f2e0e1b915127a87c696d66d3dc8373bc4,,
block,target,2023,,54.0,,,,,52.0,0.03703703703703709,1d8b0e0dc0c696f5fdd491bde627749c841c63ce85282e5466f078e31563011a,,
qa_class,target,2023,,,,,,,,,,1.0,5715.0
qa_class,target,2023,,,,,,,,,,2.0,265.0
qa_class,target,2023,,,,,,,,,,3.0,211.0
year,target,2024,1.0,29713.0,29710.0,29710.0,29710.0,24654.0,24654.0,0.17026217480564065,,,
block,target,2024,,21.0,,,,,15.0,0.2857142857142857,4153b7366288cf900c3e3c0c6b9dae12f1a6ccd038435b2466866978dc643e00,,
block,target,2024,,243.0,,,,,191.0,0.21399176954732513,8faf3625e914ee5e743f7cee0afd61bb868a347b094e55716d5e1ae967886971,,
block,target,2024,,103.0,,,,,81.0,0.21359223300970875,3274ad1e63802d7a7ad394e3a454c640b41bc6b0104e7fe70c614f46d92b663b,,
block,target,2024,,96.0,,,,,95.0,0.01041666666666663,6849010f85badeea0d56774b752d2b82a577bddb11e8c662b3bb4eddc99cf804,,
block,target,2024,,20.0,,,,,19.0,0.050000000000000044,f250f3809f05bc0db76d66f172b6092a072c324856028c565761c660125c1112,,
block,target,2024,,1.0,,,,,1.0,0.0,2e3576f0ea3f69b659e1c48e96e2e94fdf32ac21644d3c82ec87d7bb9148f301,,
block,target,2024,,245.0,,,,,186.0,0.24081632653061225,4078fcd04766a4073454342e6541ce0c55199f1a184ca5523bab52488ea76b82,,
block,target,2024,,747.0,,,,,619.0,0.17135207496653282,814d0e1eac17e293159102341d2df5620b8a5257849ecc90dc57e40173dae0e8,,
block,target,2024,,144.0,,,,,108.0,0.25,f68d93717f66e51f52ca4f8be6de3dda31c14340b5559b00a00e54f6a987a593,,
block,target,2024,,281.0,,,,,256.0,0.08896797153024916,2f714b4bafcbc79bfa7c6c20498d50dfdd7e01ce637012e32ffd940b4f6bd646,,
block,target,2024,,573.0,,,,,449.0,0.21640488656195467,7daeaff5e438b8d0dc64c50823f48c6b296644727b31161164d349a60f12d2fe,,
block,target,2024,,34.0,,,,,30.0,0.11764705882352944,216991cd9cac17259467011af92cef63cec12e861c5d11f48a2440c9ff6220b6,,
block,target,2024,,247.0,,,,,210.0,0.1497975708502024,3b997c3732a7e35ec3ed70d05b29e483542a554b3c5d60255d3622f9aa703370,,
block,target,2024,,50.0,,,,,42.0,0.16000000000000003,24684a3f18af5fb8d3ff92ccaf2dca7fea5d8b7d1527f445ae505b6eb6d9ce82,,
block,target,2024,,213.0,,,,,172.0,0.19248826291079812,ad0c99797b2fcfe09ff409c2260e02da0e3a2e96d45ca1b4f8d6741767e5db25,,
block,target,2024,,919.0,,,,,798.0,0.1316648531011969,766912eb835050c3947dff278da880fbe277c7a1c2e1a3f7302ab5e0eb50b52a,,
block,target,2024,,812.0,,,,,686.0,0.15517241379310343,3b1490f5cdcacb9f6e5efda2ed924571a72b2747c7ed3cd28ed1ee2c40cab178,,
block,target,2024,,85.0,,,,,65.0,0.23529411764705888,af3a8f77bb12757a670ba2a682dd749d77b8ce0eed46c59f46503c00e0eef0d4,,
block,target,2024,,30.0,,,,,22.0,0.2666666666666667,2196d887006fa0ba2b7fe2c7bac71e3c64564e6b949ea071287a5906a7357ede,,
block,target,2024,,111.0,,,,,88.0,0.2072072072072072,617e5659281dc02918d7c119edbebe0c904fba4cddbfe53024ecac3897d46f2d,,
block,target,2024,,36.0,,,,,22.0,0.38888888888888884,759c541a54bca78b171d39e306e95ec5898958ce9e514b9ab6f980858d05d17c,,
block,target,2024,,321.0,,,,,258.0,0.19626168224299068,313fdb41d64ecb292a6a8209f9dd03b3122e0fb72a55deefec7d142cee716faa,,
block,target,2024,,524.0,,,,,450.0,0.14122137404580148,0bc52443a3ae200070abf025102dc36a173139263c26d96e1aa4885bf3c9ef8b,,
block,target,2024,,78.0,,,,,67.0,0.14102564102564108,109fd96854b520700f2a7471650a2301bed42e1452dbfd1f46dc6c59daffeb3a,,
block,target,2024,,346.0,,,,,294.0,0.1502890173410405,8385527944b9bd66f28452e7dc40e15531de6223160d76b231b4fac790f7911b,,
block,target,2024,,735.0,,,,,650.0,0.11564625850340138,3af24533ca1f431676d51ff27804f5079dfe753ba1ee575cfe2d09ce0a235ad5,,
block,target,2024,,888.0,,,,,744.0,0.16216216216216217,de231d2d7002a9272742d0fbbf3750df622d05d622ae4c6fc7055cd2e178abfe,,
block,target,2024,,328.0,,,,,258.0,0.21341463414634143,193ee9c9287914c20feb8e250cabc36fed374dd971df0e40805bdbe21338b44a,,
block,target,2024,,14.0,,,,,11.0,0.2142857142857143,cfce125556868dd205bdec1729e79851cfb88d7f0b4948c34002f2d94587ad97,,
block,target,2024,,91.0,,,,,72.0,0.20879120879120883,c842cad3927eee9a136e9ad8a5658dfcced9d807b9ab8da7176515379a6ac0ae,,
block,target,2024,,443.0,,,,,364.0,0.17832957110609482,c96c9ba682222b61befa70c34a756052646a90937d95332404f3a49646a1f216,,
block,target,2024,,50.0,,,,,37.0,0.26,0120c711396fbeae6fc6dae2a5b5d8c03b6b8daa47dcf660fe486a5601b0d6b8,,
block,target,2024,,1.0,,,,,1.0,0.0,ec9330902635975dfd05ef559ccb660dbd3f0958ed899c2714a0d5c378a796ed,,
block,target,2024,,197.0,,,,,143.0,0.2741116751269036,5b4b23db57e9debf91b2e3c514cbb62585afe2c7308f95ca7a99fb0f322eddf5,,
block,target,2024,,49.0,,,,,41.0,0.16326530612244894,c1a8d46531a288d5b37c30c7c5cd50f91e5b89790e6a2f88098652d9b707c76e,,
block,target,2024,,277.0,,,,,205.0,0.25992779783393505,db3b7b4242e3aed08e9e691acdd6bcab0c6ac0a0bfd44a059c2ae3489131763f,,
block,target,2024,,893.0,,,,,739.0,0.17245240761478164,021a65b5f6e762074090eafd31a69393f8e44f57ef475898a5ea9dd8efcaa459,,
block,target,2024,,514.0,,,,,456.0,0.11284046692607008,31882776acb1f5866f01f2ceae1d664b0d59fe866bcca8831f217079d3e8ccc4,,
block,target,2024,,54.0,,,,,41.0,0.2407407407407407,6e866887ee0ea0217dd8825c78c8c083e93392d3bd16d5c02531410ecc5f5c57,,
block,target,2024,,155.0,,,,,127.0,0.1806451612903226,66662252637e8681a7391f5c3357909229d7aa0e0034ba8d65881c8cc5ad2802,,
block,target,2024,,910.0,,,,,728.0,0.19999999999999996,1a21cafef8e12a49ff77d7f82cc9f28520bb7c20b6ab2e009a65ccf99b37a50c,,
block,target,2024,,497.0,,,,,453.0,0.08853118712273644,76e8380ed21879a2f7bb46f969719e77cf3b8bf74290c52faee4fdd75d49b7d7,,
block,target,2024,,524.0,,,,,464.0,0.1145038167938931,8e936d2d67fcef75ac0ccff923e182433980630634b2eb945de72376c514b8b4,,
block,target,2024,,304.0,,,,,227.0,0.2532894736842105,3f949cef11e10276b900b248596bd23fba152b4f3daeb971e4603aad3be57f7b,,
block,target,2024,,66.0,,,,,47.0,0.28787878787878785,aafd6ca8acbb97add365cc572ddf67b50741ff9ac3ccb91248edd9995f8df266,,
block,target,2024,,440.0,,,,,391.0,0.11136363636363633,8346076c330c099bd00f5c582a6a84b8b2771d4b511539919b0c03f05471d16e,,
block,target,2024,,599.0,,,,,478.0,0.20200333889816358,d47b4c7be0df9a398125806a744c6b5ae5269046a6e34a1d252d2091b4d7f2df,,
block,target,2024,,572.0,,,,,435.0,0.23951048951048948,461c638231977eb66c169caca2a39dee0e93fe6b7630d4d6c1cb5291669ec622,,
block,target,2024,,159.0,,,,,127.0,0.20125786163522008,2659b565db726080beb236b045ae72d37fc6019d3c2304da2c9344260b5ca2e6,,
block,target,2024,,224.0,,,,,185.0,0.1741071428571429,7955bf6b00eea7e9e32d04c31bcefb427837e91d327d1dfbcb47a89788dbdf8c,,
block,target,2024,,1291.0,,,,,1069.0,0.17195972114639813,e5c2a232d43670799ca18381946a250504fd10cceb6558678309318f16149b55,,
block,target,2024,,756.0,,,,,623.0,0.17592592592592593,a3b661c8475c040ed5111f2b10826aabb1ca97db56e541edd493d7ab27a6eece,,
block,target,2024,,25.0,,,,,17.0,0.31999999999999995,845b102a953724266ef47368770e0eca31661800ef2115014a11ef3981a717bb,,
block,target,2024,,250.0,,,,,226.0,0.09599999999999997,f075fc86d8b8d6a89d89baff02b7686144c1e3ab73ae58c8f160bb654919b1fa,,
block,target,2024,,401.0,,,,,339.0,0.15461346633416462,f4d5bbc0950051b803c56ded6613c5f6bb5362aa0c9529d98632bc2e4931d700,,
block,target,2024,,110.0,,,,,99.0,0.09999999999999998,2782e0c149d9cdc6112c86e29f3b2ae7a0362e05b7d3c1c4b428fde982945426,,
block,target,2024,,273.0,,,,,231.0,0.15384615384615385,d5de0bbb2e8da190c9768a52ab3e417f14e93f0c04b8caf9d6bc8c955dbc651b,,
block,target,2024,,547.0,,,,,468.0,0.1444241316270567,f280f0a16c8bddd4beedbd6684422cd2e4b908bb29d7885f6d7576b609d04745,,
block,target,2024,,302.0,,,,,247.0,0.1821192052980133,b2d1d478c9cd3a732c0650799f7c3d2a338f4afadb7d93e7cd8965d2aec84a97,,
block,target,2024,,520.0,,,,,441.0,0.15192307692307694,f4274b39782cf02f1fe204e1c26709279fc88e6d68d0c9463fe98fff8e4388dd,,
block,target,2024,,267.0,,,,,212.0,0.20599250936329583,c8fe93cb431dad5c890a44fdad2d625620bad047fc86da07e74945e58fcdc53f,,
block,target,2024,,625.0,,,,,548.0,0.12319999999999998,4720efd33d90cff9afe523be490ab2ddace830df35cdbf03588a4a8ce72d400d,,
block,target,2024,,366.0,,,,,298.0,0.18579234972677594,c691cb264ac3cfa6975255419d964726bf5967d992f4325ae2523e4658c59c11,,
block,target,2024,,8.0,,,,,4.0,0.5,393e4a6a7f092214fe886764040e0cc8b3594c72b1b38e053a272279e3453a58,,
block,target,2024,,96.0,,,,,78.0,0.1875,e3a85b4869348e67cd9d7f5e206b41fd2bd878d5bc1dffc08b20c13038a638cd,,
block,target,2024,,18.0,,,,,17.0,0.05555555555555558,c9a84fe7e830d07cd6c6edb357a1161a43456ac8ae83ccd93bf3f99cf2cc19fb,,
block,target,2024,,215.0,,,,,182.0,0.15348837209302324,b4034a8875655cd15e50eaa490fb261f233ea22b565e09015a939db97889ab67,,
block,target,2024,,147.0,,,,,130.0,0.11564625850340138,b226ebbd506ecb846f1f9f83e13c214f527bda9a49c0ccfad11e6336d9a0330c,,
block,target,2024,,262.0,,,,,212.0,0.19083969465648853,5ad1ae7cea647f073a362b2289401892d0c93137bdc1e50bdff5f7942f3ff3f5,,
block,target,2024,,858.0,,,,,696.0,0.18881118881118886,c6b0e8a90a70aade0ef3f6a67710e2a79a45a4fdd6a307bcfc770819a16c4acf,,
block,target,2024,,341.0,,,,,298.0,0.12609970674486803,b966ce51305f668727789a337b564f3dcccd9d504cc0d87493f22f3c52ee16cf,,
block,target,2024,,254.0,,,,,208.0,0.18110236220472442,37e061fbc08470b17bb632243a192ffaba9f35ee2a30149f0201cdafeb34a65c,,
block,target,2024,,23.0,,,,,16.0,0.30434782608695654,8593baa26a8c21f9ee721547457cc658e41e2d8f4dccb461d2c58c9a36a4f652,,
block,target,2024,,97.0,,,,,67.0,0.30927835051546393,1d8b0e0dc0c696f5fdd491bde627749c841c63ce85282e5466f078e31563011a,,
block,target,2024,,45.0,,,,,41.0,0.0888888888888889,4d8f15702a41028eaa4395f2e55e6192a690e16d9101865f5c0f6eed5eb6cdf2,,
block,target,2024,,230.0,,,,,181.0,0.21304347826086956,9b478b5b037362315054560c38dc71b8e5354fe52ad681cdd43288430308dfed,,
block,target,2024,,673.0,,,,,561.0,0.16641901931649328,056b70158855ed82f41196bf5d8f32283c593d7a1a66b68beb306a5b9820553d,,
block,target,2024,,309.0,,,,,239.0,0.22653721682847894,a011934e3de7ac06be47ff6ea243f22d7310085642a72557f2496f86e48a1a34,,
block,target,2024,,509.0,,,,,439.0,0.13752455795677798,26cf946beb92bba4181344021a1262e33676e14cd1d041491127c630e008fd1b,,
block,target,2024,,278.0,,,,,226.0,0.18705035971223016,22c6b80832dfb6c00133ac8a9fcb898d1a848a7db37084df005c035986aa813d,,
block,target,2024,,108.0,,,,,93.0,0.13888888888888884,8497e746c990b12157c02ea96dbc4f8bff5302d848a08e5267d1bbed866677fd,,
block,target,2024,,540.0,,,,,458.0,0.1518518518518519,02e3748e2649f8d0dede049f9f9055f9860d56f7c8b00d256c6dac5e5e01189b,,
block,target,2024,,261.0,,,,,207.0,0.2068965517241379,5cc3feb31cab0671db3102c0f6538ffb085c4a7ca8fe8ef3afc0b29821cb8ce3,,
block,target,2024,,270.0,,,,,218.0,0.19259259259259254,d447f3757cac5492c16afa4231a32a0903c454408832b7488ec106eb71791e95,,
block,target,2024,,183.0,,,,,148.0,0.1912568306010929,62c4d71bcaa60795161f05335cecce2c16c0a1e64f7e2dcf67014ee47588c250,,
block,target,2024,,531.0,,,,,423.0,0.2033898305084746,4a824d0d38a43dad35849fa50ff09946d0d973168e8ef3204877859865ef4e02,,
block,target,2024,,387.0,,,,,310.0,0.1989664082687338,3be3d2760549002cbceb4e1bd4b9a1dc27abceb5c1317b7ca4dbbbb4437cf342,,
block,target,2024,,1.0,,,,,1.0,0.0,8aad5493f65fbfa3ddac91597d6e8023b50ea0735f1756116a32e96dcbab238c,,
block,target,2024,,104.0,,,,,91.0,0.125,e284458b413af369656c9d9201530be1520c22d2ca67bfc907317d7aaee2de5a,,
block,target,2024,,38.0,,,,,27.0,0.2894736842105263,917efd145700646a7de1ba77585c4993224d3b71aff9bf1d09bda99df2953924,,
block,target,2024,,480.0,,,,,401.0,0.1645833333333333,06a656238d9bd6d16952f36592a27fc563368c8a6d7c356cdac3027f7287aad2,,
block,target,2024,,766.0,,,,,656.0,0.14360313315926898,5e9af3761335ba9082a5e1466ac976895f147845f54add1164d67731c91a3c2d,,
block,target,2024,,279.0,,,,,248.0,0.11111111111111116,a0e8acd5229f4dc058a940a186aaf7f85938a6047cc2606129cc69e4d5b32807,,
block,target,2024,,93.0,,,,,74.0,0.20430107526881724,00fd90a66792cc016f218457a4f686c91ac8a8d5284bb0abe37e71e2f1f71bac,,
block,target,2024,,308.0,,,,,234.0,0.24025974025974028,1b6b1324eef77b4453879de59a1d46b214beef17b5f8bf02a50bcaa795571181,,
block,target,2024,,4.0,,,,,4.0,0.0,94b8b7a1e18eb8d11e4c6e09a464f1657729212238c722480a7521cfc0a51ac2,,
qa_class,target,2024,,,,,,,,,,255.0,24654.0
qa_class,target,2024,,,,,,,,,,100.0,5023.0
qa_class,target,2024,,,,,,,,,,150.0,33.0
